solid Mesh
  facet normal 0.999762 0.0218137 0
    outer loop
      vertex -20 -69.3649 -2.5
      vertex -20 -69.3649 2.5
      vertex -19.981 -70.2373 -2.5
    endloop
  endfacet
  facet normal 0.999762 0.0218137 0
    outer loop
      vertex -20 -69.3649 2.5
      vertex -19.981 -70.2373 2.5
      vertex -19.981 -70.2373 -2.5
    endloop
  endfacet
  facet normal 0.997859 0.0654043 0
    outer loop
      vertex -19.981 -70.2373 -2.5
      vertex -19.981 -70.2373 2.5
      vertex -19.9239 -71.108 -2.5
    endloop
  endfacet
  facet normal 0.997859 0.0654043 0
    outer loop
      vertex -19.981 -70.2373 2.5
      vertex -19.9239 -71.108 2.5
      vertex -19.9239 -71.108 -2.5
    endloop
  endfacet
  facet normal 0.994056 0.108867 0
    outer loop
      vertex -19.9239 -71.108 -2.5
      vertex -19.9239 -71.108 2.5
      vertex -19.8289 -71.9754 -2.5
    endloop
  endfacet
  facet normal 0.994056 0.108867 0
    outer loop
      vertex -19.9239 -71.108 2.5
      vertex -19.8289 -71.9754 2.5
      vertex -19.8289 -71.9754 -2.5
    endloop
  endfacet
  facet normal 0.988362 0.152122 0
    outer loop
      vertex -19.8289 -71.9754 -2.5
      vertex -19.8289 -71.9754 2.5
      vertex -19.6962 -72.8379 -2.5
    endloop
  endfacet
  facet normal 0.988362 0.152122 0
    outer loop
      vertex -19.8289 -71.9754 2.5
      vertex -19.6962 -72.8379 2.5
      vertex -19.6962 -72.8379 -2.5
    endloop
  endfacet
  facet normal 0.980785 0.195091 0
    outer loop
      vertex -19.6962 -72.8379 -2.5
      vertex -19.6962 -72.8379 2.5
      vertex -19.5259 -73.6937 -2.5
    endloop
  endfacet
  facet normal 0.980785 0.195091 0
    outer loop
      vertex -19.6962 -72.8379 2.5
      vertex -19.5259 -73.6937 2.5
      vertex -19.5259 -73.6937 -2.5
    endloop
  endfacet
  facet normal 0.971342 0.237685 0
    outer loop
      vertex -19.5259 -73.6937 -2.5
      vertex -19.5259 -73.6937 2.5
      vertex -19.3185 -74.5413 -2.5
    endloop
  endfacet
  facet normal 0.971342 0.237685 0
    outer loop
      vertex -19.5259 -73.6937 2.5
      vertex -19.3185 -74.5413 2.5
      vertex -19.3185 -74.5413 -2.5
    endloop
  endfacet
  facet normal 0.96005 0.279829 0
    outer loop
      vertex -19.3185 -74.5413 -2.5
      vertex -19.3185 -74.5413 2.5
      vertex -19.0743 -75.379 -2.5
    endloop
  endfacet
  facet normal 0.96005 0.279829 0
    outer loop
      vertex -19.3185 -74.5413 2.5
      vertex -19.0743 -75.379 2.5
      vertex -19.0743 -75.379 -2.5
    endloop
  endfacet
  facet normal 0.94693 0.32144 0
    outer loop
      vertex -19.0743 -75.379 -2.5
      vertex -19.0743 -75.379 2.5
      vertex -18.7939 -76.2053 -2.5
    endloop
  endfacet
  facet normal 0.94693 0.32144 0
    outer loop
      vertex -19.0743 -75.379 2.5
      vertex -18.7939 -76.2053 2.5
      vertex -18.7939 -76.2053 -2.5
    endloop
  endfacet
  facet normal 0.932008 0.362438 0
    outer loop
      vertex -18.7939 -76.2053 -2.5
      vertex -18.7939 -76.2053 2.5
      vertex -18.4776 -77.0186 -2.5
    endloop
  endfacet
  facet normal 0.932008 0.362438 0
    outer loop
      vertex -18.7939 -76.2053 2.5
      vertex -18.4776 -77.0186 2.5
      vertex -18.4776 -77.0186 -2.5
    endloop
  endfacet
  facet normal 0.915311 0.402747 0
    outer loop
      vertex -18.4776 -77.0186 -2.5
      vertex -18.4776 -77.0186 2.5
      vertex -18.1262 -77.8173 -2.5
    endloop
  endfacet
  facet normal 0.915311 0.402747 0
    outer loop
      vertex -18.4776 -77.0186 2.5
      vertex -18.1262 -77.8173 2.5
      vertex -18.1262 -77.8173 -2.5
    endloop
  endfacet
  facet normal 0.896873 0.442289 0
    outer loop
      vertex -18.1262 -77.8173 -2.5
      vertex -18.1262 -77.8173 2.5
      vertex -17.7402 -78.5999 -2.5
    endloop
  endfacet
  facet normal 0.896873 0.442289 0
    outer loop
      vertex -18.1262 -77.8173 2.5
      vertex -17.7402 -78.5999 2.5
      vertex -17.7402 -78.5999 -2.5
    endloop
  endfacet
  facet normal 0.876726 0.480989 0
    outer loop
      vertex -17.7402 -78.5999 -2.5
      vertex -17.7402 -78.5999 2.5
      vertex -17.3205 -79.3649 -2.5
    endloop
  endfacet
  facet normal 0.876726 0.480989 0
    outer loop
      vertex -17.7402 -78.5999 2.5
      vertex -17.3205 -79.3649 2.5
      vertex -17.3205 -79.3649 -2.5
    endloop
  endfacet
  facet normal 0.854911 0.518774 0
    outer loop
      vertex -17.3205 -79.3649 -2.5
      vertex -17.3205 -79.3649 2.5
      vertex -16.8678 -80.1109 -2.5
    endloop
  endfacet
  facet normal 0.854911 0.518774 0
    outer loop
      vertex -17.3205 -79.3649 2.5
      vertex -16.8678 -80.1109 2.5
      vertex -16.8678 -80.1109 -2.5
    endloop
  endfacet
  facet normal 0.83147 0.55557 0
    outer loop
      vertex -16.8678 -80.1109 -2.5
      vertex -16.8678 -80.1109 2.5
      vertex -16.383 -80.8364 -2.5
    endloop
  endfacet
  facet normal 0.83147 0.55557 0
    outer loop
      vertex -16.8678 -80.1109 2.5
      vertex -16.383 -80.8364 2.5
      vertex -16.383 -80.8364 -2.5
    endloop
  endfacet
  facet normal 0.806445 0.591309 0
    outer loop
      vertex -16.383 -80.8364 -2.5
      vertex -16.383 -80.8364 2.5
      vertex -15.8671 -81.5401 -2.5
    endloop
  endfacet
  facet normal 0.806445 0.591309 0
    outer loop
      vertex -16.383 -80.8364 2.5
      vertex -15.8671 -81.5401 2.5
      vertex -15.8671 -81.5401 -2.5
    endloop
  endfacet
  facet normal 0.779883 0.625925 0
    outer loop
      vertex -15.8671 -81.5401 -2.5
      vertex -15.8671 -81.5401 2.5
      vertex -15.3209 -82.2207 -2.5
    endloop
  endfacet
  facet normal 0.779883 0.625925 0
    outer loop
      vertex -15.8671 -81.5401 2.5
      vertex -15.3209 -82.2207 2.5
      vertex -15.3209 -82.2207 -2.5
    endloop
  endfacet
  facet normal 0.75184 0.659345 0
    outer loop
      vertex -15.3209 -82.2207 -2.5
      vertex -15.3209 -82.2207 2.5
      vertex -14.7455 -82.8767 -2.5
    endloop
  endfacet
  facet normal 0.75184 0.659345 0
    outer loop
      vertex -15.3209 -82.2207 2.5
      vertex -14.7455 -82.8767 2.5
      vertex -14.7455 -82.8767 -2.5
    endloop
  endfacet
  facet normal 0.722365 0.691512 0
    outer loop
      vertex -14.7455 -82.8767 -2.5
      vertex -14.7455 -82.8767 2.5
      vertex -14.1421 -83.5071 -2.5
    endloop
  endfacet
  facet normal 0.722365 0.691512 0
    outer loop
      vertex -14.7455 -82.8767 2.5
      vertex -14.1421 -83.5071 2.5
      vertex -14.1421 -83.5071 -2.5
    endloop
  endfacet
  facet normal 0.691511 0.722366 0
    outer loop
      vertex -14.1421 -83.5071 -2.5
      vertex -14.1421 -83.5071 2.5
      vertex -13.5118 -84.1105 -2.5
    endloop
  endfacet
  facet normal 0.691511 0.722366 0
    outer loop
      vertex -14.1421 -83.5071 2.5
      vertex -13.5118 -84.1105 2.5
      vertex -13.5118 -84.1105 -2.5
    endloop
  endfacet
  facet normal 0.659345 0.75184 0
    outer loop
      vertex -13.5118 -84.1105 -2.5
      vertex -13.5118 -84.1105 2.5
      vertex -12.8558 -84.6858 -2.5
    endloop
  endfacet
  facet normal 0.659345 0.75184 0
    outer loop
      vertex -13.5118 -84.1105 2.5
      vertex -12.8558 -84.6858 2.5
      vertex -12.8558 -84.6858 -2.5
    endloop
  endfacet
  facet normal 0.625925 0.779884 0
    outer loop
      vertex -12.8558 -84.6858 -2.5
      vertex -12.8558 -84.6858 2.5
      vertex -12.1752 -85.232 -2.5
    endloop
  endfacet
  facet normal 0.625925 0.779884 0
    outer loop
      vertex -12.8558 -84.6858 2.5
      vertex -12.1752 -85.232 2.5
      vertex -12.1752 -85.232 -2.5
    endloop
  endfacet
  facet normal 0.59131 0.806444 0
    outer loop
      vertex -12.1752 -85.232 -2.5
      vertex -12.1752 -85.232 2.5
      vertex -11.4715 -85.748 -2.5
    endloop
  endfacet
  facet normal 0.59131 0.806444 0
    outer loop
      vertex -12.1752 -85.232 2.5
      vertex -11.4715 -85.748 2.5
      vertex -11.4715 -85.748 -2.5
    endloop
  endfacet
  facet normal 0.555569 0.83147 0
    outer loop
      vertex -11.4715 -85.748 -2.5
      vertex -11.4715 -85.748 2.5
      vertex -10.746 -86.2327 -2.5
    endloop
  endfacet
  facet normal 0.555569 0.83147 0
    outer loop
      vertex -11.4715 -85.748 2.5
      vertex -10.746 -86.2327 2.5
      vertex -10.746 -86.2327 -2.5
    endloop
  endfacet
  facet normal 0.518776 0.85491 0
    outer loop
      vertex -10.746 -86.2327 -2.5
      vertex -10.746 -86.2327 2.5
      vertex -10 -86.6854 -2.5
    endloop
  endfacet
  facet normal 0.518776 0.85491 0
    outer loop
      vertex -10.746 -86.2327 2.5
      vertex -10 -86.6854 2.5
      vertex -10 -86.6854 -2.5
    endloop
  endfacet
  facet normal 0.480987 0.876728 0
    outer loop
      vertex -10 -86.6854 -2.5
      vertex -10 -86.6854 2.5
      vertex -9.23497 -87.1051 -2.5
    endloop
  endfacet
  facet normal 0.480987 0.876728 0
    outer loop
      vertex -10 -86.6854 2.5
      vertex -9.23497 -87.1051 2.5
      vertex -9.23497 -87.1051 -2.5
    endloop
  endfacet
  facet normal 0.44229 0.896872 0
    outer loop
      vertex -9.23497 -87.1051 -2.5
      vertex -9.23497 -87.1051 2.5
      vertex -8.45237 -87.4911 -2.5
    endloop
  endfacet
  facet normal 0.44229 0.896872 0
    outer loop
      vertex -9.23497 -87.1051 2.5
      vertex -8.45237 -87.4911 2.5
      vertex -8.45237 -87.4911 -2.5
    endloop
  endfacet
  facet normal 0.402748 0.915311 0
    outer loop
      vertex -8.45237 -87.4911 -2.5
      vertex -8.45237 -87.4911 2.5
      vertex -7.65367 -87.8425 -2.5
    endloop
  endfacet
  facet normal 0.402748 0.915311 0
    outer loop
      vertex -8.45237 -87.4911 2.5
      vertex -7.65367 -87.8425 2.5
      vertex -7.65367 -87.8425 -2.5
    endloop
  endfacet
  facet normal 0.362439 0.932008 0
    outer loop
      vertex -7.65367 -87.8425 -2.5
      vertex -7.65367 -87.8425 2.5
      vertex -6.8404 -88.1588 -2.5
    endloop
  endfacet
  facet normal 0.362439 0.932008 0
    outer loop
      vertex -7.65367 -87.8425 2.5
      vertex -6.8404 -88.1588 2.5
      vertex -6.8404 -88.1588 -2.5
    endloop
  endfacet
  facet normal 0.321437 0.946931 0
    outer loop
      vertex -6.8404 -88.1588 -2.5
      vertex -6.8404 -88.1588 2.5
      vertex -6.01412 -88.4393 -2.5
    endloop
  endfacet
  facet normal 0.321437 0.946931 0
    outer loop
      vertex -6.8404 -88.1588 2.5
      vertex -6.01412 -88.4393 2.5
      vertex -6.01412 -88.4393 -2.5
    endloop
  endfacet
  facet normal 0.279829 0.96005 0
    outer loop
      vertex -6.01412 -88.4393 -2.5
      vertex -6.01412 -88.4393 2.5
      vertex -5.17638 -88.6834 -2.5
    endloop
  endfacet
  facet normal 0.279829 0.96005 0
    outer loop
      vertex -6.01412 -88.4393 2.5
      vertex -5.17638 -88.6834 2.5
      vertex -5.17638 -88.6834 -2.5
    endloop
  endfacet
  facet normal 0.254423 0.967093 0
    outer loop
      vertex -5.17638 -88.6834 -2.5
      vertex -5.17638 -88.6834 2.5
      vertex -5 -88.7298 -2.5
    endloop
  endfacet
  facet normal 0.254423 0.967093 0
    outer loop
      vertex -5.17638 -88.6834 2.5
      vertex -5 -88.7298 2.5
      vertex -5 -88.7298 -2.5
    endloop
  endfacet
  facet normal 0.233249 0.972417 0
    outer loop
      vertex -5 -88.7298 -2.5
      vertex -5 -88.7298 2.5
      vertex -4.32879 -88.8908 -2.5
    endloop
  endfacet
  facet normal 0.233249 0.972417 0
    outer loop
      vertex -5 -88.7298 2.5
      vertex -4.32879 -88.8908 2.5
      vertex -4.32879 -88.8908 -2.5
    endloop
  endfacet
  facet normal 0.195094 0.980785 0
    outer loop
      vertex -4.32879 -88.8908 -2.5
      vertex -4.32879 -88.8908 2.5
      vertex -3.47296 -89.0611 -2.5
    endloop
  endfacet
  facet normal 0.195094 0.980785 0
    outer loop
      vertex -4.32879 -88.8908 2.5
      vertex -3.47296 -89.0611 2.5
      vertex -3.47296 -89.0611 -2.5
    endloop
  endfacet
  facet normal 0.15212 0.988362 0
    outer loop
      vertex -3.47296 -89.0611 -2.5
      vertex -3.47296 -89.0611 2.5
      vertex -2.61052 -89.1938 -2.5
    endloop
  endfacet
  facet normal 0.15212 0.988362 0
    outer loop
      vertex -3.47296 -89.0611 2.5
      vertex -2.61052 -89.1938 2.5
      vertex -2.61052 -89.1938 -2.5
    endloop
  endfacet
  facet normal 0.108865 0.994057 0
    outer loop
      vertex -2.61052 -89.1938 -2.5
      vertex -2.61052 -89.1938 2.5
      vertex -1.74311 -89.2888 -2.5
    endloop
  endfacet
  facet normal 0.108865 0.994057 0
    outer loop
      vertex -2.61052 -89.1938 2.5
      vertex -1.74311 -89.2888 2.5
      vertex -1.74311 -89.2888 -2.5
    endloop
  endfacet
  facet normal 0.0654042 0.997859 0
    outer loop
      vertex -1.74311 -89.2888 -2.5
      vertex -1.74311 -89.2888 2.5
      vertex -0.872388 -89.3459 -2.5
    endloop
  endfacet
  facet normal 0.0654042 0.997859 0
    outer loop
      vertex -1.74311 -89.2888 2.5
      vertex -0.872388 -89.3459 2.5
      vertex -0.872388 -89.3459 -2.5
    endloop
  endfacet
  facet normal 0.0218156 0.999762 0
    outer loop
      vertex -0.872388 -89.3459 -2.5
      vertex -0.872388 -89.3459 2.5
      vertex -3.36933e-15 -89.3649 -2.5
    endloop
  endfacet
  facet normal 0.0218156 0.999762 -1.51673e-18
    outer loop
      vertex -0.872388 -89.3459 2.5
      vertex -3.06316e-15 -89.3649 2.5
      vertex -3.36933e-15 -89.3649 -2.5
    endloop
  endfacet
  facet normal -0.0218156 0.999762 1.33582e-18
    outer loop
      vertex -3.36933e-15 -89.3649 -2.5
      vertex -3.06316e-15 -89.3649 2.5
      vertex 0.872388 -89.3459 -2.5
    endloop
  endfacet
  facet normal -0.0218156 0.999762 0
    outer loop
      vertex -3.06316e-15 -89.3649 2.5
      vertex 0.872388 -89.3459 2.5
      vertex 0.872388 -89.3459 -2.5
    endloop
  endfacet
  facet normal -0.0654042 0.997859 0
    outer loop
      vertex 0.872388 -89.3459 -2.5
      vertex 0.872388 -89.3459 2.5
      vertex 1.74311 -89.2888 -2.5
    endloop
  endfacet
  facet normal -0.0654042 0.997859 0
    outer loop
      vertex 0.872388 -89.3459 2.5
      vertex 1.74311 -89.2888 2.5
      vertex 1.74311 -89.2888 -2.5
    endloop
  endfacet
  facet normal -0.108865 0.994057 0
    outer loop
      vertex 1.74311 -89.2888 -2.5
      vertex 1.74311 -89.2888 2.5
      vertex 2.61052 -89.1938 -2.5
    endloop
  endfacet
  facet normal -0.108865 0.994057 0
    outer loop
      vertex 1.74311 -89.2888 2.5
      vertex 2.61052 -89.1938 2.5
      vertex 2.61052 -89.1938 -2.5
    endloop
  endfacet
  facet normal -0.15212 0.988362 0
    outer loop
      vertex 2.61052 -89.1938 -2.5
      vertex 2.61052 -89.1938 2.5
      vertex 3.47296 -89.0611 -2.5
    endloop
  endfacet
  facet normal -0.15212 0.988362 0
    outer loop
      vertex 2.61052 -89.1938 2.5
      vertex 3.47296 -89.0611 2.5
      vertex 3.47296 -89.0611 -2.5
    endloop
  endfacet
  facet normal -0.195094 0.980785 0
    outer loop
      vertex 3.47296 -89.0611 -2.5
      vertex 3.47296 -89.0611 2.5
      vertex 4.32879 -88.8908 -2.5
    endloop
  endfacet
  facet normal -0.195094 0.980785 0
    outer loop
      vertex 3.47296 -89.0611 2.5
      vertex 4.32879 -88.8908 2.5
      vertex 4.32879 -88.8908 -2.5
    endloop
  endfacet
  facet normal -0.237684 0.971343 0
    outer loop
      vertex 4.32879 -88.8908 -2.5
      vertex 4.32879 -88.8908 2.5
      vertex 5.17638 -88.6834 -2.5
    endloop
  endfacet
  facet normal -0.237684 0.971343 0
    outer loop
      vertex 4.32879 -88.8908 2.5
      vertex 5.17638 -88.6834 2.5
      vertex 5.17638 -88.6834 -2.5
    endloop
  endfacet
  facet normal -0.279829 0.96005 0
    outer loop
      vertex 5.17638 -88.6834 -2.5
      vertex 5.17638 -88.6834 2.5
      vertex 6.01412 -88.4393 -2.5
    endloop
  endfacet
  facet normal -0.279829 0.96005 0
    outer loop
      vertex 5.17638 -88.6834 2.5
      vertex 6.01412 -88.4393 2.5
      vertex 6.01412 -88.4393 -2.5
    endloop
  endfacet
  facet normal -0.321437 0.946931 0
    outer loop
      vertex 6.01412 -88.4393 -2.5
      vertex 6.01412 -88.4393 2.5
      vertex 6.8404 -88.1588 -2.5
    endloop
  endfacet
  facet normal -0.321437 0.946931 0
    outer loop
      vertex 6.01412 -88.4393 2.5
      vertex 6.8404 -88.1588 2.5
      vertex 6.8404 -88.1588 -2.5
    endloop
  endfacet
  facet normal -0.362439 0.932008 0
    outer loop
      vertex 6.8404 -88.1588 -2.5
      vertex 6.8404 -88.1588 2.5
      vertex 7.65367 -87.8425 -2.5
    endloop
  endfacet
  facet normal -0.362439 0.932008 0
    outer loop
      vertex 6.8404 -88.1588 2.5
      vertex 7.65367 -87.8425 2.5
      vertex 7.65367 -87.8425 -2.5
    endloop
  endfacet
  facet normal -0.402748 0.915311 0
    outer loop
      vertex 7.65367 -87.8425 -2.5
      vertex 7.65367 -87.8425 2.5
      vertex 8.45237 -87.4911 -2.5
    endloop
  endfacet
  facet normal -0.402748 0.915311 0
    outer loop
      vertex 7.65367 -87.8425 2.5
      vertex 8.45237 -87.4911 2.5
      vertex 8.45237 -87.4911 -2.5
    endloop
  endfacet
  facet normal -0.44229 0.896872 0
    outer loop
      vertex 8.45237 -87.4911 -2.5
      vertex 8.45237 -87.4911 2.5
      vertex 9.23497 -87.1051 -2.5
    endloop
  endfacet
  facet normal -0.44229 0.896872 0
    outer loop
      vertex 8.45237 -87.4911 2.5
      vertex 9.23497 -87.1051 2.5
      vertex 9.23497 -87.1051 -2.5
    endloop
  endfacet
  facet normal -0.480987 0.876728 0
    outer loop
      vertex 9.23497 -87.1051 -2.5
      vertex 9.23497 -87.1051 2.5
      vertex 10 -86.6854 -2.5
    endloop
  endfacet
  facet normal -0.480987 0.876728 0
    outer loop
      vertex 9.23497 -87.1051 2.5
      vertex 10 -86.6854 2.5
      vertex 10 -86.6854 -2.5
    endloop
  endfacet
  facet normal -0.518776 0.85491 0
    outer loop
      vertex 10 -86.6854 -2.5
      vertex 10 -86.6854 2.5
      vertex 10.746 -86.2327 -2.5
    endloop
  endfacet
  facet normal -0.518776 0.85491 0
    outer loop
      vertex 10 -86.6854 2.5
      vertex 10.746 -86.2327 2.5
      vertex 10.746 -86.2327 -2.5
    endloop
  endfacet
  facet normal -0.555569 0.83147 0
    outer loop
      vertex 10.746 -86.2327 -2.5
      vertex 10.746 -86.2327 2.5
      vertex 11.4715 -85.748 -2.5
    endloop
  endfacet
  facet normal -0.555569 0.83147 0
    outer loop
      vertex 10.746 -86.2327 2.5
      vertex 11.4715 -85.748 2.5
      vertex 11.4715 -85.748 -2.5
    endloop
  endfacet
  facet normal -0.59131 0.806444 0
    outer loop
      vertex 11.4715 -85.748 -2.5
      vertex 11.4715 -85.748 2.5
      vertex 12.1752 -85.232 -2.5
    endloop
  endfacet
  facet normal -0.59131 0.806444 0
    outer loop
      vertex 11.4715 -85.748 2.5
      vertex 12.1752 -85.232 2.5
      vertex 12.1752 -85.232 -2.5
    endloop
  endfacet
  facet normal -0.625925 0.779884 0
    outer loop
      vertex 12.1752 -85.232 -2.5
      vertex 12.1752 -85.232 2.5
      vertex 12.8558 -84.6858 -2.5
    endloop
  endfacet
  facet normal -0.625925 0.779884 0
    outer loop
      vertex 12.1752 -85.232 2.5
      vertex 12.8558 -84.6858 2.5
      vertex 12.8558 -84.6858 -2.5
    endloop
  endfacet
  facet normal -0.659345 0.75184 0
    outer loop
      vertex 12.8558 -84.6858 -2.5
      vertex 12.8558 -84.6858 2.5
      vertex 13.5118 -84.1105 -2.5
    endloop
  endfacet
  facet normal -0.659345 0.75184 0
    outer loop
      vertex 12.8558 -84.6858 2.5
      vertex 13.5118 -84.1105 2.5
      vertex 13.5118 -84.1105 -2.5
    endloop
  endfacet
  facet normal -0.691511 0.722366 0
    outer loop
      vertex 13.5118 -84.1105 -2.5
      vertex 13.5118 -84.1105 2.5
      vertex 14.1421 -83.5071 -2.5
    endloop
  endfacet
  facet normal -0.691511 0.722366 0
    outer loop
      vertex 13.5118 -84.1105 2.5
      vertex 14.1421 -83.5071 2.5
      vertex 14.1421 -83.5071 -2.5
    endloop
  endfacet
  facet normal -0.722365 0.691512 0
    outer loop
      vertex 14.1421 -83.5071 -2.5
      vertex 14.1421 -83.5071 2.5
      vertex 14.7455 -82.8767 -2.5
    endloop
  endfacet
  facet normal -0.722365 0.691512 0
    outer loop
      vertex 14.1421 -83.5071 2.5
      vertex 14.7455 -82.8767 2.5
      vertex 14.7455 -82.8767 -2.5
    endloop
  endfacet
  facet normal -0.75184 0.659345 0
    outer loop
      vertex 14.7455 -82.8767 -2.5
      vertex 14.7455 -82.8767 2.5
      vertex 15.3209 -82.2207 -2.5
    endloop
  endfacet
  facet normal -0.75184 0.659345 0
    outer loop
      vertex 14.7455 -82.8767 2.5
      vertex 15.3209 -82.2207 2.5
      vertex 15.3209 -82.2207 -2.5
    endloop
  endfacet
  facet normal -0.779883 0.625925 0
    outer loop
      vertex 15.3209 -82.2207 -2.5
      vertex 15.3209 -82.2207 2.5
      vertex 15.8671 -81.5401 -2.5
    endloop
  endfacet
  facet normal -0.779883 0.625925 0
    outer loop
      vertex 15.3209 -82.2207 2.5
      vertex 15.8671 -81.5401 2.5
      vertex 15.8671 -81.5401 -2.5
    endloop
  endfacet
  facet normal -0.806445 0.591309 0
    outer loop
      vertex 15.8671 -81.5401 -2.5
      vertex 15.8671 -81.5401 2.5
      vertex 16.383 -80.8364 -2.5
    endloop
  endfacet
  facet normal -0.806445 0.591309 0
    outer loop
      vertex 15.8671 -81.5401 2.5
      vertex 16.383 -80.8364 2.5
      vertex 16.383 -80.8364 -2.5
    endloop
  endfacet
  facet normal -0.83147 0.55557 0
    outer loop
      vertex 16.383 -80.8364 -2.5
      vertex 16.383 -80.8364 2.5
      vertex 16.8678 -80.1109 -2.5
    endloop
  endfacet
  facet normal -0.83147 0.55557 0
    outer loop
      vertex 16.383 -80.8364 2.5
      vertex 16.8678 -80.1109 2.5
      vertex 16.8678 -80.1109 -2.5
    endloop
  endfacet
  facet normal -0.854911 0.518774 0
    outer loop
      vertex 16.8678 -80.1109 -2.5
      vertex 16.8678 -80.1109 2.5
      vertex 17.3205 -79.3649 -2.5
    endloop
  endfacet
  facet normal -0.854911 0.518774 0
    outer loop
      vertex 16.8678 -80.1109 2.5
      vertex 17.3205 -79.3649 2.5
      vertex 17.3205 -79.3649 -2.5
    endloop
  endfacet
  facet normal -0.876726 0.480989 0
    outer loop
      vertex 17.3205 -79.3649 -2.5
      vertex 17.3205 -79.3649 2.5
      vertex 17.7402 -78.5999 -2.5
    endloop
  endfacet
  facet normal -0.876726 0.480989 0
    outer loop
      vertex 17.3205 -79.3649 2.5
      vertex 17.7402 -78.5999 2.5
      vertex 17.7402 -78.5999 -2.5
    endloop
  endfacet
  facet normal -0.896873 0.442289 0
    outer loop
      vertex 17.7402 -78.5999 -2.5
      vertex 17.7402 -78.5999 2.5
      vertex 18.1262 -77.8173 -2.5
    endloop
  endfacet
  facet normal -0.896873 0.442289 0
    outer loop
      vertex 17.7402 -78.5999 2.5
      vertex 18.1262 -77.8173 2.5
      vertex 18.1262 -77.8173 -2.5
    endloop
  endfacet
  facet normal -0.915311 0.402747 0
    outer loop
      vertex 18.1262 -77.8173 -2.5
      vertex 18.1262 -77.8173 2.5
      vertex 18.4776 -77.0186 -2.5
    endloop
  endfacet
  facet normal -0.915311 0.402747 0
    outer loop
      vertex 18.1262 -77.8173 2.5
      vertex 18.4776 -77.0186 2.5
      vertex 18.4776 -77.0186 -2.5
    endloop
  endfacet
  facet normal -0.932008 0.362438 0
    outer loop
      vertex 18.4776 -77.0186 -2.5
      vertex 18.4776 -77.0186 2.5
      vertex 18.7939 -76.2053 -2.5
    endloop
  endfacet
  facet normal -0.932008 0.362438 0
    outer loop
      vertex 18.4776 -77.0186 2.5
      vertex 18.7939 -76.2053 2.5
      vertex 18.7939 -76.2053 -2.5
    endloop
  endfacet
  facet normal -0.94693 0.32144 0
    outer loop
      vertex 18.7939 -76.2053 -2.5
      vertex 18.7939 -76.2053 2.5
      vertex 19.0743 -75.379 -2.5
    endloop
  endfacet
  facet normal -0.94693 0.32144 0
    outer loop
      vertex 18.7939 -76.2053 2.5
      vertex 19.0743 -75.379 2.5
      vertex 19.0743 -75.379 -2.5
    endloop
  endfacet
  facet normal -0.96005 0.279829 0
    outer loop
      vertex 19.0743 -75.379 -2.5
      vertex 19.0743 -75.379 2.5
      vertex 19.3185 -74.5413 -2.5
    endloop
  endfacet
  facet normal -0.96005 0.279829 0
    outer loop
      vertex 19.0743 -75.379 2.5
      vertex 19.3185 -74.5413 2.5
      vertex 19.3185 -74.5413 -2.5
    endloop
  endfacet
  facet normal -0.971342 0.237685 0
    outer loop
      vertex 19.3185 -74.5413 -2.5
      vertex 19.3185 -74.5413 2.5
      vertex 19.5259 -73.6937 -2.5
    endloop
  endfacet
  facet normal -0.971342 0.237685 0
    outer loop
      vertex 19.3185 -74.5413 2.5
      vertex 19.5259 -73.6937 2.5
      vertex 19.5259 -73.6937 -2.5
    endloop
  endfacet
  facet normal -0.980785 0.195091 0
    outer loop
      vertex 19.5259 -73.6937 -2.5
      vertex 19.5259 -73.6937 2.5
      vertex 19.6962 -72.8379 -2.5
    endloop
  endfacet
  facet normal -0.980785 0.195091 0
    outer loop
      vertex 19.5259 -73.6937 2.5
      vertex 19.6962 -72.8379 2.5
      vertex 19.6962 -72.8379 -2.5
    endloop
  endfacet
  facet normal -0.988362 0.152122 0
    outer loop
      vertex 19.6962 -72.8379 -2.5
      vertex 19.6962 -72.8379 2.5
      vertex 19.8289 -71.9754 -2.5
    endloop
  endfacet
  facet normal -0.988362 0.152122 0
    outer loop
      vertex 19.6962 -72.8379 2.5
      vertex 19.8289 -71.9754 2.5
      vertex 19.8289 -71.9754 -2.5
    endloop
  endfacet
  facet normal -0.994056 0.108867 0
    outer loop
      vertex 19.8289 -71.9754 -2.5
      vertex 19.8289 -71.9754 2.5
      vertex 19.9239 -71.108 -2.5
    endloop
  endfacet
  facet normal -0.994056 0.108867 0
    outer loop
      vertex 19.8289 -71.9754 2.5
      vertex 19.9239 -71.108 2.5
      vertex 19.9239 -71.108 -2.5
    endloop
  endfacet
  facet normal -0.997859 0.0654043 0
    outer loop
      vertex 19.9239 -71.108 -2.5
      vertex 19.9239 -71.108 2.5
      vertex 19.981 -70.2373 -2.5
    endloop
  endfacet
  facet normal -0.997859 0.0654043 0
    outer loop
      vertex 19.9239 -71.108 2.5
      vertex 19.981 -70.2373 2.5
      vertex 19.981 -70.2373 -2.5
    endloop
  endfacet
  facet normal -0.999762 0.0218137 0
    outer loop
      vertex 19.981 -70.2373 -2.5
      vertex 19.981 -70.2373 2.5
      vertex 20 -69.3649 -2.5
    endloop
  endfacet
  facet normal -0.999762 0.0218137 0
    outer loop
      vertex 19.981 -70.2373 2.5
      vertex 20 -69.3649 2.5
      vertex 20 -69.3649 -2.5
    endloop
  endfacet
  facet normal -0.999762 -0.0218135 0
    outer loop
      vertex 20 -69.3649 -2.5
      vertex 20 -69.3649 2.5
      vertex 19.981 -68.4925 -2.5
    endloop
  endfacet
  facet normal -0.999762 -0.0218135 0
    outer loop
      vertex 20 -69.3649 2.5
      vertex 19.981 -68.4925 2.5
      vertex 19.981 -68.4925 -2.5
    endloop
  endfacet
  facet normal -0.997859 -0.0654043 0
    outer loop
      vertex 19.981 -68.4925 -2.5
      vertex 19.981 -68.4925 2.5
      vertex 19.9239 -67.6218 -2.5
    endloop
  endfacet
  facet normal -0.997859 -0.0654043 0
    outer loop
      vertex 19.981 -68.4925 2.5
      vertex 19.9239 -67.6218 2.5
      vertex 19.9239 -67.6218 -2.5
    endloop
  endfacet
  facet normal -0.994056 -0.108867 0
    outer loop
      vertex 19.9239 -67.6218 -2.5
      vertex 19.9239 -67.6218 2.5
      vertex 19.8289 -66.7544 -2.5
    endloop
  endfacet
  facet normal -0.994056 -0.108867 0
    outer loop
      vertex 19.9239 -67.6218 2.5
      vertex 19.8289 -66.7544 2.5
      vertex 19.8289 -66.7544 -2.5
    endloop
  endfacet
  facet normal -0.988362 -0.152122 0
    outer loop
      vertex 19.8289 -66.7544 -2.5
      vertex 19.8289 -66.7544 2.5
      vertex 19.6962 -65.892 -2.5
    endloop
  endfacet
  facet normal -0.988362 -0.152122 0
    outer loop
      vertex 19.8289 -66.7544 2.5
      vertex 19.6962 -65.892 2.5
      vertex 19.6962 -65.892 -2.5
    endloop
  endfacet
  facet normal -0.980785 -0.195091 0
    outer loop
      vertex 19.6962 -65.892 -2.5
      vertex 19.6962 -65.892 2.5
      vertex 19.5259 -65.0361 -2.5
    endloop
  endfacet
  facet normal -0.980785 -0.195091 0
    outer loop
      vertex 19.6962 -65.892 2.5
      vertex 19.5259 -65.0361 2.5
      vertex 19.5259 -65.0361 -2.5
    endloop
  endfacet
  facet normal -0.971342 -0.237685 0
    outer loop
      vertex 19.5259 -65.0361 -2.5
      vertex 19.5259 -65.0361 2.5
      vertex 19.3185 -64.1885 -2.5
    endloop
  endfacet
  facet normal -0.971342 -0.237685 0
    outer loop
      vertex 19.5259 -65.0361 2.5
      vertex 19.3185 -64.1885 2.5
      vertex 19.3185 -64.1885 -2.5
    endloop
  endfacet
  facet normal -0.960049 -0.279831 0
    outer loop
      vertex 19.3185 -64.1885 -2.5
      vertex 19.3185 -64.1885 2.5
      vertex 19.0743 -63.3508 -2.5
    endloop
  endfacet
  facet normal -0.960049 -0.279831 0
    outer loop
      vertex 19.3185 -64.1885 2.5
      vertex 19.0743 -63.3508 2.5
      vertex 19.0743 -63.3508 -2.5
    endloop
  endfacet
  facet normal -0.946931 -0.321438 0
    outer loop
      vertex 19.0743 -63.3508 -2.5
      vertex 19.0743 -63.3508 2.5
      vertex 18.7939 -62.5245 -2.5
    endloop
  endfacet
  facet normal -0.946931 -0.321438 0
    outer loop
      vertex 19.0743 -63.3508 2.5
      vertex 18.7939 -62.5245 2.5
      vertex 18.7939 -62.5245 -2.5
    endloop
  endfacet
  facet normal -0.932007 -0.362439 0
    outer loop
      vertex 18.7939 -62.5245 -2.5
      vertex 18.7939 -62.5245 2.5
      vertex 18.4776 -61.7112 -2.5
    endloop
  endfacet
  facet normal -0.932007 -0.362439 0
    outer loop
      vertex 18.7939 -62.5245 2.5
      vertex 18.4776 -61.7112 2.5
      vertex 18.4776 -61.7112 -2.5
    endloop
  endfacet
  facet normal -0.915311 -0.402747 0
    outer loop
      vertex 18.4776 -61.7112 -2.5
      vertex 18.4776 -61.7112 2.5
      vertex 18.1262 -60.9126 -2.5
    endloop
  endfacet
  facet normal -0.915311 -0.402747 0
    outer loop
      vertex 18.4776 -61.7112 2.5
      vertex 18.1262 -60.9126 2.5
      vertex 18.1262 -60.9126 -2.5
    endloop
  endfacet
  facet normal -0.896873 -0.442289 0
    outer loop
      vertex 18.1262 -60.9126 -2.5
      vertex 18.1262 -60.9126 2.5
      vertex 17.7402 -60.1299 -2.5
    endloop
  endfacet
  facet normal -0.896873 -0.442289 0
    outer loop
      vertex 18.1262 -60.9126 2.5
      vertex 17.7402 -60.1299 2.5
      vertex 17.7402 -60.1299 -2.5
    endloop
  endfacet
  facet normal -0.876727 -0.480987 0
    outer loop
      vertex 17.7402 -60.1299 -2.5
      vertex 17.7402 -60.1299 2.5
      vertex 17.3205 -59.3649 -2.5
    endloop
  endfacet
  facet normal -0.876727 -0.480987 0
    outer loop
      vertex 17.7402 -60.1299 2.5
      vertex 17.3205 -59.3649 2.5
      vertex 17.3205 -59.3649 -2.5
    endloop
  endfacet
  facet normal -0.854911 -0.518774 0
    outer loop
      vertex 17.3205 -59.3649 -2.5
      vertex 17.3205 -59.3649 2.5
      vertex 16.8678 -58.6189 -2.5
    endloop
  endfacet
  facet normal -0.854911 -0.518774 0
    outer loop
      vertex 17.3205 -59.3649 2.5
      vertex 16.8678 -58.6189 2.5
      vertex 16.8678 -58.6189 -2.5
    endloop
  endfacet
  facet normal -0.83147 -0.55557 0
    outer loop
      vertex 16.8678 -58.6189 -2.5
      vertex 16.8678 -58.6189 2.5
      vertex 16.383 -57.8934 -2.5
    endloop
  endfacet
  facet normal -0.83147 -0.55557 0
    outer loop
      vertex 16.8678 -58.6189 2.5
      vertex 16.383 -57.8934 2.5
      vertex 16.383 -57.8934 -2.5
    endloop
  endfacet
  facet normal -0.806445 -0.591309 0
    outer loop
      vertex 16.383 -57.8934 -2.5
      vertex 16.383 -57.8934 2.5
      vertex 15.8671 -57.1897 -2.5
    endloop
  endfacet
  facet normal -0.806445 -0.591309 0
    outer loop
      vertex 16.383 -57.8934 2.5
      vertex 15.8671 -57.1897 2.5
      vertex 15.8671 -57.1897 -2.5
    endloop
  endfacet
  facet normal -0.779885 -0.625923 0
    outer loop
      vertex 15.8671 -57.1897 -2.5
      vertex 15.8671 -57.1897 2.5
      vertex 15.3209 -56.5092 -2.5
    endloop
  endfacet
  facet normal -0.779885 -0.625923 0
    outer loop
      vertex 15.8671 -57.1897 2.5
      vertex 15.3209 -56.5092 2.5
      vertex 15.3209 -56.5092 -2.5
    endloop
  endfacet
  facet normal -0.751839 -0.659347 0
    outer loop
      vertex 15.3209 -56.5092 -2.5
      vertex 15.3209 -56.5092 2.5
      vertex 14.7455 -55.8531 -2.5
    endloop
  endfacet
  facet normal -0.751839 -0.659347 0
    outer loop
      vertex 15.3209 -56.5092 2.5
      vertex 14.7455 -55.8531 2.5
      vertex 14.7455 -55.8531 -2.5
    endloop
  endfacet
  facet normal -0.722365 -0.691512 0
    outer loop
      vertex 14.7455 -55.8531 -2.5
      vertex 14.7455 -55.8531 2.5
      vertex 14.1421 -55.2228 -2.5
    endloop
  endfacet
  facet normal -0.722365 -0.691512 0
    outer loop
      vertex 14.7455 -55.8531 2.5
      vertex 14.1421 -55.2228 2.5
      vertex 14.1421 -55.2228 -2.5
    endloop
  endfacet
  facet normal -0.691513 -0.722364 0
    outer loop
      vertex 14.1421 -55.2228 -2.5
      vertex 14.1421 -55.2228 2.5
      vertex 13.5118 -54.6194 -2.5
    endloop
  endfacet
  facet normal -0.691513 -0.722364 0
    outer loop
      vertex 14.1421 -55.2228 2.5
      vertex 13.5118 -54.6194 2.5
      vertex 13.5118 -54.6194 -2.5
    endloop
  endfacet
  facet normal -0.659345 -0.75184 0
    outer loop
      vertex 13.5118 -54.6194 -2.5
      vertex 13.5118 -54.6194 2.5
      vertex 12.8558 -54.044 -2.5
    endloop
  endfacet
  facet normal -0.659345 -0.75184 0
    outer loop
      vertex 13.5118 -54.6194 2.5
      vertex 12.8558 -54.044 2.5
      vertex 12.8558 -54.044 -2.5
    endloop
  endfacet
  facet normal -0.625922 -0.779886 0
    outer loop
      vertex 12.8558 -54.044 -2.5
      vertex 12.8558 -54.044 2.5
      vertex 12.1752 -53.4979 -2.5
    endloop
  endfacet
  facet normal -0.625922 -0.779886 0
    outer loop
      vertex 12.8558 -54.044 2.5
      vertex 12.1752 -53.4979 2.5
      vertex 12.1752 -53.4979 -2.5
    endloop
  endfacet
  facet normal -0.59131 -0.806444 0
    outer loop
      vertex 12.1752 -53.4979 -2.5
      vertex 12.1752 -53.4979 2.5
      vertex 11.4715 -52.9819 -2.5
    endloop
  endfacet
  facet normal -0.59131 -0.806444 0
    outer loop
      vertex 12.1752 -53.4979 2.5
      vertex 11.4715 -52.9819 2.5
      vertex 11.4715 -52.9819 -2.5
    endloop
  endfacet
  facet normal -0.555569 -0.83147 0
    outer loop
      vertex 11.4715 -52.9819 -2.5
      vertex 11.4715 -52.9819 2.5
      vertex 10.746 -52.4971 -2.5
    endloop
  endfacet
  facet normal -0.555569 -0.83147 0
    outer loop
      vertex 11.4715 -52.9819 2.5
      vertex 10.746 -52.4971 2.5
      vertex 10.746 -52.4971 -2.5
    endloop
  endfacet
  facet normal -0.518773 -0.854912 0
    outer loop
      vertex 10.746 -52.4971 -2.5
      vertex 10.746 -52.4971 2.5
      vertex 10 -52.0444 -2.5
    endloop
  endfacet
  facet normal -0.518773 -0.854912 0
    outer loop
      vertex 10.746 -52.4971 2.5
      vertex 10 -52.0444 2.5
      vertex 10 -52.0444 -2.5
    endloop
  endfacet
  facet normal -0.48099 -0.876726 0
    outer loop
      vertex 10 -52.0444 -2.5
      vertex 10 -52.0444 2.5
      vertex 9.23497 -51.6247 -2.5
    endloop
  endfacet
  facet normal -0.48099 -0.876726 0
    outer loop
      vertex 10 -52.0444 2.5
      vertex 9.23497 -51.6247 2.5
      vertex 9.23497 -51.6247 -2.5
    endloop
  endfacet
  facet normal -0.44229 -0.896872 0
    outer loop
      vertex 9.23497 -51.6247 -2.5
      vertex 9.23497 -51.6247 2.5
      vertex 8.45237 -51.2388 -2.5
    endloop
  endfacet
  facet normal -0.44229 -0.896872 0
    outer loop
      vertex 9.23497 -51.6247 2.5
      vertex 8.45237 -51.2388 2.5
      vertex 8.45237 -51.2388 -2.5
    endloop
  endfacet
  facet normal -0.402745 -0.915312 0
    outer loop
      vertex 8.45237 -51.2388 -2.5
      vertex 8.45237 -51.2388 2.5
      vertex 7.65367 -50.8873 -2.5
    endloop
  endfacet
  facet normal -0.402745 -0.915312 0
    outer loop
      vertex 8.45237 -51.2388 2.5
      vertex 7.65367 -50.8873 2.5
      vertex 7.65367 -50.8873 -2.5
    endloop
  endfacet
  facet normal -0.362439 -0.932008 0
    outer loop
      vertex 7.65367 -50.8873 -2.5
      vertex 7.65367 -50.8873 2.5
      vertex 6.8404 -50.5711 -2.5
    endloop
  endfacet
  facet normal -0.362439 -0.932008 0
    outer loop
      vertex 7.65367 -50.8873 2.5
      vertex 6.8404 -50.5711 2.5
      vertex 6.8404 -50.5711 -2.5
    endloop
  endfacet
  facet normal -0.321441 -0.94693 0
    outer loop
      vertex 6.8404 -50.5711 -2.5
      vertex 6.8404 -50.5711 2.5
      vertex 6.01412 -50.2906 -2.5
    endloop
  endfacet
  facet normal -0.321441 -0.94693 0
    outer loop
      vertex 6.8404 -50.5711 2.5
      vertex 6.01412 -50.2906 2.5
      vertex 6.01412 -50.2906 -2.5
    endloop
  endfacet
  facet normal -0.279829 -0.96005 0
    outer loop
      vertex 6.01412 -50.2906 -2.5
      vertex 6.01412 -50.2906 2.5
      vertex 5.17638 -50.0464 -2.5
    endloop
  endfacet
  facet normal -0.279829 -0.96005 0
    outer loop
      vertex 6.01412 -50.2906 2.5
      vertex 5.17638 -50.0464 2.5
      vertex 5.17638 -50.0464 -2.5
    endloop
  endfacet
  facet normal -0.237684 -0.971343 0
    outer loop
      vertex 5.17638 -50.0464 -2.5
      vertex 5.17638 -50.0464 2.5
      vertex 4.32879 -49.839 -2.5
    endloop
  endfacet
  facet normal -0.237684 -0.971343 0
    outer loop
      vertex 5.17638 -50.0464 2.5
      vertex 4.32879 -49.839 2.5
      vertex 4.32879 -49.839 -2.5
    endloop
  endfacet
  facet normal -0.19509 -0.980785 0
    outer loop
      vertex 4.32879 -49.839 -2.5
      vertex 4.32879 -49.839 2.5
      vertex 3.47296 -49.6688 -2.5
    endloop
  endfacet
  facet normal -0.19509 -0.980785 0
    outer loop
      vertex 4.32879 -49.839 2.5
      vertex 3.47296 -49.6688 2.5
      vertex 3.47296 -49.6688 -2.5
    endloop
  endfacet
  facet normal -0.152125 -0.988361 0
    outer loop
      vertex 3.47296 -49.6688 -2.5
      vertex 3.47296 -49.6688 2.5
      vertex 2.61052 -49.536 -2.5
    endloop
  endfacet
  facet normal -0.152125 -0.988361 0
    outer loop
      vertex 3.47296 -49.6688 2.5
      vertex 2.61052 -49.536 2.5
      vertex 2.61052 -49.536 -2.5
    endloop
  endfacet
  facet normal -0.108869 -0.994056 0
    outer loop
      vertex 2.61052 -49.536 -2.5
      vertex 2.61052 -49.536 2.5
      vertex 1.74311 -49.441 -2.5
    endloop
  endfacet
  facet normal -0.108869 -0.994056 0
    outer loop
      vertex 2.61052 -49.536 2.5
      vertex 1.74311 -49.441 2.5
      vertex 1.74311 -49.441 -2.5
    endloop
  endfacet
  facet normal -0.0654 -0.997859 0
    outer loop
      vertex 1.74311 -49.441 -2.5
      vertex 1.74311 -49.441 2.5
      vertex 0.872388 -49.384 -2.5
    endloop
  endfacet
  facet normal -0.0654 -0.997859 0
    outer loop
      vertex 1.74311 -49.441 2.5
      vertex 0.872388 -49.384 2.5
      vertex 0.872388 -49.384 -2.5
    endloop
  endfacet
  facet normal -0.0218156 -0.999762 0
    outer loop
      vertex 0.872388 -49.384 -2.5
      vertex 0.872388 -49.384 2.5
      vertex 1.07157e-15 -49.3649 -2.5
    endloop
  endfacet
  facet normal -0.0218156 -0.999762 1.51673e-18
    outer loop
      vertex 0.872388 -49.384 2.5
      vertex 1.37773e-15 -49.3649 2.5
      vertex 1.07157e-15 -49.3649 -2.5
    endloop
  endfacet
  facet normal 0.0218156 -0.999762 -1.33582e-18
    outer loop
      vertex 1.07157e-15 -49.3649 -2.5
      vertex 1.37773e-15 -49.3649 2.5
      vertex -0.872388 -49.384 -2.5
    endloop
  endfacet
  facet normal 0.0218156 -0.999762 0
    outer loop
      vertex 1.37773e-15 -49.3649 2.5
      vertex -0.872388 -49.384 2.5
      vertex -0.872388 -49.384 -2.5
    endloop
  endfacet
  facet normal 0.0654 -0.997859 0
    outer loop
      vertex -0.872388 -49.384 -2.5
      vertex -0.872388 -49.384 2.5
      vertex -1.74311 -49.441 -2.5
    endloop
  endfacet
  facet normal 0.0654 -0.997859 0
    outer loop
      vertex -0.872388 -49.384 2.5
      vertex -1.74311 -49.441 2.5
      vertex -1.74311 -49.441 -2.5
    endloop
  endfacet
  facet normal 0.108869 -0.994056 0
    outer loop
      vertex -1.74311 -49.441 -2.5
      vertex -1.74311 -49.441 2.5
      vertex -2.61052 -49.536 -2.5
    endloop
  endfacet
  facet normal 0.108869 -0.994056 0
    outer loop
      vertex -1.74311 -49.441 2.5
      vertex -2.61052 -49.536 2.5
      vertex -2.61052 -49.536 -2.5
    endloop
  endfacet
  facet normal 0.152125 -0.988361 0
    outer loop
      vertex -2.61052 -49.536 -2.5
      vertex -2.61052 -49.536 2.5
      vertex -3.47296 -49.6688 -2.5
    endloop
  endfacet
  facet normal 0.152125 -0.988361 0
    outer loop
      vertex -2.61052 -49.536 2.5
      vertex -3.47296 -49.6688 2.5
      vertex -3.47296 -49.6688 -2.5
    endloop
  endfacet
  facet normal 0.19509 -0.980785 0
    outer loop
      vertex -3.47296 -49.6688 -2.5
      vertex -3.47296 -49.6688 2.5
      vertex -4.32879 -49.839 -2.5
    endloop
  endfacet
  facet normal 0.19509 -0.980785 0
    outer loop
      vertex -3.47296 -49.6688 2.5
      vertex -4.32879 -49.839 2.5
      vertex -4.32879 -49.839 -2.5
    endloop
  endfacet
  facet normal 0.237684 -0.971343 0
    outer loop
      vertex -4.32879 -49.839 -2.5
      vertex -4.32879 -49.839 2.5
      vertex -5.17638 -50.0464 -2.5
    endloop
  endfacet
  facet normal 0.237684 -0.971343 0
    outer loop
      vertex -4.32879 -49.839 2.5
      vertex -5.17638 -50.0464 2.5
      vertex -5.17638 -50.0464 -2.5
    endloop
  endfacet
  facet normal 0.279829 -0.96005 0
    outer loop
      vertex -5.17638 -50.0464 -2.5
      vertex -5.17638 -50.0464 2.5
      vertex -6.01412 -50.2906 -2.5
    endloop
  endfacet
  facet normal 0.279829 -0.96005 0
    outer loop
      vertex -5.17638 -50.0464 2.5
      vertex -6.01412 -50.2906 2.5
      vertex -6.01412 -50.2906 -2.5
    endloop
  endfacet
  facet normal 0.321441 -0.94693 0
    outer loop
      vertex -6.01412 -50.2906 -2.5
      vertex -6.01412 -50.2906 2.5
      vertex -6.8404 -50.5711 -2.5
    endloop
  endfacet
  facet normal 0.321441 -0.94693 0
    outer loop
      vertex -6.01412 -50.2906 2.5
      vertex -6.8404 -50.5711 2.5
      vertex -6.8404 -50.5711 -2.5
    endloop
  endfacet
  facet normal 0.362439 -0.932008 0
    outer loop
      vertex -6.8404 -50.5711 -2.5
      vertex -6.8404 -50.5711 2.5
      vertex -7.65367 -50.8873 -2.5
    endloop
  endfacet
  facet normal 0.362439 -0.932008 0
    outer loop
      vertex -6.8404 -50.5711 2.5
      vertex -7.65367 -50.8873 2.5
      vertex -7.65367 -50.8873 -2.5
    endloop
  endfacet
  facet normal 0.402745 -0.915312 0
    outer loop
      vertex -7.65367 -50.8873 -2.5
      vertex -7.65367 -50.8873 2.5
      vertex -8.45237 -51.2388 -2.5
    endloop
  endfacet
  facet normal 0.402745 -0.915312 0
    outer loop
      vertex -7.65367 -50.8873 2.5
      vertex -8.45237 -51.2388 2.5
      vertex -8.45237 -51.2388 -2.5
    endloop
  endfacet
  facet normal 0.44229 -0.896872 0
    outer loop
      vertex -8.45237 -51.2388 -2.5
      vertex -8.45237 -51.2388 2.5
      vertex -9.23497 -51.6247 -2.5
    endloop
  endfacet
  facet normal 0.44229 -0.896872 0
    outer loop
      vertex -8.45237 -51.2388 2.5
      vertex -9.23497 -51.6247 2.5
      vertex -9.23497 -51.6247 -2.5
    endloop
  endfacet
  facet normal 0.48099 -0.876726 0
    outer loop
      vertex -9.23497 -51.6247 -2.5
      vertex -9.23497 -51.6247 2.5
      vertex -10 -52.0444 -2.5
    endloop
  endfacet
  facet normal 0.48099 -0.876726 0
    outer loop
      vertex -9.23497 -51.6247 2.5
      vertex -10 -52.0444 2.5
      vertex -10 -52.0444 -2.5
    endloop
  endfacet
  facet normal 0.518773 -0.854912 0
    outer loop
      vertex -10 -52.0444 -2.5
      vertex -10 -52.0444 2.5
      vertex -10.746 -52.4971 -2.5
    endloop
  endfacet
  facet normal 0.518773 -0.854912 0
    outer loop
      vertex -10 -52.0444 2.5
      vertex -10.746 -52.4971 2.5
      vertex -10.746 -52.4971 -2.5
    endloop
  endfacet
  facet normal 0.555569 -0.83147 0
    outer loop
      vertex -10.746 -52.4971 -2.5
      vertex -10.746 -52.4971 2.5
      vertex -11.4715 -52.9819 -2.5
    endloop
  endfacet
  facet normal 0.555569 -0.83147 0
    outer loop
      vertex -10.746 -52.4971 2.5
      vertex -11.4715 -52.9819 2.5
      vertex -11.4715 -52.9819 -2.5
    endloop
  endfacet
  facet normal 0.59131 -0.806444 0
    outer loop
      vertex -11.4715 -52.9819 -2.5
      vertex -11.4715 -52.9819 2.5
      vertex -12.1752 -53.4979 -2.5
    endloop
  endfacet
  facet normal 0.59131 -0.806444 0
    outer loop
      vertex -11.4715 -52.9819 2.5
      vertex -12.1752 -53.4979 2.5
      vertex -12.1752 -53.4979 -2.5
    endloop
  endfacet
  facet normal 0.625922 -0.779886 0
    outer loop
      vertex -12.1752 -53.4979 -2.5
      vertex -12.1752 -53.4979 2.5
      vertex -12.8558 -54.044 -2.5
    endloop
  endfacet
  facet normal 0.625922 -0.779886 0
    outer loop
      vertex -12.1752 -53.4979 2.5
      vertex -12.8558 -54.044 2.5
      vertex -12.8558 -54.044 -2.5
    endloop
  endfacet
  facet normal 0.659345 -0.75184 0
    outer loop
      vertex -12.8558 -54.044 -2.5
      vertex -12.8558 -54.044 2.5
      vertex -13.5118 -54.6194 -2.5
    endloop
  endfacet
  facet normal 0.659345 -0.75184 0
    outer loop
      vertex -12.8558 -54.044 2.5
      vertex -13.5118 -54.6194 2.5
      vertex -13.5118 -54.6194 -2.5
    endloop
  endfacet
  facet normal 0.691513 -0.722364 0
    outer loop
      vertex -13.5118 -54.6194 -2.5
      vertex -13.5118 -54.6194 2.5
      vertex -14.1421 -55.2228 -2.5
    endloop
  endfacet
  facet normal 0.691513 -0.722364 0
    outer loop
      vertex -13.5118 -54.6194 2.5
      vertex -14.1421 -55.2228 2.5
      vertex -14.1421 -55.2228 -2.5
    endloop
  endfacet
  facet normal 0.722365 -0.691512 0
    outer loop
      vertex -14.1421 -55.2228 -2.5
      vertex -14.1421 -55.2228 2.5
      vertex -14.7455 -55.8531 -2.5
    endloop
  endfacet
  facet normal 0.722365 -0.691512 0
    outer loop
      vertex -14.1421 -55.2228 2.5
      vertex -14.7455 -55.8531 2.5
      vertex -14.7455 -55.8531 -2.5
    endloop
  endfacet
  facet normal 0.751839 -0.659347 0
    outer loop
      vertex -14.7455 -55.8531 -2.5
      vertex -14.7455 -55.8531 2.5
      vertex -15.3209 -56.5092 -2.5
    endloop
  endfacet
  facet normal 0.751839 -0.659347 0
    outer loop
      vertex -14.7455 -55.8531 2.5
      vertex -15.3209 -56.5092 2.5
      vertex -15.3209 -56.5092 -2.5
    endloop
  endfacet
  facet normal 0.779885 -0.625923 0
    outer loop
      vertex -15.3209 -56.5092 -2.5
      vertex -15.3209 -56.5092 2.5
      vertex -15.8671 -57.1897 -2.5
    endloop
  endfacet
  facet normal 0.779885 -0.625923 0
    outer loop
      vertex -15.3209 -56.5092 2.5
      vertex -15.8671 -57.1897 2.5
      vertex -15.8671 -57.1897 -2.5
    endloop
  endfacet
  facet normal 0.806445 -0.591309 0
    outer loop
      vertex -15.8671 -57.1897 -2.5
      vertex -15.8671 -57.1897 2.5
      vertex -16.383 -57.8934 -2.5
    endloop
  endfacet
  facet normal 0.806445 -0.591309 0
    outer loop
      vertex -15.8671 -57.1897 2.5
      vertex -16.383 -57.8934 2.5
      vertex -16.383 -57.8934 -2.5
    endloop
  endfacet
  facet normal 0.83147 -0.55557 0
    outer loop
      vertex -16.383 -57.8934 -2.5
      vertex -16.383 -57.8934 2.5
      vertex -16.8678 -58.6189 -2.5
    endloop
  endfacet
  facet normal 0.83147 -0.55557 0
    outer loop
      vertex -16.383 -57.8934 2.5
      vertex -16.8678 -58.6189 2.5
      vertex -16.8678 -58.6189 -2.5
    endloop
  endfacet
  facet normal 0.854911 -0.518774 0
    outer loop
      vertex -16.8678 -58.6189 -2.5
      vertex -16.8678 -58.6189 2.5
      vertex -17.3205 -59.3649 -2.5
    endloop
  endfacet
  facet normal 0.854911 -0.518774 0
    outer loop
      vertex -16.8678 -58.6189 2.5
      vertex -17.3205 -59.3649 2.5
      vertex -17.3205 -59.3649 -2.5
    endloop
  endfacet
  facet normal 0.876727 -0.480987 0
    outer loop
      vertex -17.3205 -59.3649 -2.5
      vertex -17.3205 -59.3649 2.5
      vertex -17.7402 -60.1299 -2.5
    endloop
  endfacet
  facet normal 0.876727 -0.480987 0
    outer loop
      vertex -17.3205 -59.3649 2.5
      vertex -17.7402 -60.1299 2.5
      vertex -17.7402 -60.1299 -2.5
    endloop
  endfacet
  facet normal 0.896873 -0.442289 0
    outer loop
      vertex -17.7402 -60.1299 -2.5
      vertex -17.7402 -60.1299 2.5
      vertex -18.1262 -60.9126 -2.5
    endloop
  endfacet
  facet normal 0.896873 -0.442289 0
    outer loop
      vertex -17.7402 -60.1299 2.5
      vertex -18.1262 -60.9126 2.5
      vertex -18.1262 -60.9126 -2.5
    endloop
  endfacet
  facet normal 0.915311 -0.402747 0
    outer loop
      vertex -18.1262 -60.9126 -2.5
      vertex -18.1262 -60.9126 2.5
      vertex -18.4776 -61.7112 -2.5
    endloop
  endfacet
  facet normal 0.915311 -0.402747 0
    outer loop
      vertex -18.1262 -60.9126 2.5
      vertex -18.4776 -61.7112 2.5
      vertex -18.4776 -61.7112 -2.5
    endloop
  endfacet
  facet normal 0.932007 -0.362439 0
    outer loop
      vertex -18.4776 -61.7112 -2.5
      vertex -18.4776 -61.7112 2.5
      vertex -18.7939 -62.5245 -2.5
    endloop
  endfacet
  facet normal 0.932007 -0.362439 0
    outer loop
      vertex -18.4776 -61.7112 2.5
      vertex -18.7939 -62.5245 2.5
      vertex -18.7939 -62.5245 -2.5
    endloop
  endfacet
  facet normal 0.946931 -0.321438 0
    outer loop
      vertex -18.7939 -62.5245 -2.5
      vertex -18.7939 -62.5245 2.5
      vertex -19.0743 -63.3508 -2.5
    endloop
  endfacet
  facet normal 0.946931 -0.321438 0
    outer loop
      vertex -18.7939 -62.5245 2.5
      vertex -19.0743 -63.3508 2.5
      vertex -19.0743 -63.3508 -2.5
    endloop
  endfacet
  facet normal 0.960049 -0.279831 0
    outer loop
      vertex -19.0743 -63.3508 -2.5
      vertex -19.0743 -63.3508 2.5
      vertex -19.3185 -64.1885 -2.5
    endloop
  endfacet
  facet normal 0.960049 -0.279831 0
    outer loop
      vertex -19.0743 -63.3508 2.5
      vertex -19.3185 -64.1885 2.5
      vertex -19.3185 -64.1885 -2.5
    endloop
  endfacet
  facet normal 0.971342 -0.237685 0
    outer loop
      vertex -19.3185 -64.1885 -2.5
      vertex -19.3185 -64.1885 2.5
      vertex -19.5259 -65.0361 -2.5
    endloop
  endfacet
  facet normal 0.971342 -0.237685 0
    outer loop
      vertex -19.3185 -64.1885 2.5
      vertex -19.5259 -65.0361 2.5
      vertex -19.5259 -65.0361 -2.5
    endloop
  endfacet
  facet normal 0.980785 -0.195091 0
    outer loop
      vertex -19.5259 -65.0361 -2.5
      vertex -19.5259 -65.0361 2.5
      vertex -19.6962 -65.892 -2.5
    endloop
  endfacet
  facet normal 0.980785 -0.195091 0
    outer loop
      vertex -19.5259 -65.0361 2.5
      vertex -19.6962 -65.892 2.5
      vertex -19.6962 -65.892 -2.5
    endloop
  endfacet
  facet normal 0.988362 -0.152122 0
    outer loop
      vertex -19.6962 -65.892 -2.5
      vertex -19.6962 -65.892 2.5
      vertex -19.8289 -66.7544 -2.5
    endloop
  endfacet
  facet normal 0.988362 -0.152122 0
    outer loop
      vertex -19.6962 -65.892 2.5
      vertex -19.8289 -66.7544 2.5
      vertex -19.8289 -66.7544 -2.5
    endloop
  endfacet
  facet normal 0.994056 -0.108867 0
    outer loop
      vertex -19.8289 -66.7544 -2.5
      vertex -19.8289 -66.7544 2.5
      vertex -19.9239 -67.6218 -2.5
    endloop
  endfacet
  facet normal 0.994056 -0.108867 0
    outer loop
      vertex -19.8289 -66.7544 2.5
      vertex -19.9239 -67.6218 2.5
      vertex -19.9239 -67.6218 -2.5
    endloop
  endfacet
  facet normal 0.997859 -0.0654043 0
    outer loop
      vertex -19.9239 -67.6218 -2.5
      vertex -19.9239 -67.6218 2.5
      vertex -19.981 -68.4925 -2.5
    endloop
  endfacet
  facet normal 0.997859 -0.0654043 0
    outer loop
      vertex -19.9239 -67.6218 2.5
      vertex -19.981 -68.4925 2.5
      vertex -19.981 -68.4925 -2.5
    endloop
  endfacet
  facet normal 0.999762 -0.0218135 0
    outer loop
      vertex -19.981 -68.4925 -2.5
      vertex -19.981 -68.4925 2.5
      vertex -20 -69.3649 -2.5
    endloop
  endfacet
  facet normal 0.999762 -0.0218135 0
    outer loop
      vertex -19.981 -68.4925 2.5
      vertex -20 -69.3649 2.5
      vertex -20 -69.3649 -2.5
    endloop
  endfacet
  facet normal 1 0 0
    outer loop
      vertex 5 -108.73 2.5
      vertex 5 -108.73 -2.5
      vertex 5 -93.7298 2.5
    endloop
  endfacet
  facet normal 1 0 0
    outer loop
      vertex 5 -108.73 -2.5
      vertex 5 -93.7298 -2.5
      vertex 5 -93.7298 2.5
    endloop
  endfacet
  facet normal 0 0 1
    outer loop
      vertex -5 -93.7298 2.5
      vertex 8.45237 -87.4911 2.5
      vertex 7.65367 -87.8425 2.5
    endloop
  endfacet
  facet normal 0 0 1
    outer loop
      vertex 7.65367 -87.8425 2.5
      vertex 6.8404 -88.1588 2.5
      vertex -5 -93.7298 2.5
    endloop
  endfacet
  facet normal 0 0 1
    outer loop
      vertex 6.8404 -88.1588 2.5
      vertex 6.01412 -88.4393 2.5
      vertex -5 -93.7298 2.5
    endloop
  endfacet
  facet normal 0 0 1
    outer loop
      vertex -5 -93.7298 2.5
      vertex 6.01412 -88.4393 2.5
      vertex 5.17638 -88.6834 2.5
    endloop
  endfacet
  facet normal 0 0 1
    outer loop
      vertex 5.17638 -88.6834 2.5
      vertex 4.32879 -88.8908 2.5
      vertex -5 -93.7298 2.5
    endloop
  endfacet
  facet normal 0 0 1
    outer loop
      vertex 4.32879 -88.8908 2.5
      vertex 3.47296 -89.0611 2.5
      vertex -5 -93.7298 2.5
    endloop
  endfacet
  facet normal 0 0 1
    outer loop
      vertex -5 -93.7298 2.5
      vertex 3.47296 -89.0611 2.5
      vertex 2.61052 -89.1938 2.5
    endloop
  endfacet
  facet normal 0 0 1
    outer loop
      vertex 8.45237 -87.4911 2.5
      vertex 7.10024 -93.2026 2.5
      vertex 8.13116 -92.8709 2.5
    endloop
  endfacet
  facet normal 0 0 1
    outer loop
      vertex -5 -108.73 2.5
      vertex 5 -108.73 2.5
      vertex -5 -93.7298 2.5
    endloop
  endfacet
  facet normal 0 0 1
    outer loop
      vertex 5 -108.73 2.5
      vertex 5 -93.7298 2.5
      vertex -5 -93.7298 2.5
    endloop
  endfacet
  facet normal 0 0 1
    outer loop
      vertex -5 -93.7298 2.5
      vertex 5 -93.7298 2.5
      vertex 8.45237 -87.4911 2.5
    endloop
  endfacet
  facet normal 0 0 1
    outer loop
      vertex 5 -93.7298 2.5
      vertex 6.05586 -93.4891 2.5
      vertex 8.45237 -87.4911 2.5
    endloop
  endfacet
  facet normal 0 0 1
    outer loop
      vertex 8.45237 -87.4911 2.5
      vertex 6.05586 -93.4891 2.5
      vertex 7.10024 -93.2026 2.5
    endloop
  endfacet
  facet normal 0 0 1
    outer loop
      vertex 2.61052 -89.1938 2.5
      vertex 1.74311 -89.2888 2.5
      vertex -5 -93.7298 2.5
    endloop
  endfacet
  facet normal 0 0 1
    outer loop
      vertex 1.74311 -89.2888 2.5
      vertex 0.872388 -89.3459 2.5
      vertex -5 -93.7298 2.5
    endloop
  endfacet
  facet normal 0 0 1
    outer loop
      vertex -5 -93.7298 2.5
      vertex 0.872388 -89.3459 2.5
      vertex -3.06316e-15 -89.3649 2.5
    endloop
  endfacet
  facet normal 0 0 1
    outer loop
      vertex -3.06316e-15 -89.3649 2.5
      vertex -0.872388 -89.3459 2.5
      vertex -5 -93.7298 2.5
    endloop
  endfacet
  facet normal 0 0 1
    outer loop
      vertex -0.872388 -89.3459 2.5
      vertex -1.74311 -89.2888 2.5
      vertex -5 -93.7298 2.5
    endloop
  endfacet
  facet normal 0 0 1
    outer loop
      vertex -5 -93.7298 2.5
      vertex -1.74311 -89.2888 2.5
      vertex -2.61052 -89.1938 2.5
    endloop
  endfacet
  facet normal 0 0 1
    outer loop
      vertex 8.13116 -92.8709 2.5
      vertex 9.14667 -92.4947 2.5
      vertex 8.45237 -87.4911 2.5
    endloop
  endfacet
  facet normal 0 0 1
    outer loop
      vertex 9.14667 -92.4947 2.5
      vertex 10.1448 -92.0746 2.5
      vertex 8.45237 -87.4911 2.5
    endloop
  endfacet
  facet normal 0 0 1
    outer loop
      vertex 8.45237 -87.4911 2.5
      vertex 10.1448 -92.0746 2.5
      vertex 9.23497 -87.1051 2.5
    endloop
  endfacet
  facet normal 0 0 1
    outer loop
      vertex 10.1448 -92.0746 2.5
      vertex 11.1238 -91.6115 2.5
      vertex 9.23497 -87.1051 2.5
    endloop
  endfacet
  facet normal 0 0 1
    outer loop
      vertex 9.23497 -87.1051 2.5
      vertex 11.1238 -91.6115 2.5
      vertex 10 -86.6854 2.5
    endloop
  endfacet
  facet normal 0 0 1
    outer loop
      vertex 11.1238 -91.6115 2.5
      vertex 12.0816 -91.1062 2.5
      vertex 10 -86.6854 2.5
    endloop
  endfacet
  facet normal 0 0 1
    outer loop
      vertex 10 -86.6854 2.5
      vertex 12.0816 -91.1062 2.5
      vertex 10.746 -86.2327 2.5
    endloop
  endfacet
  facet normal 0 0 1
    outer loop
      vertex 12.0816 -91.1062 2.5
      vertex 13.0166 -90.5597 2.5
      vertex 10.746 -86.2327 2.5
    endloop
  endfacet
  facet normal 0 0 1
    outer loop
      vertex 10.746 -86.2327 2.5
      vertex 13.0166 -90.5597 2.5
      vertex 11.4715 -85.748 2.5
    endloop
  endfacet
  facet normal 0 0 1
    outer loop
      vertex 13.0166 -90.5597 2.5
      vertex 13.9268 -89.973 2.5
      vertex 11.4715 -85.748 2.5
    endloop
  endfacet
  facet normal 0 0 1
    outer loop
      vertex 11.4715 -85.748 2.5
      vertex 13.9268 -89.973 2.5
      vertex 12.1752 -85.232 2.5
    endloop
  endfacet
  facet normal 0 0 1
    outer loop
      vertex 13.9268 -89.973 2.5
      vertex 14.8107 -89.3472 2.5
      vertex 12.1752 -85.232 2.5
    endloop
  endfacet
  facet normal 0 0 1
    outer loop
      vertex 12.1752 -85.232 2.5
      vertex 14.8107 -89.3472 2.5
      vertex 12.8558 -84.6858 2.5
    endloop
  endfacet
  facet normal 0 0 1
    outer loop
      vertex 14.8107 -89.3472 2.5
      vertex 15.6665 -88.6836 2.5
      vertex 12.8558 -84.6858 2.5
    endloop
  endfacet
  facet normal 0 0 1
    outer loop
      vertex 12.8558 -84.6858 2.5
      vertex 15.6665 -88.6836 2.5
      vertex 13.5118 -84.1105 2.5
    endloop
  endfacet
  facet normal 0 0 1
    outer loop
      vertex 15.6665 -88.6836 2.5
      vertex 16.4926 -87.9833 2.5
      vertex 13.5118 -84.1105 2.5
    endloop
  endfacet
  facet normal 0 0 1
    outer loop
      vertex 13.5118 -84.1105 2.5
      vertex 16.4926 -87.9833 2.5
      vertex 14.1421 -83.5071 2.5
    endloop
  endfacet
  facet normal 0 0 1
    outer loop
      vertex 16.4926 -87.9833 2.5
      vertex 17.2874 -87.2478 2.5
      vertex 14.1421 -83.5071 2.5
    endloop
  endfacet
  facet normal 0 0 1
    outer loop
      vertex 14.1421 -83.5071 2.5
      vertex 17.2874 -87.2478 2.5
      vertex 14.7455 -82.8767 2.5
    endloop
  endfacet
  facet normal 0 0 1
    outer loop
      vertex 17.2874 -87.2478 2.5
      vertex 18.0494 -86.4783 2.5
      vertex 14.7455 -82.8767 2.5
    endloop
  endfacet
  facet normal 0 0 1
    outer loop
      vertex 14.7455 -82.8767 2.5
      vertex 18.0494 -86.4783 2.5
      vertex 15.3209 -82.2207 2.5
    endloop
  endfacet
  facet normal 0 0 1
    outer loop
      vertex 18.0494 -86.4783 2.5
      vertex 18.7773 -85.6764 2.5
      vertex 15.3209 -82.2207 2.5
    endloop
  endfacet
  facet normal 0 0 1
    outer loop
      vertex 15.3209 -82.2207 2.5
      vertex 18.7773 -85.6764 2.5
      vertex 15.8671 -81.5401 2.5
    endloop
  endfacet
  facet normal 0 0 1
    outer loop
      vertex 18.7773 -85.6764 2.5
      vertex 19.4695 -84.8435 2.5
      vertex 15.8671 -81.5401 2.5
    endloop
  endfacet
  facet normal 0 0 1
    outer loop
      vertex 15.8671 -81.5401 2.5
      vertex 19.4695 -84.8435 2.5
      vertex 16.383 -80.8364 2.5
    endloop
  endfacet
  facet normal 0 0 1
    outer loop
      vertex 19.4695 -84.8435 2.5
      vertex 20.1248 -83.9814 2.5
      vertex 16.383 -80.8364 2.5
    endloop
  endfacet
  facet normal 0 0 1
    outer loop
      vertex 16.383 -80.8364 2.5
      vertex 20.1248 -83.9814 2.5
      vertex 16.8678 -80.1109 2.5
    endloop
  endfacet
  facet normal 0 0 1
    outer loop
      vertex 20.1248 -83.9814 2.5
      vertex 20.742 -83.0915 2.5
      vertex 16.8678 -80.1109 2.5
    endloop
  endfacet
  facet normal 0 0 1
    outer loop
      vertex 16.8678 -80.1109 2.5
      vertex 20.742 -83.0915 2.5
      vertex 17.3205 -79.3649 2.5
    endloop
  endfacet
  facet normal 0 0 1
    outer loop
      vertex 20.742 -83.0915 2.5
      vertex 21.3199 -82.1756 2.5
      vertex 17.3205 -79.3649 2.5
    endloop
  endfacet
  facet normal 0 0 1
    outer loop
      vertex 17.3205 -79.3649 2.5
      vertex 21.3199 -82.1756 2.5
      vertex 17.7402 -78.5999 2.5
    endloop
  endfacet
  facet normal 0 0 1
    outer loop
      vertex 21.3199 -82.1756 2.5
      vertex 21.8573 -81.2354 2.5
      vertex 17.7402 -78.5999 2.5
    endloop
  endfacet
  facet normal 0 0 1
    outer loop
      vertex 17.7402 -78.5999 2.5
      vertex 21.8573 -81.2354 2.5
      vertex 18.1262 -77.8173 2.5
    endloop
  endfacet
  facet normal 0 0 1
    outer loop
      vertex 21.8573 -81.2354 2.5
      vertex 22.3533 -80.2727 2.5
      vertex 18.1262 -77.8173 2.5
    endloop
  endfacet
  facet normal 0 0 1
    outer loop
      vertex 18.1262 -77.8173 2.5
      vertex 22.3533 -80.2727 2.5
      vertex 18.4776 -77.0186 2.5
    endloop
  endfacet
  facet normal 0 0 1
    outer loop
      vertex 22.3533 -80.2727 2.5
      vertex 22.8069 -79.2893 2.5
      vertex 18.4776 -77.0186 2.5
    endloop
  endfacet
  facet normal 0 0 1
    outer loop
      vertex 18.4776 -77.0186 2.5
      vertex 22.8069 -79.2893 2.5
      vertex 18.7939 -76.2053 2.5
    endloop
  endfacet
  facet normal 0 0 1
    outer loop
      vertex 22.8069 -79.2893 2.5
      vertex 23.2173 -78.2871 2.5
      vertex 18.7939 -76.2053 2.5
    endloop
  endfacet
  facet normal 0 0 1
    outer loop
      vertex 18.7939 -76.2053 2.5
      vertex 23.2173 -78.2871 2.5
      vertex 19.0743 -75.379 2.5
    endloop
  endfacet
  facet normal 0 0 1
    outer loop
      vertex 23.2173 -78.2871 2.5
      vertex 23.5837 -77.268 2.5
      vertex 19.0743 -75.379 2.5
    endloop
  endfacet
  facet normal 0 0 1
    outer loop
      vertex 19.0743 -75.379 2.5
      vertex 23.5837 -77.268 2.5
      vertex 19.3185 -74.5413 2.5
    endloop
  endfacet
  facet normal 0 0 1
    outer loop
      vertex 23.5837 -77.268 2.5
      vertex 23.9053 -76.2339 2.5
      vertex 19.3185 -74.5413 2.5
    endloop
  endfacet
  facet normal 0 0 1
    outer loop
      vertex 19.3185 -74.5413 2.5
      vertex 23.9053 -76.2339 2.5
      vertex 19.5259 -73.6937 2.5
    endloop
  endfacet
  facet normal 0 0 1
    outer loop
      vertex 23.9053 -76.2339 2.5
      vertex 24.1817 -75.1868 2.5
      vertex 19.5259 -73.6937 2.5
    endloop
  endfacet
  facet normal 0 0 1
    outer loop
      vertex 19.5259 -73.6937 2.5
      vertex 24.1817 -75.1868 2.5
      vertex 19.6962 -72.8379 2.5
    endloop
  endfacet
  facet normal 0 0 1
    outer loop
      vertex 24.1817 -75.1868 2.5
      vertex 24.4122 -74.1287 2.5
      vertex 19.6962 -72.8379 2.5
    endloop
  endfacet
  facet normal 0 0 1
    outer loop
      vertex 19.6962 -72.8379 2.5
      vertex 24.4122 -74.1287 2.5
      vertex 19.8289 -71.9754 2.5
    endloop
  endfacet
  facet normal 0 0 1
    outer loop
      vertex 24.4122 -74.1287 2.5
      vertex 24.5964 -73.0615 2.5
      vertex 19.8289 -71.9754 2.5
    endloop
  endfacet
  facet normal 0 0 1
    outer loop
      vertex 19.8289 -71.9754 2.5
      vertex 24.5964 -73.0615 2.5
      vertex 19.9239 -71.108 2.5
    endloop
  endfacet
  facet normal 0 0 1
    outer loop
      vertex 24.5964 -73.0615 2.5
      vertex 24.734 -71.9873 2.5
      vertex 19.9239 -71.108 2.5
    endloop
  endfacet
  facet normal 0 0 1
    outer loop
      vertex 19.9239 -71.108 2.5
      vertex 24.734 -71.9873 2.5
      vertex 19.981 -70.2373 2.5
    endloop
  endfacet
  facet normal 0 0 1
    outer loop
      vertex 24.734 -71.9873 2.5
      vertex 24.8247 -70.9082 2.5
      vertex 19.981 -70.2373 2.5
    endloop
  endfacet
  facet normal 0 0 1
    outer loop
      vertex 19.981 -70.2373 2.5
      vertex 24.8247 -70.9082 2.5
      vertex 20 -69.3649 2.5
    endloop
  endfacet
  facet normal 0 0 1
    outer loop
      vertex 24.8247 -70.9082 2.5
      vertex 24.8684 -69.8261 2.5
      vertex 20 -69.3649 2.5
    endloop
  endfacet
  facet normal 0 0 1
    outer loop
      vertex 20 -69.3649 2.5
      vertex 24.8684 -69.8261 2.5
      vertex 19.981 -68.4925 2.5
    endloop
  endfacet
  facet normal 0 0 1
    outer loop
      vertex 24.8684 -69.8261 2.5
      vertex 24.8649 -68.7432 2.5
      vertex 19.981 -68.4925 2.5
    endloop
  endfacet
  facet normal 0 0 1
    outer loop
      vertex 19.981 -68.4925 2.5
      vertex 24.8649 -68.7432 2.5
      vertex 19.9239 -67.6218 2.5
    endloop
  endfacet
  facet normal 0 0 1
    outer loop
      vertex 24.8649 -68.7432 2.5
      vertex 24.8143 -67.6614 2.5
      vertex 19.9239 -67.6218 2.5
    endloop
  endfacet
  facet normal 0 0 1
    outer loop
      vertex 19.9239 -67.6218 2.5
      vertex 24.8143 -67.6614 2.5
      vertex 19.8289 -66.7544 2.5
    endloop
  endfacet
  facet normal 0 0 1
    outer loop
      vertex 24.8143 -67.6614 2.5
      vertex 24.7166 -66.5828 2.5
      vertex 19.8289 -66.7544 2.5
    endloop
  endfacet
  facet normal 0 0 1
    outer loop
      vertex 19.8289 -66.7544 2.5
      vertex 24.7166 -66.5828 2.5
      vertex 19.6962 -65.892 2.5
    endloop
  endfacet
  facet normal 0 0 1
    outer loop
      vertex 24.7166 -66.5828 2.5
      vertex 24.572 -65.5096 2.5
      vertex 19.6962 -65.892 2.5
    endloop
  endfacet
  facet normal 0 0 1
    outer loop
      vertex 19.6962 -65.892 2.5
      vertex 24.572 -65.5096 2.5
      vertex 19.5259 -65.0361 2.5
    endloop
  endfacet
  facet normal 0 0 1
    outer loop
      vertex 24.572 -65.5096 2.5
      vertex 24.3809 -64.4436 2.5
      vertex 19.5259 -65.0361 2.5
    endloop
  endfacet
  facet normal 0 0 1
    outer loop
      vertex 19.5259 -65.0361 2.5
      vertex 24.3809 -64.4436 2.5
      vertex 19.3185 -64.1885 2.5
    endloop
  endfacet
  facet normal 0 0 1
    outer loop
      vertex 24.3809 -64.4436 2.5
      vertex 24.1436 -63.387 2.5
      vertex 19.3185 -64.1885 2.5
    endloop
  endfacet
  facet normal 0 0 1
    outer loop
      vertex 19.3185 -64.1885 2.5
      vertex 24.1436 -63.387 2.5
      vertex 19.0743 -63.3508 2.5
    endloop
  endfacet
  facet normal 0 0 1
    outer loop
      vertex 24.1436 -63.387 2.5
      vertex 23.8605 -62.3417 2.5
      vertex 19.0743 -63.3508 2.5
    endloop
  endfacet
  facet normal 0 0 1
    outer loop
      vertex 19.0743 -63.3508 2.5
      vertex 23.8605 -62.3417 2.5
      vertex 18.7939 -62.5245 2.5
    endloop
  endfacet
  facet normal 0 0 1
    outer loop
      vertex 23.8605 -62.3417 2.5
      vertex 23.5322 -61.3097 2.5
      vertex 18.7939 -62.5245 2.5
    endloop
  endfacet
  facet normal 0 0 1
    outer loop
      vertex 18.7939 -62.5245 2.5
      vertex 23.5322 -61.3097 2.5
      vertex 18.4776 -61.7112 2.5
    endloop
  endfacet
  facet normal 0 0 1
    outer loop
      vertex 23.5322 -61.3097 2.5
      vertex 23.1592 -60.293 2.5
      vertex 18.4776 -61.7112 2.5
    endloop
  endfacet
  facet normal 0 0 1
    outer loop
      vertex 18.4776 -61.7112 2.5
      vertex 23.1592 -60.293 2.5
      vertex 18.1262 -60.9126 2.5
    endloop
  endfacet
  facet normal 0 0 1
    outer loop
      vertex 23.1592 -60.293 2.5
      vertex 22.7424 -59.2935 2.5
      vertex 18.1262 -60.9126 2.5
    endloop
  endfacet
  facet normal 0 0 1
    outer loop
      vertex 18.1262 -60.9126 2.5
      vertex 22.7424 -59.2935 2.5
      vertex 17.7402 -60.1299 2.5
    endloop
  endfacet
  facet normal 0 0 1
    outer loop
      vertex 22.7424 -59.2935 2.5
      vertex 22.2824 -58.313 2.5
      vertex 17.7402 -60.1299 2.5
    endloop
  endfacet
  facet normal 0 0 1
    outer loop
      vertex 17.7402 -60.1299 2.5
      vertex 22.2824 -58.313 2.5
      vertex 17.3205 -59.3649 2.5
    endloop
  endfacet
  facet normal 0 0 1
    outer loop
      vertex 22.2824 -58.313 2.5
      vertex 21.7802 -57.3536 2.5
      vertex 17.3205 -59.3649 2.5
    endloop
  endfacet
  facet normal 0 0 1
    outer loop
      vertex 17.3205 -59.3649 2.5
      vertex 21.7802 -57.3536 2.5
      vertex 16.8678 -58.6189 2.5
    endloop
  endfacet
  facet normal 0 0 1
    outer loop
      vertex 21.7802 -57.3536 2.5
      vertex 21.2367 -56.4169 2.5
      vertex 16.8678 -58.6189 2.5
    endloop
  endfacet
  facet normal 0 0 1
    outer loop
      vertex 16.8678 -58.6189 2.5
      vertex 21.2367 -56.4169 2.5
      vertex 16.383 -57.8934 2.5
    endloop
  endfacet
  facet normal 0 0 1
    outer loop
      vertex 21.2367 -56.4169 2.5
      vertex 20.6529 -55.5047 2.5
      vertex 16.383 -57.8934 2.5
    endloop
  endfacet
  facet normal 0 0 1
    outer loop
      vertex 16.383 -57.8934 2.5
      vertex 20.6529 -55.5047 2.5
      vertex 15.8671 -57.1897 2.5
    endloop
  endfacet
  facet normal 0 0 1
    outer loop
      vertex 20.6529 -55.5047 2.5
      vertex 20.03 -54.6188 2.5
      vertex 15.8671 -57.1897 2.5
    endloop
  endfacet
  facet normal 0 0 1
    outer loop
      vertex 15.8671 -57.1897 2.5
      vertex 20.03 -54.6188 2.5
      vertex 15.3209 -56.5092 2.5
    endloop
  endfacet
  facet normal 0 0 1
    outer loop
      vertex 20.03 -54.6188 2.5
      vertex 19.3691 -53.7609 2.5
      vertex 15.3209 -56.5092 2.5
    endloop
  endfacet
  facet normal 0 0 1
    outer loop
      vertex 15.3209 -56.5092 2.5
      vertex 19.3691 -53.7609 2.5
      vertex 14.7455 -55.8531 2.5
    endloop
  endfacet
  facet normal 0 0 1
    outer loop
      vertex 19.3691 -53.7609 2.5
      vertex 18.6715 -52.9326 2.5
      vertex 14.7455 -55.8531 2.5
    endloop
  endfacet
  facet normal 0 0 1
    outer loop
      vertex 14.7455 -55.8531 2.5
      vertex 18.6715 -52.9326 2.5
      vertex 14.1421 -55.2228 2.5
    endloop
  endfacet
  facet normal 0 0 1
    outer loop
      vertex 18.6715 -52.9326 2.5
      vertex 17.9386 -52.1354 2.5
      vertex 14.1421 -55.2228 2.5
    endloop
  endfacet
  facet normal 0 0 1
    outer loop
      vertex 14.1421 -55.2228 2.5
      vertex 17.9386 -52.1354 2.5
      vertex 13.5118 -54.6194 2.5
    endloop
  endfacet
  facet normal 0 0 1
    outer loop
      vertex 17.9386 -52.1354 2.5
      vertex 17.1715 -51.3708 2.5
      vertex 13.5118 -54.6194 2.5
    endloop
  endfacet
  facet normal 0 0 1
    outer loop
      vertex 13.5118 -54.6194 2.5
      vertex 17.1715 -51.3708 2.5
      vertex 12.8558 -54.044 2.5
    endloop
  endfacet
  facet normal 0 0 1
    outer loop
      vertex 17.1715 -51.3708 2.5
      vertex 16.372 -50.6404 2.5
      vertex 12.8558 -54.044 2.5
    endloop
  endfacet
  facet normal 0 0 1
    outer loop
      vertex 12.8558 -54.044 2.5
      vertex 16.372 -50.6404 2.5
      vertex 12.1752 -53.4979 2.5
    endloop
  endfacet
  facet normal 0 0 1
    outer loop
      vertex 16.372 -50.6404 2.5
      vertex 15.5414 -49.9455 2.5
      vertex 12.1752 -53.4979 2.5
    endloop
  endfacet
  facet normal 0 0 1
    outer loop
      vertex 12.1752 -53.4979 2.5
      vertex 15.5414 -49.9455 2.5
      vertex 11.4715 -52.9819 2.5
    endloop
  endfacet
  facet normal 0 0 1
    outer loop
      vertex 15.5414 -49.9455 2.5
      vertex 14.6813 -49.2874 2.5
      vertex 11.4715 -52.9819 2.5
    endloop
  endfacet
  facet normal 0 0 1
    outer loop
      vertex 11.4715 -52.9819 2.5
      vertex 14.6813 -49.2874 2.5
      vertex 10.746 -52.4971 2.5
    endloop
  endfacet
  facet normal 0 0 1
    outer loop
      vertex 14.6813 -49.2874 2.5
      vertex 13.7935 -48.6673 2.5
      vertex 10.746 -52.4971 2.5
    endloop
  endfacet
  facet normal 0 0 1
    outer loop
      vertex 10.746 -52.4971 2.5
      vertex 13.7935 -48.6673 2.5
      vertex 10 -52.0444 2.5
    endloop
  endfacet
  facet normal 0 0 1
    outer loop
      vertex 13.7935 -48.6673 2.5
      vertex 12.8794 -48.0865 2.5
      vertex 10 -52.0444 2.5
    endloop
  endfacet
  facet normal 0 0 1
    outer loop
      vertex 10 -52.0444 2.5
      vertex 12.8794 -48.0865 2.5
      vertex 9.23497 -51.6247 2.5
    endloop
  endfacet
  facet normal 0 0 1
    outer loop
      vertex 12.8794 -48.0865 2.5
      vertex 11.941 -47.5461 2.5
      vertex 9.23497 -51.6247 2.5
    endloop
  endfacet
  facet normal 0 0 1
    outer loop
      vertex 9.23497 -51.6247 2.5
      vertex 11.941 -47.5461 2.5
      vertex 8.45237 -51.2388 2.5
    endloop
  endfacet
  facet normal 0 0 1
    outer loop
      vertex 11.941 -47.5461 2.5
      vertex 10.9799 -47.047 2.5
      vertex 8.45237 -51.2388 2.5
    endloop
  endfacet
  facet normal 0 0 1
    outer loop
      vertex 8.45237 -51.2388 2.5
      vertex 10.9799 -47.047 2.5
      vertex 7.65367 -50.8873 2.5
    endloop
  endfacet
  facet normal 0 0 1
    outer loop
      vertex 10.9799 -47.047 2.5
      vertex 9.99798 -46.5902 2.5
      vertex 7.65367 -50.8873 2.5
    endloop
  endfacet
  facet normal 0 0 1
    outer loop
      vertex 7.65367 -50.8873 2.5
      vertex 9.99798 -46.5902 2.5
      vertex 6.8404 -50.5711 2.5
    endloop
  endfacet
  facet normal 0 0 1
    outer loop
      vertex 9.99798 -46.5902 2.5
      vertex 8.99712 -46.1765 2.5
      vertex 6.8404 -50.5711 2.5
    endloop
  endfacet
  facet normal 0 0 1
    outer loop
      vertex 6.8404 -50.5711 2.5
      vertex 8.99712 -46.1765 2.5
      vertex 6.01412 -50.2906 2.5
    endloop
  endfacet
  facet normal 0 0 1
    outer loop
      vertex 8.99712 -46.1765 2.5
      vertex 7.97921 -45.8069 2.5
      vertex 6.01412 -50.2906 2.5
    endloop
  endfacet
  facet normal 0 0 1
    outer loop
      vertex 6.01412 -50.2906 2.5
      vertex 7.97921 -45.8069 2.5
      vertex 5.17638 -50.0464 2.5
    endloop
  endfacet
  facet normal 0 0 1
    outer loop
      vertex 7.97921 -45.8069 2.5
      vertex 6.94617 -45.4819 2.5
      vertex 5.17638 -50.0464 2.5
    endloop
  endfacet
  facet normal 0 0 1
    outer loop
      vertex 5.17638 -50.0464 2.5
      vertex 6.94617 -45.4819 2.5
      vertex 4.32879 -49.839 2.5
    endloop
  endfacet
  facet normal 0 0 1
    outer loop
      vertex 6.94617 -45.4819 2.5
      vertex 5.89996 -45.2021 2.5
      vertex 4.32879 -49.839 2.5
    endloop
  endfacet
  facet normal 0 0 1
    outer loop
      vertex 4.32879 -49.839 2.5
      vertex 5.89996 -45.2021 2.5
      vertex 3.47296 -49.6688 2.5
    endloop
  endfacet
  facet normal 0 0 1
    outer loop
      vertex 5.89996 -45.2021 2.5
      vertex 4.84257 -44.9682 2.5
      vertex 3.47296 -49.6688 2.5
    endloop
  endfacet
  facet normal 0 0 1
    outer loop
      vertex 3.47296 -49.6688 2.5
      vertex 4.84257 -44.9682 2.5
      vertex 2.61052 -49.536 2.5
    endloop
  endfacet
  facet normal 0 0 1
    outer loop
      vertex 4.84257 -44.9682 2.5
      vertex 3.776 -44.7806 2.5
      vertex 2.61052 -49.536 2.5
    endloop
  endfacet
  facet normal 0 0 1
    outer loop
      vertex 2.61052 -49.536 2.5
      vertex 3.776 -44.7806 2.5
      vertex 1.74311 -49.441 2.5
    endloop
  endfacet
  facet normal 0 0 1
    outer loop
      vertex 3.776 -44.7806 2.5
      vertex 2.70227 -44.6395 2.5
      vertex 1.74311 -49.441 2.5
    endloop
  endfacet
  facet normal 0 0 1
    outer loop
      vertex 1.74311 -49.441 2.5
      vertex 2.70227 -44.6395 2.5
      vertex 0.872388 -49.384 2.5
    endloop
  endfacet
  facet normal 0 0 1
    outer loop
      vertex -2.61052 -89.1938 2.5
      vertex -3.47296 -89.0611 2.5
      vertex -5 -93.7298 2.5
    endloop
  endfacet
  facet normal 0 0 1
    outer loop
      vertex -3.47296 -89.0611 2.5
      vertex -4.32879 -88.8908 2.5
      vertex -5 -93.7298 2.5
    endloop
  endfacet
  facet normal 0 0 1
    outer loop
      vertex -5 -93.7298 2.5
      vertex -4.32879 -88.8908 2.5
      vertex -6.05586 -93.4891 2.5
    endloop
  endfacet
  facet normal 0 0 1
    outer loop
      vertex 2.70227 -44.6395 2.5
      vertex 1.62341 -44.5453 2.5
      vertex 0.872388 -49.384 2.5
    endloop
  endfacet
  facet normal 0 0 1
    outer loop
      vertex 1.62341 -44.5453 2.5
      vertex 0.541479 -44.4982 2.5
      vertex 0.872388 -49.384 2.5
    endloop
  endfacet
  facet normal 0 0 1
    outer loop
      vertex 0.872388 -49.384 2.5
      vertex 0.541479 -44.4982 2.5
      vertex 1.37773e-15 -49.3649 2.5
    endloop
  endfacet
  facet normal 0 0 1
    outer loop
      vertex 0.541479 -44.4982 2.5
      vertex -0.541479 -44.4982 2.5
      vertex 1.37773e-15 -49.3649 2.5
    endloop
  endfacet
  facet normal 0 0 1
    outer loop
      vertex 1.37773e-15 -49.3649 2.5
      vertex -0.541479 -44.4982 2.5
      vertex -0.872388 -49.384 2.5
    endloop
  endfacet
  facet normal 0 0 1
    outer loop
      vertex -0.541479 -44.4982 2.5
      vertex -1.62341 -44.5453 2.5
      vertex -0.872388 -49.384 2.5
    endloop
  endfacet
  facet normal 0 0 1
    outer loop
      vertex -0.872388 -49.384 2.5
      vertex -1.62341 -44.5453 2.5
      vertex -1.74311 -49.441 2.5
    endloop
  endfacet
  facet normal 0 0 1
    outer loop
      vertex -1.62341 -44.5453 2.5
      vertex -2.70227 -44.6395 2.5
      vertex -1.74311 -49.441 2.5
    endloop
  endfacet
  facet normal 0 0 1
    outer loop
      vertex -1.74311 -49.441 2.5
      vertex -2.70227 -44.6395 2.5
      vertex -2.61052 -49.536 2.5
    endloop
  endfacet
  facet normal 0 0 1
    outer loop
      vertex -2.70227 -44.6395 2.5
      vertex -3.776 -44.7806 2.5
      vertex -2.61052 -49.536 2.5
    endloop
  endfacet
  facet normal 0 0 1
    outer loop
      vertex -2.61052 -49.536 2.5
      vertex -3.776 -44.7806 2.5
      vertex -3.47296 -49.6688 2.5
    endloop
  endfacet
  facet normal 0 0 1
    outer loop
      vertex -3.776 -44.7806 2.5
      vertex -4.84257 -44.9682 2.5
      vertex -3.47296 -49.6688 2.5
    endloop
  endfacet
  facet normal 0 0 1
    outer loop
      vertex -3.47296 -49.6688 2.5
      vertex -4.84257 -44.9682 2.5
      vertex -4.32879 -49.839 2.5
    endloop
  endfacet
  facet normal 0 0 1
    outer loop
      vertex -4.84257 -44.9682 2.5
      vertex -5.89996 -45.2021 2.5
      vertex -4.32879 -49.839 2.5
    endloop
  endfacet
  facet normal 0 0 1
    outer loop
      vertex -4.32879 -49.839 2.5
      vertex -5.89996 -45.2021 2.5
      vertex -5.17638 -50.0464 2.5
    endloop
  endfacet
  facet normal 0 0 1
    outer loop
      vertex -5.89996 -45.2021 2.5
      vertex -6.94617 -45.4819 2.5
      vertex -5.17638 -50.0464 2.5
    endloop
  endfacet
  facet normal 0 0 1
    outer loop
      vertex -5.17638 -50.0464 2.5
      vertex -6.94617 -45.4819 2.5
      vertex -6.01412 -50.2906 2.5
    endloop
  endfacet
  facet normal 0 0 1
    outer loop
      vertex -6.94617 -45.4819 2.5
      vertex -7.97921 -45.8069 2.5
      vertex -6.01412 -50.2906 2.5
    endloop
  endfacet
  facet normal 0 0 1
    outer loop
      vertex -6.01412 -50.2906 2.5
      vertex -7.97921 -45.8069 2.5
      vertex -6.8404 -50.5711 2.5
    endloop
  endfacet
  facet normal 0 0 1
    outer loop
      vertex -7.97921 -45.8069 2.5
      vertex -8.99712 -46.1765 2.5
      vertex -6.8404 -50.5711 2.5
    endloop
  endfacet
  facet normal 0 0 1
    outer loop
      vertex -6.8404 -50.5711 2.5
      vertex -8.99712 -46.1765 2.5
      vertex -7.65367 -50.8873 2.5
    endloop
  endfacet
  facet normal 0 0 1
    outer loop
      vertex -8.99712 -46.1765 2.5
      vertex -9.99798 -46.5902 2.5
      vertex -7.65367 -50.8873 2.5
    endloop
  endfacet
  facet normal 0 0 1
    outer loop
      vertex -7.65367 -50.8873 2.5
      vertex -9.99798 -46.5902 2.5
      vertex -8.45237 -51.2388 2.5
    endloop
  endfacet
  facet normal 0 0 1
    outer loop
      vertex -9.99798 -46.5902 2.5
      vertex -10.9799 -47.047 2.5
      vertex -8.45237 -51.2388 2.5
    endloop
  endfacet
  facet normal 0 0 1
    outer loop
      vertex -8.45237 -51.2388 2.5
      vertex -10.9799 -47.047 2.5
      vertex -9.23497 -51.6247 2.5
    endloop
  endfacet
  facet normal 0 0 1
    outer loop
      vertex -10.9799 -47.047 2.5
      vertex -11.941 -47.5461 2.5
      vertex -9.23497 -51.6247 2.5
    endloop
  endfacet
  facet normal 0 0 1
    outer loop
      vertex -9.23497 -51.6247 2.5
      vertex -11.941 -47.5461 2.5
      vertex -10 -52.0444 2.5
    endloop
  endfacet
  facet normal 0 0 1
    outer loop
      vertex -11.941 -47.5461 2.5
      vertex -12.8794 -48.0865 2.5
      vertex -10 -52.0444 2.5
    endloop
  endfacet
  facet normal 0 0 1
    outer loop
      vertex -10 -52.0444 2.5
      vertex -12.8794 -48.0865 2.5
      vertex -10.746 -52.4971 2.5
    endloop
  endfacet
  facet normal 0 0 1
    outer loop
      vertex -12.8794 -48.0865 2.5
      vertex -13.7935 -48.6673 2.5
      vertex -10.746 -52.4971 2.5
    endloop
  endfacet
  facet normal 0 0 1
    outer loop
      vertex -10.746 -52.4971 2.5
      vertex -13.7935 -48.6673 2.5
      vertex -11.4715 -52.9819 2.5
    endloop
  endfacet
  facet normal 0 0 1
    outer loop
      vertex -13.7935 -48.6673 2.5
      vertex -14.6813 -49.2874 2.5
      vertex -11.4715 -52.9819 2.5
    endloop
  endfacet
  facet normal 0 0 1
    outer loop
      vertex -11.4715 -52.9819 2.5
      vertex -14.6813 -49.2874 2.5
      vertex -12.1752 -53.4979 2.5
    endloop
  endfacet
  facet normal 0 0 1
    outer loop
      vertex -14.6813 -49.2874 2.5
      vertex -15.5414 -49.9455 2.5
      vertex -12.1752 -53.4979 2.5
    endloop
  endfacet
  facet normal 0 0 1
    outer loop
      vertex -12.1752 -53.4979 2.5
      vertex -15.5414 -49.9455 2.5
      vertex -12.8558 -54.044 2.5
    endloop
  endfacet
  facet normal 0 0 1
    outer loop
      vertex -15.5414 -49.9455 2.5
      vertex -16.372 -50.6404 2.5
      vertex -12.8558 -54.044 2.5
    endloop
  endfacet
  facet normal 0 0 1
    outer loop
      vertex -12.8558 -54.044 2.5
      vertex -16.372 -50.6404 2.5
      vertex -13.5118 -54.6194 2.5
    endloop
  endfacet
  facet normal 0 0 1
    outer loop
      vertex -16.372 -50.6404 2.5
      vertex -17.1715 -51.3708 2.5
      vertex -13.5118 -54.6194 2.5
    endloop
  endfacet
  facet normal 0 0 1
    outer loop
      vertex -13.5118 -54.6194 2.5
      vertex -17.1715 -51.3708 2.5
      vertex -14.1421 -55.2228 2.5
    endloop
  endfacet
  facet normal 0 0 1
    outer loop
      vertex -17.1715 -51.3708 2.5
      vertex -17.9386 -52.1354 2.5
      vertex -14.1421 -55.2228 2.5
    endloop
  endfacet
  facet normal 0 0 1
    outer loop
      vertex -14.1421 -55.2228 2.5
      vertex -17.9386 -52.1354 2.5
      vertex -14.7455 -55.8531 2.5
    endloop
  endfacet
  facet normal 0 0 1
    outer loop
      vertex -17.9386 -52.1354 2.5
      vertex -18.6715 -52.9326 2.5
      vertex -14.7455 -55.8531 2.5
    endloop
  endfacet
  facet normal 0 0 1
    outer loop
      vertex -14.7455 -55.8531 2.5
      vertex -18.6715 -52.9326 2.5
      vertex -15.3209 -56.5092 2.5
    endloop
  endfacet
  facet normal 0 0 1
    outer loop
      vertex -18.6715 -52.9326 2.5
      vertex -19.3691 -53.7609 2.5
      vertex -15.3209 -56.5092 2.5
    endloop
  endfacet
  facet normal 0 0 1
    outer loop
      vertex -15.3209 -56.5092 2.5
      vertex -19.3691 -53.7609 2.5
      vertex -15.8671 -57.1897 2.5
    endloop
  endfacet
  facet normal 0 0 1
    outer loop
      vertex -19.3691 -53.7609 2.5
      vertex -20.03 -54.6188 2.5
      vertex -15.8671 -57.1897 2.5
    endloop
  endfacet
  facet normal 0 0 1
    outer loop
      vertex -15.8671 -57.1897 2.5
      vertex -20.03 -54.6188 2.5
      vertex -16.383 -57.8934 2.5
    endloop
  endfacet
  facet normal 0 0 1
    outer loop
      vertex -20.03 -54.6188 2.5
      vertex -20.6529 -55.5047 2.5
      vertex -16.383 -57.8934 2.5
    endloop
  endfacet
  facet normal 0 0 1
    outer loop
      vertex -16.383 -57.8934 2.5
      vertex -20.6529 -55.5047 2.5
      vertex -16.8678 -58.6189 2.5
    endloop
  endfacet
  facet normal 0 0 1
    outer loop
      vertex -20.6529 -55.5047 2.5
      vertex -21.2367 -56.4169 2.5
      vertex -16.8678 -58.6189 2.5
    endloop
  endfacet
  facet normal 0 0 1
    outer loop
      vertex -16.8678 -58.6189 2.5
      vertex -21.2367 -56.4169 2.5
      vertex -17.3205 -59.3649 2.5
    endloop
  endfacet
  facet normal 0 0 1
    outer loop
      vertex -21.2367 -56.4169 2.5
      vertex -21.7802 -57.3536 2.5
      vertex -17.3205 -59.3649 2.5
    endloop
  endfacet
  facet normal 0 0 1
    outer loop
      vertex -17.3205 -59.3649 2.5
      vertex -21.7802 -57.3536 2.5
      vertex -17.7402 -60.1299 2.5
    endloop
  endfacet
  facet normal 0 0 1
    outer loop
      vertex -21.7802 -57.3536 2.5
      vertex -22.2824 -58.313 2.5
      vertex -17.7402 -60.1299 2.5
    endloop
  endfacet
  facet normal 0 0 1
    outer loop
      vertex -17.7402 -60.1299 2.5
      vertex -22.2824 -58.313 2.5
      vertex -18.1262 -60.9126 2.5
    endloop
  endfacet
  facet normal 0 0 1
    outer loop
      vertex -22.2824 -58.313 2.5
      vertex -22.7424 -59.2935 2.5
      vertex -18.1262 -60.9126 2.5
    endloop
  endfacet
  facet normal 0 0 1
    outer loop
      vertex -18.1262 -60.9126 2.5
      vertex -22.7424 -59.2935 2.5
      vertex -18.4776 -61.7112 2.5
    endloop
  endfacet
  facet normal 0 0 1
    outer loop
      vertex -22.7424 -59.2935 2.5
      vertex -23.1592 -60.293 2.5
      vertex -18.4776 -61.7112 2.5
    endloop
  endfacet
  facet normal 0 0 1
    outer loop
      vertex -18.4776 -61.7112 2.5
      vertex -23.1592 -60.293 2.5
      vertex -18.7939 -62.5245 2.5
    endloop
  endfacet
  facet normal 0 0 1
    outer loop
      vertex -23.1592 -60.293 2.5
      vertex -23.5322 -61.3097 2.5
      vertex -18.7939 -62.5245 2.5
    endloop
  endfacet
  facet normal 0 0 1
    outer loop
      vertex -18.7939 -62.5245 2.5
      vertex -23.5322 -61.3097 2.5
      vertex -19.0743 -63.3508 2.5
    endloop
  endfacet
  facet normal 0 0 1
    outer loop
      vertex -23.5322 -61.3097 2.5
      vertex -23.8605 -62.3417 2.5
      vertex -19.0743 -63.3508 2.5
    endloop
  endfacet
  facet normal 0 0 1
    outer loop
      vertex -19.0743 -63.3508 2.5
      vertex -23.8605 -62.3417 2.5
      vertex -19.3185 -64.1885 2.5
    endloop
  endfacet
  facet normal 0 0 1
    outer loop
      vertex -23.8605 -62.3417 2.5
      vertex -24.1436 -63.387 2.5
      vertex -19.3185 -64.1885 2.5
    endloop
  endfacet
  facet normal 0 0 1
    outer loop
      vertex -19.3185 -64.1885 2.5
      vertex -24.1436 -63.387 2.5
      vertex -19.5259 -65.0361 2.5
    endloop
  endfacet
  facet normal 0 0 1
    outer loop
      vertex -24.1436 -63.387 2.5
      vertex -24.3809 -64.4436 2.5
      vertex -19.5259 -65.0361 2.5
    endloop
  endfacet
  facet normal 0 0 1
    outer loop
      vertex -19.5259 -65.0361 2.5
      vertex -24.3809 -64.4436 2.5
      vertex -19.6962 -65.892 2.5
    endloop
  endfacet
  facet normal 0 0 1
    outer loop
      vertex -24.3809 -64.4436 2.5
      vertex -24.572 -65.5096 2.5
      vertex -19.6962 -65.892 2.5
    endloop
  endfacet
  facet normal 0 0 1
    outer loop
      vertex -19.6962 -65.892 2.5
      vertex -24.572 -65.5096 2.5
      vertex -19.8289 -66.7544 2.5
    endloop
  endfacet
  facet normal 0 0 1
    outer loop
      vertex -24.572 -65.5096 2.5
      vertex -24.7166 -66.5828 2.5
      vertex -19.8289 -66.7544 2.5
    endloop
  endfacet
  facet normal 0 0 1
    outer loop
      vertex -19.8289 -66.7544 2.5
      vertex -24.7166 -66.5828 2.5
      vertex -19.9239 -67.6218 2.5
    endloop
  endfacet
  facet normal 0 0 1
    outer loop
      vertex -24.7166 -66.5828 2.5
      vertex -24.8143 -67.6614 2.5
      vertex -19.9239 -67.6218 2.5
    endloop
  endfacet
  facet normal 0 0 1
    outer loop
      vertex -19.9239 -67.6218 2.5
      vertex -24.8143 -67.6614 2.5
      vertex -19.981 -68.4925 2.5
    endloop
  endfacet
  facet normal 0 0 1
    outer loop
      vertex -24.8143 -67.6614 2.5
      vertex -24.8649 -68.7432 2.5
      vertex -19.981 -68.4925 2.5
    endloop
  endfacet
  facet normal 0 0 1
    outer loop
      vertex -19.981 -68.4925 2.5
      vertex -24.8649 -68.7432 2.5
      vertex -20 -69.3649 2.5
    endloop
  endfacet
  facet normal 0 0 1
    outer loop
      vertex -24.8649 -68.7432 2.5
      vertex -24.8684 -69.8261 2.5
      vertex -20 -69.3649 2.5
    endloop
  endfacet
  facet normal 0 0 1
    outer loop
      vertex -20 -69.3649 2.5
      vertex -24.8684 -69.8261 2.5
      vertex -19.981 -70.2373 2.5
    endloop
  endfacet
  facet normal 0 0 1
    outer loop
      vertex -24.8684 -69.8261 2.5
      vertex -24.8247 -70.9082 2.5
      vertex -19.981 -70.2373 2.5
    endloop
  endfacet
  facet normal 0 0 1
    outer loop
      vertex -19.981 -70.2373 2.5
      vertex -24.8247 -70.9082 2.5
      vertex -19.9239 -71.108 2.5
    endloop
  endfacet
  facet normal 0 0 1
    outer loop
      vertex -24.8247 -70.9082 2.5
      vertex -24.734 -71.9873 2.5
      vertex -19.9239 -71.108 2.5
    endloop
  endfacet
  facet normal 0 0 1
    outer loop
      vertex -19.9239 -71.108 2.5
      vertex -24.734 -71.9873 2.5
      vertex -19.8289 -71.9754 2.5
    endloop
  endfacet
  facet normal 0 0 1
    outer loop
      vertex -24.734 -71.9873 2.5
      vertex -24.5964 -73.0615 2.5
      vertex -19.8289 -71.9754 2.5
    endloop
  endfacet
  facet normal 0 0 1
    outer loop
      vertex -19.8289 -71.9754 2.5
      vertex -24.5964 -73.0615 2.5
      vertex -19.6962 -72.8379 2.5
    endloop
  endfacet
  facet normal 0 0 1
    outer loop
      vertex -24.5964 -73.0615 2.5
      vertex -24.4122 -74.1287 2.5
      vertex -19.6962 -72.8379 2.5
    endloop
  endfacet
  facet normal 0 0 1
    outer loop
      vertex -19.6962 -72.8379 2.5
      vertex -24.4122 -74.1287 2.5
      vertex -19.5259 -73.6937 2.5
    endloop
  endfacet
  facet normal 0 0 1
    outer loop
      vertex -24.4122 -74.1287 2.5
      vertex -24.1817 -75.1868 2.5
      vertex -19.5259 -73.6937 2.5
    endloop
  endfacet
  facet normal 0 0 1
    outer loop
      vertex -19.5259 -73.6937 2.5
      vertex -24.1817 -75.1868 2.5
      vertex -19.3185 -74.5413 2.5
    endloop
  endfacet
  facet normal 0 0 1
    outer loop
      vertex -24.1817 -75.1868 2.5
      vertex -23.9053 -76.2339 2.5
      vertex -19.3185 -74.5413 2.5
    endloop
  endfacet
  facet normal 0 0 1
    outer loop
      vertex -19.3185 -74.5413 2.5
      vertex -23.9053 -76.2339 2.5
      vertex -19.0743 -75.379 2.5
    endloop
  endfacet
  facet normal 0 0 1
    outer loop
      vertex -23.9053 -76.2339 2.5
      vertex -23.5837 -77.268 2.5
      vertex -19.0743 -75.379 2.5
    endloop
  endfacet
  facet normal 0 0 1
    outer loop
      vertex -19.0743 -75.379 2.5
      vertex -23.5837 -77.268 2.5
      vertex -18.7939 -76.2053 2.5
    endloop
  endfacet
  facet normal 0 0 1
    outer loop
      vertex -23.5837 -77.268 2.5
      vertex -23.2173 -78.2871 2.5
      vertex -18.7939 -76.2053 2.5
    endloop
  endfacet
  facet normal 0 0 1
    outer loop
      vertex -18.7939 -76.2053 2.5
      vertex -23.2173 -78.2871 2.5
      vertex -18.4776 -77.0186 2.5
    endloop
  endfacet
  facet normal 0 0 1
    outer loop
      vertex -23.2173 -78.2871 2.5
      vertex -22.8069 -79.2893 2.5
      vertex -18.4776 -77.0186 2.5
    endloop
  endfacet
  facet normal 0 0 1
    outer loop
      vertex -18.4776 -77.0186 2.5
      vertex -22.8069 -79.2893 2.5
      vertex -18.1262 -77.8173 2.5
    endloop
  endfacet
  facet normal 0 0 1
    outer loop
      vertex -22.8069 -79.2893 2.5
      vertex -22.3533 -80.2727 2.5
      vertex -18.1262 -77.8173 2.5
    endloop
  endfacet
  facet normal 0 0 1
    outer loop
      vertex -18.1262 -77.8173 2.5
      vertex -22.3533 -80.2727 2.5
      vertex -17.7402 -78.5999 2.5
    endloop
  endfacet
  facet normal 0 0 1
    outer loop
      vertex -22.3533 -80.2727 2.5
      vertex -21.8573 -81.2354 2.5
      vertex -17.7402 -78.5999 2.5
    endloop
  endfacet
  facet normal 0 0 1
    outer loop
      vertex -17.7402 -78.5999 2.5
      vertex -21.8573 -81.2354 2.5
      vertex -17.3205 -79.3649 2.5
    endloop
  endfacet
  facet normal 0 0 1
    outer loop
      vertex -21.8573 -81.2354 2.5
      vertex -21.3199 -82.1756 2.5
      vertex -17.3205 -79.3649 2.5
    endloop
  endfacet
  facet normal 0 0 1
    outer loop
      vertex -17.3205 -79.3649 2.5
      vertex -21.3199 -82.1756 2.5
      vertex -16.8678 -80.1109 2.5
    endloop
  endfacet
  facet normal 0 0 1
    outer loop
      vertex -21.3199 -82.1756 2.5
      vertex -20.742 -83.0915 2.5
      vertex -16.8678 -80.1109 2.5
    endloop
  endfacet
  facet normal 0 0 1
    outer loop
      vertex -16.8678 -80.1109 2.5
      vertex -20.742 -83.0915 2.5
      vertex -16.383 -80.8364 2.5
    endloop
  endfacet
  facet normal 0 0 1
    outer loop
      vertex -20.742 -83.0915 2.5
      vertex -20.1248 -83.9814 2.5
      vertex -16.383 -80.8364 2.5
    endloop
  endfacet
  facet normal 0 0 1
    outer loop
      vertex -16.383 -80.8364 2.5
      vertex -20.1248 -83.9814 2.5
      vertex -15.8671 -81.5401 2.5
    endloop
  endfacet
  facet normal 0 0 1
    outer loop
      vertex -20.1248 -83.9814 2.5
      vertex -19.4695 -84.8435 2.5
      vertex -15.8671 -81.5401 2.5
    endloop
  endfacet
  facet normal 0 0 1
    outer loop
      vertex -15.8671 -81.5401 2.5
      vertex -19.4695 -84.8435 2.5
      vertex -15.3209 -82.2207 2.5
    endloop
  endfacet
  facet normal 0 0 1
    outer loop
      vertex -19.4695 -84.8435 2.5
      vertex -18.7773 -85.6764 2.5
      vertex -15.3209 -82.2207 2.5
    endloop
  endfacet
  facet normal 0 0 1
    outer loop
      vertex -15.3209 -82.2207 2.5
      vertex -18.7773 -85.6764 2.5
      vertex -14.7455 -82.8767 2.5
    endloop
  endfacet
  facet normal 0 0 1
    outer loop
      vertex -18.7773 -85.6764 2.5
      vertex -18.0494 -86.4783 2.5
      vertex -14.7455 -82.8767 2.5
    endloop
  endfacet
  facet normal 0 0 1
    outer loop
      vertex -14.7455 -82.8767 2.5
      vertex -18.0494 -86.4783 2.5
      vertex -14.1421 -83.5071 2.5
    endloop
  endfacet
  facet normal 0 0 1
    outer loop
      vertex -18.0494 -86.4783 2.5
      vertex -17.2874 -87.2478 2.5
      vertex -14.1421 -83.5071 2.5
    endloop
  endfacet
  facet normal 0 0 1
    outer loop
      vertex -14.1421 -83.5071 2.5
      vertex -17.2874 -87.2478 2.5
      vertex -13.5118 -84.1105 2.5
    endloop
  endfacet
  facet normal 0 0 1
    outer loop
      vertex -17.2874 -87.2478 2.5
      vertex -16.4926 -87.9833 2.5
      vertex -13.5118 -84.1105 2.5
    endloop
  endfacet
  facet normal 0 0 1
    outer loop
      vertex -13.5118 -84.1105 2.5
      vertex -16.4926 -87.9833 2.5
      vertex -12.8558 -84.6858 2.5
    endloop
  endfacet
  facet normal 0 0 1
    outer loop
      vertex -16.4926 -87.9833 2.5
      vertex -15.6665 -88.6836 2.5
      vertex -12.8558 -84.6858 2.5
    endloop
  endfacet
  facet normal 0 0 1
    outer loop
      vertex -12.8558 -84.6858 2.5
      vertex -15.6665 -88.6836 2.5
      vertex -12.1752 -85.232 2.5
    endloop
  endfacet
  facet normal 0 0 1
    outer loop
      vertex -15.6665 -88.6836 2.5
      vertex -14.8107 -89.3472 2.5
      vertex -12.1752 -85.232 2.5
    endloop
  endfacet
  facet normal 0 0 1
    outer loop
      vertex -12.1752 -85.232 2.5
      vertex -14.8107 -89.3472 2.5
      vertex -11.4715 -85.748 2.5
    endloop
  endfacet
  facet normal 0 0 1
    outer loop
      vertex -14.8107 -89.3472 2.5
      vertex -13.9268 -89.973 2.5
      vertex -11.4715 -85.748 2.5
    endloop
  endfacet
  facet normal 0 0 1
    outer loop
      vertex -11.4715 -85.748 2.5
      vertex -13.9268 -89.973 2.5
      vertex -10.746 -86.2327 2.5
    endloop
  endfacet
  facet normal 0 0 1
    outer loop
      vertex -13.9268 -89.973 2.5
      vertex -13.0166 -90.5597 2.5
      vertex -10.746 -86.2327 2.5
    endloop
  endfacet
  facet normal 0 0 1
    outer loop
      vertex -10.746 -86.2327 2.5
      vertex -13.0166 -90.5597 2.5
      vertex -10 -86.6854 2.5
    endloop
  endfacet
  facet normal 0 0 1
    outer loop
      vertex -13.0166 -90.5597 2.5
      vertex -12.0816 -91.1062 2.5
      vertex -10 -86.6854 2.5
    endloop
  endfacet
  facet normal 0 0 1
    outer loop
      vertex -10 -86.6854 2.5
      vertex -12.0816 -91.1062 2.5
      vertex -9.23497 -87.1051 2.5
    endloop
  endfacet
  facet normal 0 0 1
    outer loop
      vertex -12.0816 -91.1062 2.5
      vertex -11.1238 -91.6115 2.5
      vertex -9.23497 -87.1051 2.5
    endloop
  endfacet
  facet normal 0 0 1
    outer loop
      vertex -9.23497 -87.1051 2.5
      vertex -11.1238 -91.6115 2.5
      vertex -8.45237 -87.4911 2.5
    endloop
  endfacet
  facet normal 0 0 1
    outer loop
      vertex -11.1238 -91.6115 2.5
      vertex -10.1448 -92.0746 2.5
      vertex -8.45237 -87.4911 2.5
    endloop
  endfacet
  facet normal 0 0 1
    outer loop
      vertex -8.45237 -87.4911 2.5
      vertex -10.1448 -92.0746 2.5
      vertex -7.65367 -87.8425 2.5
    endloop
  endfacet
  facet normal 0 0 1
    outer loop
      vertex -10.1448 -92.0746 2.5
      vertex -9.14667 -92.4947 2.5
      vertex -7.65367 -87.8425 2.5
    endloop
  endfacet
  facet normal 0 0 1
    outer loop
      vertex -7.65367 -87.8425 2.5
      vertex -9.14667 -92.4947 2.5
      vertex -6.8404 -88.1588 2.5
    endloop
  endfacet
  facet normal 0 0 1
    outer loop
      vertex -9.14667 -92.4947 2.5
      vertex -8.13116 -92.8709 2.5
      vertex -6.8404 -88.1588 2.5
    endloop
  endfacet
  facet normal 0 0 1
    outer loop
      vertex -6.8404 -88.1588 2.5
      vertex -8.13116 -92.8709 2.5
      vertex -6.01412 -88.4393 2.5
    endloop
  endfacet
  facet normal 0 0 1
    outer loop
      vertex -8.13116 -92.8709 2.5
      vertex -7.10024 -93.2026 2.5
      vertex -6.01412 -88.4393 2.5
    endloop
  endfacet
  facet normal 0 0 1
    outer loop
      vertex -6.01412 -88.4393 2.5
      vertex -7.10024 -93.2026 2.5
      vertex -5.17638 -88.6834 2.5
    endloop
  endfacet
  facet normal 0 0 1
    outer loop
      vertex -7.10024 -93.2026 2.5
      vertex -6.05586 -93.4891 2.5
      vertex -5.17638 -88.6834 2.5
    endloop
  endfacet
  facet normal 0 0 1
    outer loop
      vertex -5.17638 -88.6834 2.5
      vertex -6.05586 -93.4891 2.5
      vertex -5 -88.7298 2.5
    endloop
  endfacet
  facet normal 0 0 1
    outer loop
      vertex -6.05586 -93.4891 2.5
      vertex -4.32879 -88.8908 2.5
      vertex -5 -88.7298 2.5
    endloop
  endfacet
  facet normal 0 0 -1
    outer loop
      vertex 5 -108.73 -2.5
      vertex -5 -108.73 -2.5
      vertex 5 -93.7298 -2.5
    endloop
  endfacet
  facet normal 0 0 -1
    outer loop
      vertex -5 -108.73 -2.5
      vertex -5 -93.7298 -2.5
      vertex 5 -93.7298 -2.5
    endloop
  endfacet
  facet normal 0 0 -1
    outer loop
      vertex -3.47296 -89.0611 -2.5
      vertex -2.61052 -89.1938 -2.5
      vertex -5 -93.7298 -2.5
    endloop
  endfacet
  facet normal 0 0 -1
    outer loop
      vertex -2.61052 -89.1938 -2.5
      vertex -1.74311 -89.2888 -2.5
      vertex -5 -93.7298 -2.5
    endloop
  endfacet
  facet normal 0 0 -1
    outer loop
      vertex -5 -93.7298 -2.5
      vertex -1.74311 -89.2888 -2.5
      vertex -0.872388 -89.3459 -2.5
    endloop
  endfacet
  facet normal 0 0 -1
    outer loop
      vertex -0.872388 -89.3459 -2.5
      vertex -3.36933e-15 -89.3649 -2.5
      vertex -5 -93.7298 -2.5
    endloop
  endfacet
  facet normal 0 0 -1
    outer loop
      vertex -3.36933e-15 -89.3649 -2.5
      vertex 0.872388 -89.3459 -2.5
      vertex -5 -93.7298 -2.5
    endloop
  endfacet
  facet normal 0 0 -1
    outer loop
      vertex -5 -93.7298 -2.5
      vertex 0.872388 -89.3459 -2.5
      vertex 5 -93.7298 -2.5
    endloop
  endfacet
  facet normal 0 0 -1
    outer loop
      vertex 0.872388 -89.3459 -2.5
      vertex 1.74311 -89.2888 -2.5
      vertex 5 -93.7298 -2.5
    endloop
  endfacet
  facet normal 0 0 -1
    outer loop
      vertex 5 -93.7298 -2.5
      vertex 1.74311 -89.2888 -2.5
      vertex 2.61052 -89.1938 -2.5
    endloop
  endfacet
  facet normal 0 0 -1
    outer loop
      vertex 1.07157e-15 -49.3649 -2.5
      vertex -0.872388 -49.384 -2.5
      vertex -1.62341 -44.5453 -2.5
    endloop
  endfacet
  facet normal 0 0 -1
    outer loop
      vertex -1.62341 -44.5453 -2.5
      vertex -0.872388 -49.384 -2.5
      vertex -2.70227 -44.6395 -2.5
    endloop
  endfacet
  facet normal 0 0 -1
    outer loop
      vertex -0.872388 -49.384 -2.5
      vertex -1.74311 -49.441 -2.5
      vertex -2.70227 -44.6395 -2.5
    endloop
  endfacet
  facet normal 0 0 -1
    outer loop
      vertex -2.70227 -44.6395 -2.5
      vertex -1.74311 -49.441 -2.5
      vertex -3.776 -44.7806 -2.5
    endloop
  endfacet
  facet normal 0 0 -1
    outer loop
      vertex -1.74311 -49.441 -2.5
      vertex -2.61052 -49.536 -2.5
      vertex -3.776 -44.7806 -2.5
    endloop
  endfacet
  facet normal 0 0 -1
    outer loop
      vertex -3.776 -44.7806 -2.5
      vertex -2.61052 -49.536 -2.5
      vertex -4.84257 -44.9682 -2.5
    endloop
  endfacet
  facet normal 0 0 -1
    outer loop
      vertex -2.61052 -49.536 -2.5
      vertex -3.47296 -49.6688 -2.5
      vertex -4.84257 -44.9682 -2.5
    endloop
  endfacet
  facet normal 0 0 -1
    outer loop
      vertex -4.84257 -44.9682 -2.5
      vertex -3.47296 -49.6688 -2.5
      vertex -5.89996 -45.2021 -2.5
    endloop
  endfacet
  facet normal 0 0 -1
    outer loop
      vertex -3.47296 -49.6688 -2.5
      vertex -4.32879 -49.839 -2.5
      vertex -5.89996 -45.2021 -2.5
    endloop
  endfacet
  facet normal 0 0 -1
    outer loop
      vertex -5.89996 -45.2021 -2.5
      vertex -4.32879 -49.839 -2.5
      vertex -6.94617 -45.4819 -2.5
    endloop
  endfacet
  facet normal 0 0 -1
    outer loop
      vertex -4.32879 -49.839 -2.5
      vertex -5.17638 -50.0464 -2.5
      vertex -6.94617 -45.4819 -2.5
    endloop
  endfacet
  facet normal 0 0 -1
    outer loop
      vertex -6.94617 -45.4819 -2.5
      vertex -5.17638 -50.0464 -2.5
      vertex -7.97921 -45.8069 -2.5
    endloop
  endfacet
  facet normal 0 0 -1
    outer loop
      vertex -5.17638 -50.0464 -2.5
      vertex -6.01412 -50.2906 -2.5
      vertex -7.97921 -45.8069 -2.5
    endloop
  endfacet
  facet normal 0 0 -1
    outer loop
      vertex -7.97921 -45.8069 -2.5
      vertex -6.01412 -50.2906 -2.5
      vertex -8.99712 -46.1765 -2.5
    endloop
  endfacet
  facet normal 0 0 -1
    outer loop
      vertex -6.01412 -50.2906 -2.5
      vertex -6.8404 -50.5711 -2.5
      vertex -8.99712 -46.1765 -2.5
    endloop
  endfacet
  facet normal 0 0 -1
    outer loop
      vertex -8.99712 -46.1765 -2.5
      vertex -6.8404 -50.5711 -2.5
      vertex -9.99798 -46.5902 -2.5
    endloop
  endfacet
  facet normal 0 0 -1
    outer loop
      vertex -6.8404 -50.5711 -2.5
      vertex -7.65367 -50.8873 -2.5
      vertex -9.99798 -46.5902 -2.5
    endloop
  endfacet
  facet normal 0 0 -1
    outer loop
      vertex -9.99798 -46.5902 -2.5
      vertex -7.65367 -50.8873 -2.5
      vertex -10.9799 -47.047 -2.5
    endloop
  endfacet
  facet normal 0 0 -1
    outer loop
      vertex -7.65367 -50.8873 -2.5
      vertex -8.45237 -51.2388 -2.5
      vertex -10.9799 -47.047 -2.5
    endloop
  endfacet
  facet normal 0 0 -1
    outer loop
      vertex -10.9799 -47.047 -2.5
      vertex -8.45237 -51.2388 -2.5
      vertex -11.941 -47.5461 -2.5
    endloop
  endfacet
  facet normal 0 0 -1
    outer loop
      vertex -8.45237 -51.2388 -2.5
      vertex -9.23497 -51.6247 -2.5
      vertex -11.941 -47.5461 -2.5
    endloop
  endfacet
  facet normal 0 0 -1
    outer loop
      vertex -11.941 -47.5461 -2.5
      vertex -9.23497 -51.6247 -2.5
      vertex -12.8794 -48.0865 -2.5
    endloop
  endfacet
  facet normal 0 0 -1
    outer loop
      vertex -9.23497 -51.6247 -2.5
      vertex -10 -52.0444 -2.5
      vertex -12.8794 -48.0865 -2.5
    endloop
  endfacet
  facet normal 0 0 -1
    outer loop
      vertex -12.8794 -48.0865 -2.5
      vertex -10 -52.0444 -2.5
      vertex -13.7935 -48.6673 -2.5
    endloop
  endfacet
  facet normal 0 0 -1
    outer loop
      vertex -10 -52.0444 -2.5
      vertex -10.746 -52.4971 -2.5
      vertex -13.7935 -48.6673 -2.5
    endloop
  endfacet
  facet normal 0 0 -1
    outer loop
      vertex -13.7935 -48.6673 -2.5
      vertex -10.746 -52.4971 -2.5
      vertex -14.6813 -49.2874 -2.5
    endloop
  endfacet
  facet normal 0 0 -1
    outer loop
      vertex -10.746 -52.4971 -2.5
      vertex -11.4715 -52.9819 -2.5
      vertex -14.6813 -49.2874 -2.5
    endloop
  endfacet
  facet normal 0 0 -1
    outer loop
      vertex -14.6813 -49.2874 -2.5
      vertex -11.4715 -52.9819 -2.5
      vertex -15.5414 -49.9455 -2.5
    endloop
  endfacet
  facet normal 0 0 -1
    outer loop
      vertex -11.4715 -52.9819 -2.5
      vertex -12.1752 -53.4979 -2.5
      vertex -15.5414 -49.9455 -2.5
    endloop
  endfacet
  facet normal 0 0 -1
    outer loop
      vertex -15.5414 -49.9455 -2.5
      vertex -12.1752 -53.4979 -2.5
      vertex -16.372 -50.6404 -2.5
    endloop
  endfacet
  facet normal 0 0 -1
    outer loop
      vertex -12.1752 -53.4979 -2.5
      vertex -12.8558 -54.044 -2.5
      vertex -16.372 -50.6404 -2.5
    endloop
  endfacet
  facet normal 0 0 -1
    outer loop
      vertex -16.372 -50.6404 -2.5
      vertex -12.8558 -54.044 -2.5
      vertex -17.1715 -51.3708 -2.5
    endloop
  endfacet
  facet normal 0 0 -1
    outer loop
      vertex -12.8558 -54.044 -2.5
      vertex -13.5118 -54.6194 -2.5
      vertex -17.1715 -51.3708 -2.5
    endloop
  endfacet
  facet normal 0 0 -1
    outer loop
      vertex -17.1715 -51.3708 -2.5
      vertex -13.5118 -54.6194 -2.5
      vertex -17.9386 -52.1354 -2.5
    endloop
  endfacet
  facet normal 0 0 -1
    outer loop
      vertex -13.5118 -54.6194 -2.5
      vertex -14.1421 -55.2228 -2.5
      vertex -17.9386 -52.1354 -2.5
    endloop
  endfacet
  facet normal 0 0 -1
    outer loop
      vertex -17.9386 -52.1354 -2.5
      vertex -14.1421 -55.2228 -2.5
      vertex -18.6715 -52.9326 -2.5
    endloop
  endfacet
  facet normal 0 0 -1
    outer loop
      vertex -14.1421 -55.2228 -2.5
      vertex -14.7455 -55.8531 -2.5
      vertex -18.6715 -52.9326 -2.5
    endloop
  endfacet
  facet normal 0 0 -1
    outer loop
      vertex -18.6715 -52.9326 -2.5
      vertex -14.7455 -55.8531 -2.5
      vertex -19.3691 -53.7609 -2.5
    endloop
  endfacet
  facet normal 0 0 -1
    outer loop
      vertex -14.7455 -55.8531 -2.5
      vertex -15.3209 -56.5092 -2.5
      vertex -19.3691 -53.7609 -2.5
    endloop
  endfacet
  facet normal 0 0 -1
    outer loop
      vertex -19.3691 -53.7609 -2.5
      vertex -15.3209 -56.5092 -2.5
      vertex -20.03 -54.6188 -2.5
    endloop
  endfacet
  facet normal 0 0 -1
    outer loop
      vertex -15.3209 -56.5092 -2.5
      vertex -15.8671 -57.1897 -2.5
      vertex -20.03 -54.6188 -2.5
    endloop
  endfacet
  facet normal 0 0 -1
    outer loop
      vertex -20.03 -54.6188 -2.5
      vertex -15.8671 -57.1897 -2.5
      vertex -20.6529 -55.5047 -2.5
    endloop
  endfacet
  facet normal 0 0 -1
    outer loop
      vertex -15.8671 -57.1897 -2.5
      vertex -16.383 -57.8934 -2.5
      vertex -20.6529 -55.5047 -2.5
    endloop
  endfacet
  facet normal 0 0 -1
    outer loop
      vertex -20.6529 -55.5047 -2.5
      vertex -16.383 -57.8934 -2.5
      vertex -21.2367 -56.4169 -2.5
    endloop
  endfacet
  facet normal 0 0 -1
    outer loop
      vertex -16.383 -57.8934 -2.5
      vertex -16.8678 -58.6189 -2.5
      vertex -21.2367 -56.4169 -2.5
    endloop
  endfacet
  facet normal 0 0 -1
    outer loop
      vertex -21.2367 -56.4169 -2.5
      vertex -16.8678 -58.6189 -2.5
      vertex -21.7802 -57.3536 -2.5
    endloop
  endfacet
  facet normal 0 0 -1
    outer loop
      vertex -16.8678 -58.6189 -2.5
      vertex -17.3205 -59.3649 -2.5
      vertex -21.7802 -57.3536 -2.5
    endloop
  endfacet
  facet normal 0 0 -1
    outer loop
      vertex -21.7802 -57.3536 -2.5
      vertex -17.3205 -59.3649 -2.5
      vertex -22.2824 -58.313 -2.5
    endloop
  endfacet
  facet normal 0 0 -1
    outer loop
      vertex -17.3205 -59.3649 -2.5
      vertex -17.7402 -60.1299 -2.5
      vertex -22.2824 -58.313 -2.5
    endloop
  endfacet
  facet normal 0 0 -1
    outer loop
      vertex -22.2824 -58.313 -2.5
      vertex -17.7402 -60.1299 -2.5
      vertex -22.7424 -59.2935 -2.5
    endloop
  endfacet
  facet normal 0 0 -1
    outer loop
      vertex -17.7402 -60.1299 -2.5
      vertex -18.1262 -60.9126 -2.5
      vertex -22.7424 -59.2935 -2.5
    endloop
  endfacet
  facet normal 0 0 -1
    outer loop
      vertex -22.7424 -59.2935 -2.5
      vertex -18.1262 -60.9126 -2.5
      vertex -23.1592 -60.293 -2.5
    endloop
  endfacet
  facet normal 0 0 -1
    outer loop
      vertex -18.1262 -60.9126 -2.5
      vertex -18.4776 -61.7112 -2.5
      vertex -23.1592 -60.293 -2.5
    endloop
  endfacet
  facet normal 0 0 -1
    outer loop
      vertex -23.1592 -60.293 -2.5
      vertex -18.4776 -61.7112 -2.5
      vertex -23.5322 -61.3097 -2.5
    endloop
  endfacet
  facet normal 0 0 -1
    outer loop
      vertex -18.4776 -61.7112 -2.5
      vertex -18.7939 -62.5245 -2.5
      vertex -23.5322 -61.3097 -2.5
    endloop
  endfacet
  facet normal 0 0 -1
    outer loop
      vertex -23.5322 -61.3097 -2.5
      vertex -18.7939 -62.5245 -2.5
      vertex -23.8605 -62.3417 -2.5
    endloop
  endfacet
  facet normal 0 0 -1
    outer loop
      vertex -18.7939 -62.5245 -2.5
      vertex -19.0743 -63.3508 -2.5
      vertex -23.8605 -62.3417 -2.5
    endloop
  endfacet
  facet normal 0 0 -1
    outer loop
      vertex -23.8605 -62.3417 -2.5
      vertex -19.0743 -63.3508 -2.5
      vertex -24.1436 -63.387 -2.5
    endloop
  endfacet
  facet normal 0 0 -1
    outer loop
      vertex -19.0743 -63.3508 -2.5
      vertex -19.3185 -64.1885 -2.5
      vertex -24.1436 -63.387 -2.5
    endloop
  endfacet
  facet normal 0 0 -1
    outer loop
      vertex -24.1436 -63.387 -2.5
      vertex -19.3185 -64.1885 -2.5
      vertex -24.3809 -64.4436 -2.5
    endloop
  endfacet
  facet normal 0 0 -1
    outer loop
      vertex -19.3185 -64.1885 -2.5
      vertex -19.5259 -65.0361 -2.5
      vertex -24.3809 -64.4436 -2.5
    endloop
  endfacet
  facet normal 0 0 -1
    outer loop
      vertex -24.3809 -64.4436 -2.5
      vertex -19.5259 -65.0361 -2.5
      vertex -24.572 -65.5096 -2.5
    endloop
  endfacet
  facet normal 0 0 -1
    outer loop
      vertex -19.5259 -65.0361 -2.5
      vertex -19.6962 -65.892 -2.5
      vertex -24.572 -65.5096 -2.5
    endloop
  endfacet
  facet normal 0 0 -1
    outer loop
      vertex -24.572 -65.5096 -2.5
      vertex -19.6962 -65.892 -2.5
      vertex -24.7166 -66.5828 -2.5
    endloop
  endfacet
  facet normal 0 0 -1
    outer loop
      vertex -19.6962 -65.892 -2.5
      vertex -19.8289 -66.7544 -2.5
      vertex -24.7166 -66.5828 -2.5
    endloop
  endfacet
  facet normal 0 0 -1
    outer loop
      vertex -24.7166 -66.5828 -2.5
      vertex -19.8289 -66.7544 -2.5
      vertex -24.8143 -67.6614 -2.5
    endloop
  endfacet
  facet normal 0 0 -1
    outer loop
      vertex -19.8289 -66.7544 -2.5
      vertex -19.9239 -67.6218 -2.5
      vertex -24.8143 -67.6614 -2.5
    endloop
  endfacet
  facet normal 0 0 -1
    outer loop
      vertex -24.8143 -67.6614 -2.5
      vertex -19.9239 -67.6218 -2.5
      vertex -24.8649 -68.7432 -2.5
    endloop
  endfacet
  facet normal 0 0 -1
    outer loop
      vertex -19.9239 -67.6218 -2.5
      vertex -19.981 -68.4925 -2.5
      vertex -24.8649 -68.7432 -2.5
    endloop
  endfacet
  facet normal 0 0 -1
    outer loop
      vertex -24.8649 -68.7432 -2.5
      vertex -19.981 -68.4925 -2.5
      vertex -24.8684 -69.8261 -2.5
    endloop
  endfacet
  facet normal 0 0 -1
    outer loop
      vertex -19.981 -68.4925 -2.5
      vertex -20 -69.3649 -2.5
      vertex -24.8684 -69.8261 -2.5
    endloop
  endfacet
  facet normal 0 0 -1
    outer loop
      vertex -24.8684 -69.8261 -2.5
      vertex -20 -69.3649 -2.5
      vertex -24.8247 -70.9082 -2.5
    endloop
  endfacet
  facet normal 0 0 -1
    outer loop
      vertex -20 -69.3649 -2.5
      vertex -19.981 -70.2373 -2.5
      vertex -24.8247 -70.9082 -2.5
    endloop
  endfacet
  facet normal 0 0 -1
    outer loop
      vertex -24.8247 -70.9082 -2.5
      vertex -19.981 -70.2373 -2.5
      vertex -24.734 -71.9873 -2.5
    endloop
  endfacet
  facet normal 0 0 -1
    outer loop
      vertex -19.981 -70.2373 -2.5
      vertex -19.9239 -71.108 -2.5
      vertex -24.734 -71.9873 -2.5
    endloop
  endfacet
  facet normal 0 0 -1
    outer loop
      vertex -24.734 -71.9873 -2.5
      vertex -19.9239 -71.108 -2.5
      vertex -24.5964 -73.0615 -2.5
    endloop
  endfacet
  facet normal 0 0 -1
    outer loop
      vertex -19.9239 -71.108 -2.5
      vertex -19.8289 -71.9754 -2.5
      vertex -24.5964 -73.0615 -2.5
    endloop
  endfacet
  facet normal 0 0 -1
    outer loop
      vertex -24.5964 -73.0615 -2.5
      vertex -19.8289 -71.9754 -2.5
      vertex -24.4122 -74.1287 -2.5
    endloop
  endfacet
  facet normal 0 0 -1
    outer loop
      vertex -19.8289 -71.9754 -2.5
      vertex -19.6962 -72.8379 -2.5
      vertex -24.4122 -74.1287 -2.5
    endloop
  endfacet
  facet normal 0 0 -1
    outer loop
      vertex -24.4122 -74.1287 -2.5
      vertex -19.6962 -72.8379 -2.5
      vertex -24.1817 -75.1868 -2.5
    endloop
  endfacet
  facet normal 0 0 -1
    outer loop
      vertex -19.6962 -72.8379 -2.5
      vertex -19.5259 -73.6937 -2.5
      vertex -24.1817 -75.1868 -2.5
    endloop
  endfacet
  facet normal 0 0 -1
    outer loop
      vertex -24.1817 -75.1868 -2.5
      vertex -19.5259 -73.6937 -2.5
      vertex -23.9053 -76.2339 -2.5
    endloop
  endfacet
  facet normal 0 0 -1
    outer loop
      vertex -19.5259 -73.6937 -2.5
      vertex -19.3185 -74.5413 -2.5
      vertex -23.9053 -76.2339 -2.5
    endloop
  endfacet
  facet normal 0 0 -1
    outer loop
      vertex -23.9053 -76.2339 -2.5
      vertex -19.3185 -74.5413 -2.5
      vertex -23.5837 -77.268 -2.5
    endloop
  endfacet
  facet normal 0 0 -1
    outer loop
      vertex -19.3185 -74.5413 -2.5
      vertex -19.0743 -75.379 -2.5
      vertex -23.5837 -77.268 -2.5
    endloop
  endfacet
  facet normal 0 0 -1
    outer loop
      vertex -23.5837 -77.268 -2.5
      vertex -19.0743 -75.379 -2.5
      vertex -23.2173 -78.2871 -2.5
    endloop
  endfacet
  facet normal 0 0 -1
    outer loop
      vertex -19.0743 -75.379 -2.5
      vertex -18.7939 -76.2053 -2.5
      vertex -23.2173 -78.2871 -2.5
    endloop
  endfacet
  facet normal 0 0 -1
    outer loop
      vertex -23.2173 -78.2871 -2.5
      vertex -18.7939 -76.2053 -2.5
      vertex -22.8069 -79.2893 -2.5
    endloop
  endfacet
  facet normal 0 0 -1
    outer loop
      vertex -18.7939 -76.2053 -2.5
      vertex -18.4776 -77.0186 -2.5
      vertex -22.8069 -79.2893 -2.5
    endloop
  endfacet
  facet normal 0 0 -1
    outer loop
      vertex -22.8069 -79.2893 -2.5
      vertex -18.4776 -77.0186 -2.5
      vertex -22.3533 -80.2727 -2.5
    endloop
  endfacet
  facet normal 0 0 -1
    outer loop
      vertex -18.4776 -77.0186 -2.5
      vertex -18.1262 -77.8173 -2.5
      vertex -22.3533 -80.2727 -2.5
    endloop
  endfacet
  facet normal 0 0 -1
    outer loop
      vertex -22.3533 -80.2727 -2.5
      vertex -18.1262 -77.8173 -2.5
      vertex -21.8573 -81.2354 -2.5
    endloop
  endfacet
  facet normal 0 0 -1
    outer loop
      vertex -18.1262 -77.8173 -2.5
      vertex -17.7402 -78.5999 -2.5
      vertex -21.8573 -81.2354 -2.5
    endloop
  endfacet
  facet normal 0 0 -1
    outer loop
      vertex -21.8573 -81.2354 -2.5
      vertex -17.7402 -78.5999 -2.5
      vertex -21.3199 -82.1756 -2.5
    endloop
  endfacet
  facet normal 0 0 -1
    outer loop
      vertex -17.7402 -78.5999 -2.5
      vertex -17.3205 -79.3649 -2.5
      vertex -21.3199 -82.1756 -2.5
    endloop
  endfacet
  facet normal 0 0 -1
    outer loop
      vertex -21.3199 -82.1756 -2.5
      vertex -17.3205 -79.3649 -2.5
      vertex -20.742 -83.0915 -2.5
    endloop
  endfacet
  facet normal 0 0 -1
    outer loop
      vertex -17.3205 -79.3649 -2.5
      vertex -16.8678 -80.1109 -2.5
      vertex -20.742 -83.0915 -2.5
    endloop
  endfacet
  facet normal 0 0 -1
    outer loop
      vertex -20.742 -83.0915 -2.5
      vertex -16.8678 -80.1109 -2.5
      vertex -20.1248 -83.9814 -2.5
    endloop
  endfacet
  facet normal 0 0 -1
    outer loop
      vertex -16.8678 -80.1109 -2.5
      vertex -16.383 -80.8364 -2.5
      vertex -20.1248 -83.9814 -2.5
    endloop
  endfacet
  facet normal 0 0 -1
    outer loop
      vertex -20.1248 -83.9814 -2.5
      vertex -16.383 -80.8364 -2.5
      vertex -19.4695 -84.8435 -2.5
    endloop
  endfacet
  facet normal 0 0 -1
    outer loop
      vertex -16.383 -80.8364 -2.5
      vertex -15.8671 -81.5401 -2.5
      vertex -19.4695 -84.8435 -2.5
    endloop
  endfacet
  facet normal 0 0 -1
    outer loop
      vertex -19.4695 -84.8435 -2.5
      vertex -15.8671 -81.5401 -2.5
      vertex -18.7773 -85.6764 -2.5
    endloop
  endfacet
  facet normal 0 0 -1
    outer loop
      vertex -15.8671 -81.5401 -2.5
      vertex -15.3209 -82.2207 -2.5
      vertex -18.7773 -85.6764 -2.5
    endloop
  endfacet
  facet normal 0 0 -1
    outer loop
      vertex -18.7773 -85.6764 -2.5
      vertex -15.3209 -82.2207 -2.5
      vertex -18.0494 -86.4783 -2.5
    endloop
  endfacet
  facet normal 0 0 -1
    outer loop
      vertex -15.3209 -82.2207 -2.5
      vertex -14.7455 -82.8767 -2.5
      vertex -18.0494 -86.4783 -2.5
    endloop
  endfacet
  facet normal 0 0 -1
    outer loop
      vertex -18.0494 -86.4783 -2.5
      vertex -14.7455 -82.8767 -2.5
      vertex -17.2874 -87.2478 -2.5
    endloop
  endfacet
  facet normal 0 0 -1
    outer loop
      vertex -14.7455 -82.8767 -2.5
      vertex -14.1421 -83.5071 -2.5
      vertex -17.2874 -87.2478 -2.5
    endloop
  endfacet
  facet normal 0 0 -1
    outer loop
      vertex -17.2874 -87.2478 -2.5
      vertex -14.1421 -83.5071 -2.5
      vertex -16.4926 -87.9833 -2.5
    endloop
  endfacet
  facet normal 0 0 -1
    outer loop
      vertex -14.1421 -83.5071 -2.5
      vertex -13.5118 -84.1105 -2.5
      vertex -16.4926 -87.9833 -2.5
    endloop
  endfacet
  facet normal 0 0 -1
    outer loop
      vertex -16.4926 -87.9833 -2.5
      vertex -13.5118 -84.1105 -2.5
      vertex -15.6665 -88.6836 -2.5
    endloop
  endfacet
  facet normal 0 0 -1
    outer loop
      vertex -13.5118 -84.1105 -2.5
      vertex -12.8558 -84.6858 -2.5
      vertex -15.6665 -88.6836 -2.5
    endloop
  endfacet
  facet normal 0 0 -1
    outer loop
      vertex -15.6665 -88.6836 -2.5
      vertex -12.8558 -84.6858 -2.5
      vertex -14.8107 -89.3472 -2.5
    endloop
  endfacet
  facet normal 0 0 -1
    outer loop
      vertex -12.8558 -84.6858 -2.5
      vertex -12.1752 -85.232 -2.5
      vertex -14.8107 -89.3472 -2.5
    endloop
  endfacet
  facet normal 0 0 -1
    outer loop
      vertex -14.8107 -89.3472 -2.5
      vertex -12.1752 -85.232 -2.5
      vertex -13.9268 -89.973 -2.5
    endloop
  endfacet
  facet normal 0 0 -1
    outer loop
      vertex -12.1752 -85.232 -2.5
      vertex -11.4715 -85.748 -2.5
      vertex -13.9268 -89.973 -2.5
    endloop
  endfacet
  facet normal 0 0 -1
    outer loop
      vertex -13.9268 -89.973 -2.5
      vertex -11.4715 -85.748 -2.5
      vertex -13.0166 -90.5597 -2.5
    endloop
  endfacet
  facet normal 0 0 -1
    outer loop
      vertex -11.4715 -85.748 -2.5
      vertex -10.746 -86.2327 -2.5
      vertex -13.0166 -90.5597 -2.5
    endloop
  endfacet
  facet normal 0 0 -1
    outer loop
      vertex -13.0166 -90.5597 -2.5
      vertex -10.746 -86.2327 -2.5
      vertex -12.0816 -91.1062 -2.5
    endloop
  endfacet
  facet normal 0 0 -1
    outer loop
      vertex -10.746 -86.2327 -2.5
      vertex -10 -86.6854 -2.5
      vertex -12.0816 -91.1062 -2.5
    endloop
  endfacet
  facet normal 0 0 -1
    outer loop
      vertex -12.0816 -91.1062 -2.5
      vertex -10 -86.6854 -2.5
      vertex -11.1238 -91.6115 -2.5
    endloop
  endfacet
  facet normal 0 0 -1
    outer loop
      vertex -10 -86.6854 -2.5
      vertex -9.23497 -87.1051 -2.5
      vertex -11.1238 -91.6115 -2.5
    endloop
  endfacet
  facet normal 0 0 -1
    outer loop
      vertex -11.1238 -91.6115 -2.5
      vertex -9.23497 -87.1051 -2.5
      vertex -10.1448 -92.0746 -2.5
    endloop
  endfacet
  facet normal 0 0 -1
    outer loop
      vertex -9.23497 -87.1051 -2.5
      vertex -8.45237 -87.4911 -2.5
      vertex -10.1448 -92.0746 -2.5
    endloop
  endfacet
  facet normal 0 0 -1
    outer loop
      vertex -10.1448 -92.0746 -2.5
      vertex -8.45237 -87.4911 -2.5
      vertex -9.14667 -92.4947 -2.5
    endloop
  endfacet
  facet normal 0 0 -1
    outer loop
      vertex -8.45237 -87.4911 -2.5
      vertex -7.65367 -87.8425 -2.5
      vertex -9.14667 -92.4947 -2.5
    endloop
  endfacet
  facet normal 0 0 -1
    outer loop
      vertex -9.14667 -92.4947 -2.5
      vertex -7.65367 -87.8425 -2.5
      vertex -8.13116 -92.8709 -2.5
    endloop
  endfacet
  facet normal 0 0 -1
    outer loop
      vertex -7.65367 -87.8425 -2.5
      vertex -6.8404 -88.1588 -2.5
      vertex -8.13116 -92.8709 -2.5
    endloop
  endfacet
  facet normal 0 0 -1
    outer loop
      vertex -8.13116 -92.8709 -2.5
      vertex -6.8404 -88.1588 -2.5
      vertex -7.10024 -93.2026 -2.5
    endloop
  endfacet
  facet normal 0 0 -1
    outer loop
      vertex -6.8404 -88.1588 -2.5
      vertex -6.01412 -88.4393 -2.5
      vertex -7.10024 -93.2026 -2.5
    endloop
  endfacet
  facet normal 0 0 -1
    outer loop
      vertex -7.10024 -93.2026 -2.5
      vertex -6.01412 -88.4393 -2.5
      vertex -6.05586 -93.4891 -2.5
    endloop
  endfacet
  facet normal 0 0 -1
    outer loop
      vertex -6.01412 -88.4393 -2.5
      vertex -5.17638 -88.6834 -2.5
      vertex -6.05586 -93.4891 -2.5
    endloop
  endfacet
  facet normal 0 0 -1
    outer loop
      vertex -5.17638 -88.6834 -2.5
      vertex -5 -88.7298 -2.5
      vertex -6.05586 -93.4891 -2.5
    endloop
  endfacet
  facet normal 0 0 -1
    outer loop
      vertex -6.05586 -93.4891 -2.5
      vertex -5 -88.7298 -2.5
      vertex -5 -93.7298 -2.5
    endloop
  endfacet
  facet normal 0 0 -1
    outer loop
      vertex -5 -88.7298 -2.5
      vertex -4.32879 -88.8908 -2.5
      vertex -5 -93.7298 -2.5
    endloop
  endfacet
  facet normal 0 0 -1
    outer loop
      vertex -5 -93.7298 -2.5
      vertex -4.32879 -88.8908 -2.5
      vertex -3.47296 -89.0611 -2.5
    endloop
  endfacet
  facet normal 0 0 -1
    outer loop
      vertex -1.62341 -44.5453 -2.5
      vertex -0.541479 -44.4982 -2.5
      vertex 1.07157e-15 -49.3649 -2.5
    endloop
  endfacet
  facet normal 0 0 -1
    outer loop
      vertex -0.541479 -44.4982 -2.5
      vertex 0.541479 -44.4982 -2.5
      vertex 1.07157e-15 -49.3649 -2.5
    endloop
  endfacet
  facet normal 0 0 -1
    outer loop
      vertex 1.07157e-15 -49.3649 -2.5
      vertex 0.541479 -44.4982 -2.5
      vertex 0.872388 -49.384 -2.5
    endloop
  endfacet
  facet normal 0 0 -1
    outer loop
      vertex 0.541479 -44.4982 -2.5
      vertex 1.62341 -44.5453 -2.5
      vertex 0.872388 -49.384 -2.5
    endloop
  endfacet
  facet normal 0 0 -1
    outer loop
      vertex 0.872388 -49.384 -2.5
      vertex 1.62341 -44.5453 -2.5
      vertex 1.74311 -49.441 -2.5
    endloop
  endfacet
  facet normal 0 0 -1
    outer loop
      vertex 1.62341 -44.5453 -2.5
      vertex 2.70227 -44.6395 -2.5
      vertex 1.74311 -49.441 -2.5
    endloop
  endfacet
  facet normal 0 0 -1
    outer loop
      vertex 1.74311 -49.441 -2.5
      vertex 2.70227 -44.6395 -2.5
      vertex 2.61052 -49.536 -2.5
    endloop
  endfacet
  facet normal 0 0 -1
    outer loop
      vertex 2.70227 -44.6395 -2.5
      vertex 3.776 -44.7806 -2.5
      vertex 2.61052 -49.536 -2.5
    endloop
  endfacet
  facet normal 0 0 -1
    outer loop
      vertex 2.61052 -49.536 -2.5
      vertex 3.776 -44.7806 -2.5
      vertex 3.47296 -49.6688 -2.5
    endloop
  endfacet
  facet normal 0 0 -1
    outer loop
      vertex 3.776 -44.7806 -2.5
      vertex 4.84257 -44.9682 -2.5
      vertex 3.47296 -49.6688 -2.5
    endloop
  endfacet
  facet normal 0 0 -1
    outer loop
      vertex 3.47296 -49.6688 -2.5
      vertex 4.84257 -44.9682 -2.5
      vertex 4.32879 -49.839 -2.5
    endloop
  endfacet
  facet normal 0 0 -1
    outer loop
      vertex 4.84257 -44.9682 -2.5
      vertex 5.89996 -45.2021 -2.5
      vertex 4.32879 -49.839 -2.5
    endloop
  endfacet
  facet normal 0 0 -1
    outer loop
      vertex 4.32879 -49.839 -2.5
      vertex 5.89996 -45.2021 -2.5
      vertex 5.17638 -50.0464 -2.5
    endloop
  endfacet
  facet normal 0 0 -1
    outer loop
      vertex 5.89996 -45.2021 -2.5
      vertex 6.94617 -45.4819 -2.5
      vertex 5.17638 -50.0464 -2.5
    endloop
  endfacet
  facet normal 0 0 -1
    outer loop
      vertex 5.17638 -50.0464 -2.5
      vertex 6.94617 -45.4819 -2.5
      vertex 6.01412 -50.2906 -2.5
    endloop
  endfacet
  facet normal 0 0 -1
    outer loop
      vertex 6.94617 -45.4819 -2.5
      vertex 7.97921 -45.8069 -2.5
      vertex 6.01412 -50.2906 -2.5
    endloop
  endfacet
  facet normal 0 0 -1
    outer loop
      vertex 6.01412 -50.2906 -2.5
      vertex 7.97921 -45.8069 -2.5
      vertex 6.8404 -50.5711 -2.5
    endloop
  endfacet
  facet normal 0 0 -1
    outer loop
      vertex 7.97921 -45.8069 -2.5
      vertex 8.99712 -46.1765 -2.5
      vertex 6.8404 -50.5711 -2.5
    endloop
  endfacet
  facet normal 0 0 -1
    outer loop
      vertex 6.8404 -50.5711 -2.5
      vertex 8.99712 -46.1765 -2.5
      vertex 7.65367 -50.8873 -2.5
    endloop
  endfacet
  facet normal 0 0 -1
    outer loop
      vertex 8.99712 -46.1765 -2.5
      vertex 9.99798 -46.5902 -2.5
      vertex 7.65367 -50.8873 -2.5
    endloop
  endfacet
  facet normal 0 0 -1
    outer loop
      vertex 7.65367 -50.8873 -2.5
      vertex 9.99798 -46.5902 -2.5
      vertex 8.45237 -51.2388 -2.5
    endloop
  endfacet
  facet normal 0 0 -1
    outer loop
      vertex 9.99798 -46.5902 -2.5
      vertex 10.9799 -47.047 -2.5
      vertex 8.45237 -51.2388 -2.5
    endloop
  endfacet
  facet normal 0 0 -1
    outer loop
      vertex 8.45237 -51.2388 -2.5
      vertex 10.9799 -47.047 -2.5
      vertex 9.23497 -51.6247 -2.5
    endloop
  endfacet
  facet normal 0 0 -1
    outer loop
      vertex 10.9799 -47.047 -2.5
      vertex 11.941 -47.5461 -2.5
      vertex 9.23497 -51.6247 -2.5
    endloop
  endfacet
  facet normal 0 0 -1
    outer loop
      vertex 9.23497 -51.6247 -2.5
      vertex 11.941 -47.5461 -2.5
      vertex 10 -52.0444 -2.5
    endloop
  endfacet
  facet normal 0 0 -1
    outer loop
      vertex 11.941 -47.5461 -2.5
      vertex 12.8794 -48.0865 -2.5
      vertex 10 -52.0444 -2.5
    endloop
  endfacet
  facet normal 0 0 -1
    outer loop
      vertex 10 -52.0444 -2.5
      vertex 12.8794 -48.0865 -2.5
      vertex 10.746 -52.4971 -2.5
    endloop
  endfacet
  facet normal 0 0 -1
    outer loop
      vertex 12.8794 -48.0865 -2.5
      vertex 13.7935 -48.6673 -2.5
      vertex 10.746 -52.4971 -2.5
    endloop
  endfacet
  facet normal 0 0 -1
    outer loop
      vertex 10.746 -52.4971 -2.5
      vertex 13.7935 -48.6673 -2.5
      vertex 11.4715 -52.9819 -2.5
    endloop
  endfacet
  facet normal 0 0 -1
    outer loop
      vertex 13.7935 -48.6673 -2.5
      vertex 14.6813 -49.2874 -2.5
      vertex 11.4715 -52.9819 -2.5
    endloop
  endfacet
  facet normal 0 0 -1
    outer loop
      vertex 11.4715 -52.9819 -2.5
      vertex 14.6813 -49.2874 -2.5
      vertex 12.1752 -53.4979 -2.5
    endloop
  endfacet
  facet normal 0 0 -1
    outer loop
      vertex 14.6813 -49.2874 -2.5
      vertex 15.5414 -49.9455 -2.5
      vertex 12.1752 -53.4979 -2.5
    endloop
  endfacet
  facet normal 0 0 -1
    outer loop
      vertex 12.1752 -53.4979 -2.5
      vertex 15.5414 -49.9455 -2.5
      vertex 12.8558 -54.044 -2.5
    endloop
  endfacet
  facet normal 0 0 -1
    outer loop
      vertex 15.5414 -49.9455 -2.5
      vertex 16.372 -50.6404 -2.5
      vertex 12.8558 -54.044 -2.5
    endloop
  endfacet
  facet normal 0 0 -1
    outer loop
      vertex 12.8558 -54.044 -2.5
      vertex 16.372 -50.6404 -2.5
      vertex 13.5118 -54.6194 -2.5
    endloop
  endfacet
  facet normal 0 0 -1
    outer loop
      vertex 16.372 -50.6404 -2.5
      vertex 17.1715 -51.3708 -2.5
      vertex 13.5118 -54.6194 -2.5
    endloop
  endfacet
  facet normal 0 0 -1
    outer loop
      vertex 13.5118 -54.6194 -2.5
      vertex 17.1715 -51.3708 -2.5
      vertex 14.1421 -55.2228 -2.5
    endloop
  endfacet
  facet normal 0 0 -1
    outer loop
      vertex 17.1715 -51.3708 -2.5
      vertex 17.9386 -52.1354 -2.5
      vertex 14.1421 -55.2228 -2.5
    endloop
  endfacet
  facet normal 0 0 -1
    outer loop
      vertex 14.1421 -55.2228 -2.5
      vertex 17.9386 -52.1354 -2.5
      vertex 14.7455 -55.8531 -2.5
    endloop
  endfacet
  facet normal 0 0 -1
    outer loop
      vertex 17.9386 -52.1354 -2.5
      vertex 18.6715 -52.9326 -2.5
      vertex 14.7455 -55.8531 -2.5
    endloop
  endfacet
  facet normal 0 0 -1
    outer loop
      vertex 14.7455 -55.8531 -2.5
      vertex 18.6715 -52.9326 -2.5
      vertex 15.3209 -56.5092 -2.5
    endloop
  endfacet
  facet normal 0 0 -1
    outer loop
      vertex 18.6715 -52.9326 -2.5
      vertex 19.3691 -53.7609 -2.5
      vertex 15.3209 -56.5092 -2.5
    endloop
  endfacet
  facet normal 0 0 -1
    outer loop
      vertex 15.3209 -56.5092 -2.5
      vertex 19.3691 -53.7609 -2.5
      vertex 15.8671 -57.1897 -2.5
    endloop
  endfacet
  facet normal 0 0 -1
    outer loop
      vertex 19.3691 -53.7609 -2.5
      vertex 20.03 -54.6188 -2.5
      vertex 15.8671 -57.1897 -2.5
    endloop
  endfacet
  facet normal 0 0 -1
    outer loop
      vertex 15.8671 -57.1897 -2.5
      vertex 20.03 -54.6188 -2.5
      vertex 16.383 -57.8934 -2.5
    endloop
  endfacet
  facet normal 0 0 -1
    outer loop
      vertex 20.03 -54.6188 -2.5
      vertex 20.6529 -55.5047 -2.5
      vertex 16.383 -57.8934 -2.5
    endloop
  endfacet
  facet normal 0 0 -1
    outer loop
      vertex 16.383 -57.8934 -2.5
      vertex 20.6529 -55.5047 -2.5
      vertex 16.8678 -58.6189 -2.5
    endloop
  endfacet
  facet normal 0 0 -1
    outer loop
      vertex 20.6529 -55.5047 -2.5
      vertex 21.2367 -56.4169 -2.5
      vertex 16.8678 -58.6189 -2.5
    endloop
  endfacet
  facet normal 0 0 -1
    outer loop
      vertex 16.8678 -58.6189 -2.5
      vertex 21.2367 -56.4169 -2.5
      vertex 17.3205 -59.3649 -2.5
    endloop
  endfacet
  facet normal 0 0 -1
    outer loop
      vertex 21.2367 -56.4169 -2.5
      vertex 21.7802 -57.3536 -2.5
      vertex 17.3205 -59.3649 -2.5
    endloop
  endfacet
  facet normal 0 0 -1
    outer loop
      vertex 17.3205 -59.3649 -2.5
      vertex 21.7802 -57.3536 -2.5
      vertex 17.7402 -60.1299 -2.5
    endloop
  endfacet
  facet normal 0 0 -1
    outer loop
      vertex 21.7802 -57.3536 -2.5
      vertex 22.2824 -58.313 -2.5
      vertex 17.7402 -60.1299 -2.5
    endloop
  endfacet
  facet normal 0 0 -1
    outer loop
      vertex 17.7402 -60.1299 -2.5
      vertex 22.2824 -58.313 -2.5
      vertex 18.1262 -60.9126 -2.5
    endloop
  endfacet
  facet normal 0 0 -1
    outer loop
      vertex 22.2824 -58.313 -2.5
      vertex 22.7424 -59.2935 -2.5
      vertex 18.1262 -60.9126 -2.5
    endloop
  endfacet
  facet normal 0 0 -1
    outer loop
      vertex 18.1262 -60.9126 -2.5
      vertex 22.7424 -59.2935 -2.5
      vertex 18.4776 -61.7112 -2.5
    endloop
  endfacet
  facet normal 0 0 -1
    outer loop
      vertex 22.7424 -59.2935 -2.5
      vertex 23.1592 -60.293 -2.5
      vertex 18.4776 -61.7112 -2.5
    endloop
  endfacet
  facet normal 0 0 -1
    outer loop
      vertex 18.4776 -61.7112 -2.5
      vertex 23.1592 -60.293 -2.5
      vertex 18.7939 -62.5245 -2.5
    endloop
  endfacet
  facet normal 0 0 -1
    outer loop
      vertex 23.1592 -60.293 -2.5
      vertex 23.5322 -61.3097 -2.5
      vertex 18.7939 -62.5245 -2.5
    endloop
  endfacet
  facet normal 0 0 -1
    outer loop
      vertex 18.7939 -62.5245 -2.5
      vertex 23.5322 -61.3097 -2.5
      vertex 19.0743 -63.3508 -2.5
    endloop
  endfacet
  facet normal 0 0 -1
    outer loop
      vertex 23.5322 -61.3097 -2.5
      vertex 23.8605 -62.3417 -2.5
      vertex 19.0743 -63.3508 -2.5
    endloop
  endfacet
  facet normal 0 0 -1
    outer loop
      vertex 19.0743 -63.3508 -2.5
      vertex 23.8605 -62.3417 -2.5
      vertex 19.3185 -64.1885 -2.5
    endloop
  endfacet
  facet normal 0 0 -1
    outer loop
      vertex 23.8605 -62.3417 -2.5
      vertex 24.1436 -63.387 -2.5
      vertex 19.3185 -64.1885 -2.5
    endloop
  endfacet
  facet normal 0 0 -1
    outer loop
      vertex 19.3185 -64.1885 -2.5
      vertex 24.1436 -63.387 -2.5
      vertex 19.5259 -65.0361 -2.5
    endloop
  endfacet
  facet normal 0 0 -1
    outer loop
      vertex 24.1436 -63.387 -2.5
      vertex 24.3809 -64.4436 -2.5
      vertex 19.5259 -65.0361 -2.5
    endloop
  endfacet
  facet normal 0 0 -1
    outer loop
      vertex 19.5259 -65.0361 -2.5
      vertex 24.3809 -64.4436 -2.5
      vertex 19.6962 -65.892 -2.5
    endloop
  endfacet
  facet normal 0 0 -1
    outer loop
      vertex 24.3809 -64.4436 -2.5
      vertex 24.572 -65.5096 -2.5
      vertex 19.6962 -65.892 -2.5
    endloop
  endfacet
  facet normal 0 0 -1
    outer loop
      vertex 19.6962 -65.892 -2.5
      vertex 24.572 -65.5096 -2.5
      vertex 19.8289 -66.7544 -2.5
    endloop
  endfacet
  facet normal 0 0 -1
    outer loop
      vertex 24.572 -65.5096 -2.5
      vertex 24.7166 -66.5828 -2.5
      vertex 19.8289 -66.7544 -2.5
    endloop
  endfacet
  facet normal 0 0 -1
    outer loop
      vertex 19.8289 -66.7544 -2.5
      vertex 24.7166 -66.5828 -2.5
      vertex 19.9239 -67.6218 -2.5
    endloop
  endfacet
  facet normal 0 0 -1
    outer loop
      vertex 24.7166 -66.5828 -2.5
      vertex 24.8143 -67.6614 -2.5
      vertex 19.9239 -67.6218 -2.5
    endloop
  endfacet
  facet normal 0 0 -1
    outer loop
      vertex 19.9239 -67.6218 -2.5
      vertex 24.8143 -67.6614 -2.5
      vertex 19.981 -68.4925 -2.5
    endloop
  endfacet
  facet normal 0 0 -1
    outer loop
      vertex 24.8143 -67.6614 -2.5
      vertex 24.8649 -68.7432 -2.5
      vertex 19.981 -68.4925 -2.5
    endloop
  endfacet
  facet normal 0 0 -1
    outer loop
      vertex 19.981 -68.4925 -2.5
      vertex 24.8649 -68.7432 -2.5
      vertex 20 -69.3649 -2.5
    endloop
  endfacet
  facet normal 0 0 -1
    outer loop
      vertex 24.8649 -68.7432 -2.5
      vertex 24.8684 -69.8261 -2.5
      vertex 20 -69.3649 -2.5
    endloop
  endfacet
  facet normal 0 0 -1
    outer loop
      vertex 20 -69.3649 -2.5
      vertex 24.8684 -69.8261 -2.5
      vertex 19.981 -70.2373 -2.5
    endloop
  endfacet
  facet normal 0 0 -1
    outer loop
      vertex 24.8684 -69.8261 -2.5
      vertex 24.8247 -70.9082 -2.5
      vertex 19.981 -70.2373 -2.5
    endloop
  endfacet
  facet normal 0 0 -1
    outer loop
      vertex 19.981 -70.2373 -2.5
      vertex 24.8247 -70.9082 -2.5
      vertex 19.9239 -71.108 -2.5
    endloop
  endfacet
  facet normal 0 0 -1
    outer loop
      vertex 24.8247 -70.9082 -2.5
      vertex 24.734 -71.9873 -2.5
      vertex 19.9239 -71.108 -2.5
    endloop
  endfacet
  facet normal 0 0 -1
    outer loop
      vertex 19.9239 -71.108 -2.5
      vertex 24.734 -71.9873 -2.5
      vertex 19.8289 -71.9754 -2.5
    endloop
  endfacet
  facet normal 0 0 -1
    outer loop
      vertex 24.734 -71.9873 -2.5
      vertex 24.5964 -73.0615 -2.5
      vertex 19.8289 -71.9754 -2.5
    endloop
  endfacet
  facet normal 0 0 -1
    outer loop
      vertex 19.8289 -71.9754 -2.5
      vertex 24.5964 -73.0615 -2.5
      vertex 19.6962 -72.8379 -2.5
    endloop
  endfacet
  facet normal 0 0 -1
    outer loop
      vertex 24.5964 -73.0615 -2.5
      vertex 24.4122 -74.1287 -2.5
      vertex 19.6962 -72.8379 -2.5
    endloop
  endfacet
  facet normal 0 0 -1
    outer loop
      vertex 19.6962 -72.8379 -2.5
      vertex 24.4122 -74.1287 -2.5
      vertex 19.5259 -73.6937 -2.5
    endloop
  endfacet
  facet normal 0 0 -1
    outer loop
      vertex 24.4122 -74.1287 -2.5
      vertex 24.1817 -75.1868 -2.5
      vertex 19.5259 -73.6937 -2.5
    endloop
  endfacet
  facet normal 0 0 -1
    outer loop
      vertex 19.5259 -73.6937 -2.5
      vertex 24.1817 -75.1868 -2.5
      vertex 19.3185 -74.5413 -2.5
    endloop
  endfacet
  facet normal 0 0 -1
    outer loop
      vertex 24.1817 -75.1868 -2.5
      vertex 23.9053 -76.2339 -2.5
      vertex 19.3185 -74.5413 -2.5
    endloop
  endfacet
  facet normal 0 0 -1
    outer loop
      vertex 19.3185 -74.5413 -2.5
      vertex 23.9053 -76.2339 -2.5
      vertex 19.0743 -75.379 -2.5
    endloop
  endfacet
  facet normal 0 0 -1
    outer loop
      vertex 23.9053 -76.2339 -2.5
      vertex 23.5837 -77.268 -2.5
      vertex 19.0743 -75.379 -2.5
    endloop
  endfacet
  facet normal 0 0 -1
    outer loop
      vertex 19.0743 -75.379 -2.5
      vertex 23.5837 -77.268 -2.5
      vertex 18.7939 -76.2053 -2.5
    endloop
  endfacet
  facet normal 0 0 -1
    outer loop
      vertex 23.5837 -77.268 -2.5
      vertex 23.2173 -78.2871 -2.5
      vertex 18.7939 -76.2053 -2.5
    endloop
  endfacet
  facet normal 0 0 -1
    outer loop
      vertex 18.7939 -76.2053 -2.5
      vertex 23.2173 -78.2871 -2.5
      vertex 18.4776 -77.0186 -2.5
    endloop
  endfacet
  facet normal 0 0 -1
    outer loop
      vertex 23.2173 -78.2871 -2.5
      vertex 22.8069 -79.2893 -2.5
      vertex 18.4776 -77.0186 -2.5
    endloop
  endfacet
  facet normal 0 0 -1
    outer loop
      vertex 18.4776 -77.0186 -2.5
      vertex 22.8069 -79.2893 -2.5
      vertex 18.1262 -77.8173 -2.5
    endloop
  endfacet
  facet normal 0 0 -1
    outer loop
      vertex 22.8069 -79.2893 -2.5
      vertex 22.3533 -80.2727 -2.5
      vertex 18.1262 -77.8173 -2.5
    endloop
  endfacet
  facet normal 0 0 -1
    outer loop
      vertex 18.1262 -77.8173 -2.5
      vertex 22.3533 -80.2727 -2.5
      vertex 17.7402 -78.5999 -2.5
    endloop
  endfacet
  facet normal 0 0 -1
    outer loop
      vertex 22.3533 -80.2727 -2.5
      vertex 21.8573 -81.2354 -2.5
      vertex 17.7402 -78.5999 -2.5
    endloop
  endfacet
  facet normal 0 0 -1
    outer loop
      vertex 17.7402 -78.5999 -2.5
      vertex 21.8573 -81.2354 -2.5
      vertex 17.3205 -79.3649 -2.5
    endloop
  endfacet
  facet normal 0 0 -1
    outer loop
      vertex 21.8573 -81.2354 -2.5
      vertex 21.3199 -82.1756 -2.5
      vertex 17.3205 -79.3649 -2.5
    endloop
  endfacet
  facet normal 0 0 -1
    outer loop
      vertex 17.3205 -79.3649 -2.5
      vertex 21.3199 -82.1756 -2.5
      vertex 16.8678 -80.1109 -2.5
    endloop
  endfacet
  facet normal 0 0 -1
    outer loop
      vertex 21.3199 -82.1756 -2.5
      vertex 20.742 -83.0915 -2.5
      vertex 16.8678 -80.1109 -2.5
    endloop
  endfacet
  facet normal 0 0 -1
    outer loop
      vertex 16.8678 -80.1109 -2.5
      vertex 20.742 -83.0915 -2.5
      vertex 16.383 -80.8364 -2.5
    endloop
  endfacet
  facet normal 0 0 -1
    outer loop
      vertex 20.742 -83.0915 -2.5
      vertex 20.1248 -83.9814 -2.5
      vertex 16.383 -80.8364 -2.5
    endloop
  endfacet
  facet normal 0 0 -1
    outer loop
      vertex 16.383 -80.8364 -2.5
      vertex 20.1248 -83.9814 -2.5
      vertex 15.8671 -81.5401 -2.5
    endloop
  endfacet
  facet normal 0 0 -1
    outer loop
      vertex 20.1248 -83.9814 -2.5
      vertex 19.4695 -84.8435 -2.5
      vertex 15.8671 -81.5401 -2.5
    endloop
  endfacet
  facet normal 0 0 -1
    outer loop
      vertex 15.8671 -81.5401 -2.5
      vertex 19.4695 -84.8435 -2.5
      vertex 15.3209 -82.2207 -2.5
    endloop
  endfacet
  facet normal 0 0 -1
    outer loop
      vertex 19.4695 -84.8435 -2.5
      vertex 18.7773 -85.6764 -2.5
      vertex 15.3209 -82.2207 -2.5
    endloop
  endfacet
  facet normal 0 0 -1
    outer loop
      vertex 15.3209 -82.2207 -2.5
      vertex 18.7773 -85.6764 -2.5
      vertex 14.7455 -82.8767 -2.5
    endloop
  endfacet
  facet normal 0 0 -1
    outer loop
      vertex 18.7773 -85.6764 -2.5
      vertex 18.0494 -86.4783 -2.5
      vertex 14.7455 -82.8767 -2.5
    endloop
  endfacet
  facet normal 0 0 -1
    outer loop
      vertex 14.7455 -82.8767 -2.5
      vertex 18.0494 -86.4783 -2.5
      vertex 14.1421 -83.5071 -2.5
    endloop
  endfacet
  facet normal 0 0 -1
    outer loop
      vertex 18.0494 -86.4783 -2.5
      vertex 17.2874 -87.2478 -2.5
      vertex 14.1421 -83.5071 -2.5
    endloop
  endfacet
  facet normal 0 0 -1
    outer loop
      vertex 14.1421 -83.5071 -2.5
      vertex 17.2874 -87.2478 -2.5
      vertex 13.5118 -84.1105 -2.5
    endloop
  endfacet
  facet normal 0 0 -1
    outer loop
      vertex 17.2874 -87.2478 -2.5
      vertex 16.4926 -87.9833 -2.5
      vertex 13.5118 -84.1105 -2.5
    endloop
  endfacet
  facet normal 0 0 -1
    outer loop
      vertex 13.5118 -84.1105 -2.5
      vertex 16.4926 -87.9833 -2.5
      vertex 12.8558 -84.6858 -2.5
    endloop
  endfacet
  facet normal 0 0 -1
    outer loop
      vertex 16.4926 -87.9833 -2.5
      vertex 15.6665 -88.6836 -2.5
      vertex 12.8558 -84.6858 -2.5
    endloop
  endfacet
  facet normal 0 0 -1
    outer loop
      vertex 12.8558 -84.6858 -2.5
      vertex 15.6665 -88.6836 -2.5
      vertex 12.1752 -85.232 -2.5
    endloop
  endfacet
  facet normal 0 0 -1
    outer loop
      vertex 15.6665 -88.6836 -2.5
      vertex 14.8107 -89.3472 -2.5
      vertex 12.1752 -85.232 -2.5
    endloop
  endfacet
  facet normal 0 0 -1
    outer loop
      vertex 12.1752 -85.232 -2.5
      vertex 14.8107 -89.3472 -2.5
      vertex 11.4715 -85.748 -2.5
    endloop
  endfacet
  facet normal 0 0 -1
    outer loop
      vertex 14.8107 -89.3472 -2.5
      vertex 13.9268 -89.973 -2.5
      vertex 11.4715 -85.748 -2.5
    endloop
  endfacet
  facet normal 0 0 -1
    outer loop
      vertex 11.4715 -85.748 -2.5
      vertex 13.9268 -89.973 -2.5
      vertex 10.746 -86.2327 -2.5
    endloop
  endfacet
  facet normal 0 0 -1
    outer loop
      vertex 13.9268 -89.973 -2.5
      vertex 13.0166 -90.5597 -2.5
      vertex 10.746 -86.2327 -2.5
    endloop
  endfacet
  facet normal 0 0 -1
    outer loop
      vertex 10.746 -86.2327 -2.5
      vertex 13.0166 -90.5597 -2.5
      vertex 10 -86.6854 -2.5
    endloop
  endfacet
  facet normal 0 0 -1
    outer loop
      vertex 13.0166 -90.5597 -2.5
      vertex 12.0816 -91.1062 -2.5
      vertex 10 -86.6854 -2.5
    endloop
  endfacet
  facet normal 0 0 -1
    outer loop
      vertex 10 -86.6854 -2.5
      vertex 12.0816 -91.1062 -2.5
      vertex 9.23497 -87.1051 -2.5
    endloop
  endfacet
  facet normal 0 0 -1
    outer loop
      vertex 12.0816 -91.1062 -2.5
      vertex 11.1238 -91.6115 -2.5
      vertex 9.23497 -87.1051 -2.5
    endloop
  endfacet
  facet normal 0 0 -1
    outer loop
      vertex 9.23497 -87.1051 -2.5
      vertex 11.1238 -91.6115 -2.5
      vertex 8.45237 -87.4911 -2.5
    endloop
  endfacet
  facet normal 0 0 -1
    outer loop
      vertex 11.1238 -91.6115 -2.5
      vertex 10.1448 -92.0746 -2.5
      vertex 8.45237 -87.4911 -2.5
    endloop
  endfacet
  facet normal 0 0 -1
    outer loop
      vertex 8.45237 -87.4911 -2.5
      vertex 10.1448 -92.0746 -2.5
      vertex 7.65367 -87.8425 -2.5
    endloop
  endfacet
  facet normal 0 0 -1
    outer loop
      vertex 10.1448 -92.0746 -2.5
      vertex 9.14667 -92.4947 -2.5
      vertex 7.65367 -87.8425 -2.5
    endloop
  endfacet
  facet normal 0 0 -1
    outer loop
      vertex 7.65367 -87.8425 -2.5
      vertex 9.14667 -92.4947 -2.5
      vertex 6.8404 -88.1588 -2.5
    endloop
  endfacet
  facet normal 0 0 -1
    outer loop
      vertex 9.14667 -92.4947 -2.5
      vertex 8.13116 -92.8709 -2.5
      vertex 6.8404 -88.1588 -2.5
    endloop
  endfacet
  facet normal 0 0 -1
    outer loop
      vertex 6.8404 -88.1588 -2.5
      vertex 8.13116 -92.8709 -2.5
      vertex 6.01412 -88.4393 -2.5
    endloop
  endfacet
  facet normal 0 0 -1
    outer loop
      vertex 8.13116 -92.8709 -2.5
      vertex 7.10024 -93.2026 -2.5
      vertex 6.01412 -88.4393 -2.5
    endloop
  endfacet
  facet normal 0 0 -1
    outer loop
      vertex 6.01412 -88.4393 -2.5
      vertex 7.10024 -93.2026 -2.5
      vertex 5.17638 -88.6834 -2.5
    endloop
  endfacet
  facet normal 0 0 -1
    outer loop
      vertex 7.10024 -93.2026 -2.5
      vertex 6.05586 -93.4891 -2.5
      vertex 5.17638 -88.6834 -2.5
    endloop
  endfacet
  facet normal 0 0 -1
    outer loop
      vertex 5.17638 -88.6834 -2.5
      vertex 6.05586 -93.4891 -2.5
      vertex 4.32879 -88.8908 -2.5
    endloop
  endfacet
  facet normal 0 0 -1
    outer loop
      vertex 6.05586 -93.4891 -2.5
      vertex 5 -93.7298 -2.5
      vertex 4.32879 -88.8908 -2.5
    endloop
  endfacet
  facet normal 0 0 -1
    outer loop
      vertex 4.32879 -88.8908 -2.5
      vertex 5 -93.7298 -2.5
      vertex 3.47296 -89.0611 -2.5
    endloop
  endfacet
  facet normal 0 0 -1
    outer loop
      vertex 5 -93.7298 -2.5
      vertex 2.61052 -89.1938 -2.5
      vertex 3.47296 -89.0611 -2.5
    endloop
  endfacet
  facet normal -1 0 0
    outer loop
      vertex -5 -93.7298 -2.5
      vertex -5 -108.73 -2.5
      vertex -5 -93.7298 2.5
    endloop
  endfacet
  facet normal -1 0 0
    outer loop
      vertex -5 -108.73 -2.5
      vertex -5 -108.73 2.5
      vertex -5 -93.7298 2.5
    endloop
  endfacet
  facet normal 0 -1 0
    outer loop
      vertex -5 -108.73 2.5
      vertex -5 -108.73 -2.5
      vertex 5 -108.73 2.5
    endloop
  endfacet
  facet normal 0 -1 0
    outer loop
      vertex -5 -108.73 -2.5
      vertex 5 -108.73 -2.5
      vertex 5 -108.73 2.5
    endloop
  endfacet
  facet normal -0.222301 -0.974978 0
    outer loop
      vertex -5 -93.7298 -2.5
      vertex -5 -93.7298 2.5
      vertex -6.05586 -93.4891 2.5
    endloop
  endfacet
  facet normal -0.222301 -0.974978 0
    outer loop
      vertex -5 -93.7298 -2.5
      vertex -6.05586 -93.4891 2.5
      vertex -6.05586 -93.4891 -2.5
    endloop
  endfacet
  facet normal -0.26453 -0.964377 0
    outer loop
      vertex -6.05586 -93.4891 2.5
      vertex -7.10024 -93.2026 2.5
      vertex -6.05586 -93.4891 -2.5
    endloop
  endfacet
  facet normal -0.26453 -0.964377 0
    outer loop
      vertex -6.05586 -93.4891 -2.5
      vertex -7.10024 -93.2026 2.5
      vertex -7.10024 -93.2026 -2.5
    endloop
  endfacet
  facet normal -0.306263 -0.951947 0
    outer loop
      vertex -7.10024 -93.2026 2.5
      vertex -8.13116 -92.8709 2.5
      vertex -7.10024 -93.2026 -2.5
    endloop
  endfacet
  facet normal -0.306263 -0.951947 0
    outer loop
      vertex -7.10024 -93.2026 -2.5
      vertex -8.13116 -92.8709 2.5
      vertex -8.13116 -92.8709 -2.5
    endloop
  endfacet
  facet normal -0.347405 -0.937715 0
    outer loop
      vertex -8.13116 -92.8709 2.5
      vertex -9.14667 -92.4947 2.5
      vertex -8.13116 -92.8709 -2.5
    endloop
  endfacet
  facet normal -0.347405 -0.937715 0
    outer loop
      vertex -8.13116 -92.8709 -2.5
      vertex -9.14667 -92.4947 2.5
      vertex -9.14667 -92.4947 -2.5
    endloop
  endfacet
  facet normal -0.387899 -0.921702 0
    outer loop
      vertex -9.14667 -92.4947 2.5
      vertex -10.1448 -92.0746 2.5
      vertex -9.14667 -92.4947 -2.5
    endloop
  endfacet
  facet normal -0.387899 -0.921702 0
    outer loop
      vertex -9.14667 -92.4947 -2.5
      vertex -10.1448 -92.0746 2.5
      vertex -10.1448 -92.0746 -2.5
    endloop
  endfacet
  facet normal -0.427651 -0.903944 0
    outer loop
      vertex -10.1448 -92.0746 2.5
      vertex -11.1238 -91.6115 2.5
      vertex -10.1448 -92.0746 -2.5
    endloop
  endfacet
  facet normal -0.427651 -0.903944 0
    outer loop
      vertex -10.1448 -92.0746 -2.5
      vertex -11.1238 -91.6115 2.5
      vertex -11.1238 -91.6115 -2.5
    endloop
  endfacet
  facet normal -0.466592 -0.884473 0
    outer loop
      vertex -11.1238 -91.6115 2.5
      vertex -12.0816 -91.1062 2.5
      vertex -11.1238 -91.6115 -2.5
    endloop
  endfacet
  facet normal -0.466592 -0.884473 0
    outer loop
      vertex -11.1238 -91.6115 -2.5
      vertex -12.0816 -91.1062 2.5
      vertex -12.0816 -91.1062 -2.5
    endloop
  endfacet
  facet normal -0.504656 -0.863321 0
    outer loop
      vertex -12.0816 -91.1062 2.5
      vertex -13.0166 -90.5597 2.5
      vertex -12.0816 -91.1062 -2.5
    endloop
  endfacet
  facet normal -0.504656 -0.863321 0
    outer loop
      vertex -12.0816 -91.1062 -2.5
      vertex -13.0166 -90.5597 2.5
      vertex -13.0166 -90.5597 -2.5
    endloop
  endfacet
  facet normal -0.541753 -0.840537 0
    outer loop
      vertex -13.0166 -90.5597 2.5
      vertex -13.9268 -89.973 2.5
      vertex -13.0166 -90.5597 -2.5
    endloop
  endfacet
  facet normal -0.541753 -0.840537 0
    outer loop
      vertex -13.0166 -90.5597 -2.5
      vertex -13.9268 -89.973 2.5
      vertex -13.9268 -89.973 -2.5
    endloop
  endfacet
  facet normal -0.577831 -0.816157 0
    outer loop
      vertex -13.9268 -89.973 2.5
      vertex -14.8107 -89.3472 2.5
      vertex -13.9268 -89.973 -2.5
    endloop
  endfacet
  facet normal -0.577831 -0.816157 0
    outer loop
      vertex -13.9268 -89.973 -2.5
      vertex -14.8107 -89.3472 2.5
      vertex -14.8107 -89.3472 -2.5
    endloop
  endfacet
  facet normal -0.612809 -0.790231 0
    outer loop
      vertex -14.8107 -89.3472 2.5
      vertex -15.6665 -88.6836 2.5
      vertex -14.8107 -89.3472 -2.5
    endloop
  endfacet
  facet normal -0.612809 -0.790231 0
    outer loop
      vertex -14.8107 -89.3472 -2.5
      vertex -15.6665 -88.6836 2.5
      vertex -15.6665 -88.6836 -2.5
    endloop
  endfacet
  facet normal -0.646628 -0.762806 0
    outer loop
      vertex -15.6665 -88.6836 2.5
      vertex -16.4926 -87.9833 2.5
      vertex -15.6665 -88.6836 -2.5
    endloop
  endfacet
  facet normal -0.646628 -0.762806 0
    outer loop
      vertex -15.6665 -88.6836 -2.5
      vertex -16.4926 -87.9833 2.5
      vertex -16.4926 -87.9833 -2.5
    endloop
  endfacet
  facet normal -0.679215 -0.733939 0
    outer loop
      vertex -16.4926 -87.9833 2.5
      vertex -17.2874 -87.2478 2.5
      vertex -16.4926 -87.9833 -2.5
    endloop
  endfacet
  facet normal -0.679215 -0.733939 0
    outer loop
      vertex -16.4926 -87.9833 -2.5
      vertex -17.2874 -87.2478 2.5
      vertex -17.2874 -87.2478 -2.5
    endloop
  endfacet
  facet normal -0.710526 -0.703671 0
    outer loop
      vertex -17.2874 -87.2478 2.5
      vertex -18.0494 -86.4783 2.5
      vertex -17.2874 -87.2478 -2.5
    endloop
  endfacet
  facet normal -0.710526 -0.703671 0
    outer loop
      vertex -17.2874 -87.2478 -2.5
      vertex -18.0494 -86.4783 2.5
      vertex -18.0494 -86.4783 -2.5
    endloop
  endfacet
  facet normal -0.740479 -0.672079 0
    outer loop
      vertex -18.0494 -86.4783 2.5
      vertex -18.7773 -85.6764 2.5
      vertex -18.0494 -86.4783 -2.5
    endloop
  endfacet
  facet normal -0.740479 -0.672079 0
    outer loop
      vertex -18.0494 -86.4783 -2.5
      vertex -18.7773 -85.6764 2.5
      vertex -18.7773 -85.6764 -2.5
    endloop
  endfacet
  facet normal -0.769035 -0.639207 0
    outer loop
      vertex -18.7773 -85.6764 2.5
      vertex -19.4695 -84.8435 2.5
      vertex -18.7773 -85.6764 -2.5
    endloop
  endfacet
  facet normal -0.769035 -0.639207 0
    outer loop
      vertex -18.7773 -85.6764 -2.5
      vertex -19.4695 -84.8435 2.5
      vertex -19.4695 -84.8435 -2.5
    endloop
  endfacet
  facet normal -0.796129 -0.605127 0
    outer loop
      vertex -19.4695 -84.8435 2.5
      vertex -20.1248 -83.9814 2.5
      vertex -19.4695 -84.8435 -2.5
    endloop
  endfacet
  facet normal -0.796129 -0.605127 0
    outer loop
      vertex -19.4695 -84.8435 -2.5
      vertex -20.1248 -83.9814 2.5
      vertex -20.1248 -83.9814 -2.5
    endloop
  endfacet
  facet normal -0.821715 -0.569899 0
    outer loop
      vertex -20.1248 -83.9814 2.5
      vertex -20.742 -83.0915 2.5
      vertex -20.1248 -83.9814 -2.5
    endloop
  endfacet
  facet normal -0.821715 -0.569899 0
    outer loop
      vertex -20.1248 -83.9814 -2.5
      vertex -20.742 -83.0915 2.5
      vertex -20.742 -83.0915 -2.5
    endloop
  endfacet
  facet normal -0.845745 -0.533587 0
    outer loop
      vertex -20.742 -83.0915 2.5
      vertex -21.3199 -82.1756 2.5
      vertex -20.742 -83.0915 -2.5
    endloop
  endfacet
  facet normal -0.845745 -0.533587 0
    outer loop
      vertex -20.742 -83.0915 -2.5
      vertex -21.3199 -82.1756 2.5
      vertex -21.3199 -82.1756 -2.5
    endloop
  endfacet
  facet normal -0.868169 -0.49627 0
    outer loop
      vertex -21.3199 -82.1756 2.5
      vertex -21.8573 -81.2354 2.5
      vertex -21.3199 -82.1756 -2.5
    endloop
  endfacet
  facet normal -0.868169 -0.49627 0
    outer loop
      vertex -21.3199 -82.1756 -2.5
      vertex -21.8573 -81.2354 2.5
      vertex -21.8573 -81.2354 -2.5
    endloop
  endfacet
  facet normal -0.88895 -0.458004 0
    outer loop
      vertex -21.8573 -81.2354 2.5
      vertex -22.3533 -80.2727 2.5
      vertex -21.8573 -81.2354 -2.5
    endloop
  endfacet
  facet normal -0.88895 -0.458004 0
    outer loop
      vertex -21.8573 -81.2354 -2.5
      vertex -22.3533 -80.2727 2.5
      vertex -22.3533 -80.2727 -2.5
    endloop
  endfacet
  facet normal -0.908043 -0.418876 0
    outer loop
      vertex -22.3533 -80.2727 2.5
      vertex -22.8069 -79.2893 2.5
      vertex -22.3533 -80.2727 -2.5
    endloop
  endfacet
  facet normal -0.908043 -0.418876 0
    outer loop
      vertex -22.3533 -80.2727 -2.5
      vertex -22.8069 -79.2893 2.5
      vertex -22.8069 -79.2893 -2.5
    endloop
  endfacet
  facet normal -0.925416 -0.378953 0
    outer loop
      vertex -22.8069 -79.2893 2.5
      vertex -23.2173 -78.2871 2.5
      vertex -22.8069 -79.2893 -2.5
    endloop
  endfacet
  facet normal -0.925416 -0.378953 0
    outer loop
      vertex -22.8069 -79.2893 -2.5
      vertex -23.2173 -78.2871 2.5
      vertex -23.2173 -78.2871 -2.5
    endloop
  endfacet
  facet normal -0.941035 -0.338308 0
    outer loop
      vertex -23.2173 -78.2871 2.5
      vertex -23.5837 -77.268 2.5
      vertex -23.2173 -78.2871 -2.5
    endloop
  endfacet
  facet normal -0.941035 -0.338308 0
    outer loop
      vertex -23.2173 -78.2871 -2.5
      vertex -23.5837 -77.268 2.5
      vertex -23.5837 -77.268 -2.5
    endloop
  endfacet
  facet normal -0.954869 -0.297027 0
    outer loop
      vertex -23.5837 -77.268 2.5
      vertex -23.9053 -76.2339 2.5
      vertex -23.5837 -77.268 -2.5
    endloop
  endfacet
  facet normal -0.954869 -0.297027 0
    outer loop
      vertex -23.5837 -77.268 -2.5
      vertex -23.9053 -76.2339 2.5
      vertex -23.9053 -76.2339 -2.5
    endloop
  endfacet
  facet normal -0.966894 -0.255179 0
    outer loop
      vertex -23.9053 -76.2339 2.5
      vertex -24.1817 -75.1868 2.5
      vertex -23.9053 -76.2339 -2.5
    endloop
  endfacet
  facet normal -0.966894 -0.255179 0
    outer loop
      vertex -23.9053 -76.2339 -2.5
      vertex -24.1817 -75.1868 2.5
      vertex -24.1817 -75.1868 -2.5
    endloop
  endfacet
  facet normal -0.977085 -0.212848 0
    outer loop
      vertex -24.1817 -75.1868 2.5
      vertex -24.4122 -74.1287 2.5
      vertex -24.1817 -75.1868 -2.5
    endloop
  endfacet
  facet normal -0.977085 -0.212848 0
    outer loop
      vertex -24.1817 -75.1868 -2.5
      vertex -24.4122 -74.1287 2.5
      vertex -24.4122 -74.1287 -2.5
    endloop
  endfacet
  facet normal -0.985424 -0.170114 0
    outer loop
      vertex -24.4122 -74.1287 2.5
      vertex -24.5964 -73.0615 2.5
      vertex -24.4122 -74.1287 -2.5
    endloop
  endfacet
  facet normal -0.985424 -0.170114 0
    outer loop
      vertex -24.4122 -74.1287 -2.5
      vertex -24.5964 -73.0615 2.5
      vertex -24.5964 -73.0615 -2.5
    endloop
  endfacet
  facet normal -0.991895 -0.127057 0
    outer loop
      vertex -24.5964 -73.0615 2.5
      vertex -24.734 -71.9873 2.5
      vertex -24.5964 -73.0615 -2.5
    endloop
  endfacet
  facet normal -0.991895 -0.127057 0
    outer loop
      vertex -24.5964 -73.0615 -2.5
      vertex -24.734 -71.9873 2.5
      vertex -24.734 -71.9873 -2.5
    endloop
  endfacet
  facet normal -0.996486 -0.0837606 0
    outer loop
      vertex -24.734 -71.9873 2.5
      vertex -24.8247 -70.9082 2.5
      vertex -24.734 -71.9873 -2.5
    endloop
  endfacet
  facet normal -0.996486 -0.0837606 0
    outer loop
      vertex -24.734 -71.9873 -2.5
      vertex -24.8247 -70.9082 2.5
      vertex -24.8247 -70.9082 -2.5
    endloop
  endfacet
  facet normal -0.999187 -0.0403039 0
    outer loop
      vertex -24.8247 -70.9082 2.5
      vertex -24.8684 -69.8261 2.5
      vertex -24.8247 -70.9082 -2.5
    endloop
  endfacet
  facet normal -0.999187 -0.0403039 0
    outer loop
      vertex -24.8247 -70.9082 -2.5
      vertex -24.8684 -69.8261 2.5
      vertex -24.8684 -69.8261 -2.5
    endloop
  endfacet
  facet normal -0.999995 0.00322835 0
    outer loop
      vertex -24.8684 -69.8261 2.5
      vertex -24.8649 -68.7432 2.5
      vertex -24.8684 -69.8261 -2.5
    endloop
  endfacet
  facet normal -0.999995 0.00322835 0
    outer loop
      vertex -24.8684 -69.8261 -2.5
      vertex -24.8649 -68.7432 2.5
      vertex -24.8649 -68.7432 -2.5
    endloop
  endfacet
  facet normal -0.998906 0.0467538 0
    outer loop
      vertex -24.8649 -68.7432 2.5
      vertex -24.8143 -67.6614 2.5
      vertex -24.8649 -68.7432 -2.5
    endloop
  endfacet
  facet normal -0.998906 0.0467538 0
    outer loop
      vertex -24.8649 -68.7432 -2.5
      vertex -24.8143 -67.6614 2.5
      vertex -24.8143 -67.6614 -2.5
    endloop
  endfacet
  facet normal -0.995924 0.0901929 0
    outer loop
      vertex -24.8143 -67.6614 2.5
      vertex -24.7166 -66.5828 2.5
      vertex -24.8143 -67.6614 -2.5
    endloop
  endfacet
  facet normal -0.995924 0.0901929 0
    outer loop
      vertex -24.8143 -67.6614 -2.5
      vertex -24.7166 -66.5828 2.5
      vertex -24.7166 -66.5828 -2.5
    endloop
  endfacet
  facet normal -0.991054 0.13346 0
    outer loop
      vertex -24.7166 -66.5828 2.5
      vertex -24.572 -65.5096 2.5
      vertex -24.7166 -66.5828 -2.5
    endloop
  endfacet
  facet normal -0.991054 0.13346 0
    outer loop
      vertex -24.7166 -66.5828 -2.5
      vertex -24.572 -65.5096 2.5
      vertex -24.572 -65.5096 -2.5
    endloop
  endfacet
  facet normal -0.984305 0.176475 0
    outer loop
      vertex -24.572 -65.5096 2.5
      vertex -24.3809 -64.4436 2.5
      vertex -24.572 -65.5096 -2.5
    endloop
  endfacet
  facet normal -0.984305 0.176475 0
    outer loop
      vertex -24.572 -65.5096 -2.5
      vertex -24.3809 -64.4436 2.5
      vertex -24.3809 -64.4436 -2.5
    endloop
  endfacet
  facet normal -0.97569 0.219153 0
    outer loop
      vertex -24.3809 -64.4436 2.5
      vertex -24.1436 -63.387 2.5
      vertex -24.3809 -64.4436 -2.5
    endloop
  endfacet
  facet normal -0.97569 0.219153 0
    outer loop
      vertex -24.3809 -64.4436 -2.5
      vertex -24.1436 -63.387 2.5
      vertex -24.1436 -63.387 -2.5
    endloop
  endfacet
  facet normal -0.965226 0.261416 0
    outer loop
      vertex -24.1436 -63.387 2.5
      vertex -23.8605 -62.3417 2.5
      vertex -24.1436 -63.387 -2.5
    endloop
  endfacet
  facet normal -0.965226 0.261416 0
    outer loop
      vertex -24.1436 -63.387 -2.5
      vertex -23.8605 -62.3417 2.5
      vertex -23.8605 -62.3417 -2.5
    endloop
  endfacet
  facet normal -0.952932 0.303185 0
    outer loop
      vertex -23.8605 -62.3417 2.5
      vertex -23.5322 -61.3097 2.5
      vertex -23.8605 -62.3417 -2.5
    endloop
  endfacet
  facet normal -0.952932 0.303185 0
    outer loop
      vertex -23.8605 -62.3417 -2.5
      vertex -23.5322 -61.3097 2.5
      vertex -23.5322 -61.3097 -2.5
    endloop
  endfacet
  facet normal -0.938831 0.344378 0
    outer loop
      vertex -23.5322 -61.3097 2.5
      vertex -23.1592 -60.293 2.5
      vertex -23.5322 -61.3097 -2.5
    endloop
  endfacet
  facet normal -0.938831 0.344378 0
    outer loop
      vertex -23.5322 -61.3097 -2.5
      vertex -23.1592 -60.293 2.5
      vertex -23.1592 -60.293 -2.5
    endloop
  endfacet
  facet normal -0.92295 0.384921 0
    outer loop
      vertex -23.1592 -60.293 2.5
      vertex -22.7424 -59.2935 2.5
      vertex -23.1592 -60.293 -2.5
    endloop
  endfacet
  facet normal -0.92295 0.384921 0
    outer loop
      vertex -23.1592 -60.293 -2.5
      vertex -22.7424 -59.2935 2.5
      vertex -22.7424 -59.2935 -2.5
    endloop
  endfacet
  facet normal -0.90532 0.42473 0
    outer loop
      vertex -22.7424 -59.2935 2.5
      vertex -22.2824 -58.313 2.5
      vertex -22.7424 -59.2935 -2.5
    endloop
  endfacet
  facet normal -0.90532 0.42473 0
    outer loop
      vertex -22.7424 -59.2935 -2.5
      vertex -22.2824 -58.313 2.5
      vertex -22.2824 -58.313 -2.5
    endloop
  endfacet
  facet normal -0.885973 0.463736 0
    outer loop
      vertex -22.2824 -58.313 2.5
      vertex -21.7802 -57.3536 2.5
      vertex -22.2824 -58.313 -2.5
    endloop
  endfacet
  facet normal -0.885973 0.463736 0
    outer loop
      vertex -22.2824 -58.313 -2.5
      vertex -21.7802 -57.3536 2.5
      vertex -21.7802 -57.3536 -2.5
    endloop
  endfacet
  facet normal -0.864947 0.501863 0
    outer loop
      vertex -21.7802 -57.3536 2.5
      vertex -21.2367 -56.4169 2.5
      vertex -21.7802 -57.3536 -2.5
    endloop
  endfacet
  facet normal -0.864947 0.501863 0
    outer loop
      vertex -21.7802 -57.3536 -2.5
      vertex -21.2367 -56.4169 2.5
      vertex -21.2367 -56.4169 -2.5
    endloop
  endfacet
  facet normal -0.842282 0.539037 0
    outer loop
      vertex -21.2367 -56.4169 2.5
      vertex -20.6529 -55.5047 2.5
      vertex -21.2367 -56.4169 -2.5
    endloop
  endfacet
  facet normal -0.842282 0.539037 0
    outer loop
      vertex -21.2367 -56.4169 -2.5
      vertex -20.6529 -55.5047 2.5
      vertex -20.6529 -55.5047 -2.5
    endloop
  endfacet
  facet normal -0.818019 0.575192 0
    outer loop
      vertex -20.6529 -55.5047 2.5
      vertex -20.03 -54.6188 2.5
      vertex -20.6529 -55.5047 -2.5
    endloop
  endfacet
  facet normal -0.818019 0.575192 0
    outer loop
      vertex -20.6529 -55.5047 -2.5
      vertex -20.03 -54.6188 2.5
      vertex -20.03 -54.6188 -2.5
    endloop
  endfacet
  facet normal -0.792205 0.610255 0
    outer loop
      vertex -20.03 -54.6188 2.5
      vertex -19.3691 -53.7609 2.5
      vertex -20.03 -54.6188 -2.5
    endloop
  endfacet
  facet normal -0.792205 0.610255 0
    outer loop
      vertex -20.03 -54.6188 -2.5
      vertex -19.3691 -53.7609 2.5
      vertex -19.3691 -53.7609 -2.5
    endloop
  endfacet
  facet normal -0.76489 0.644161 0
    outer loop
      vertex -19.3691 -53.7609 2.5
      vertex -18.6715 -52.9326 2.5
      vertex -19.3691 -53.7609 -2.5
    endloop
  endfacet
  facet normal -0.76489 0.644161 0
    outer loop
      vertex -19.3691 -53.7609 -2.5
      vertex -18.6715 -52.9326 2.5
      vertex -18.6715 -52.9326 -2.5
    endloop
  endfacet
  facet normal -0.736125 0.676845 0
    outer loop
      vertex -18.6715 -52.9326 2.5
      vertex -17.9386 -52.1354 2.5
      vertex -18.6715 -52.9326 -2.5
    endloop
  endfacet
  facet normal -0.736125 0.676845 0
    outer loop
      vertex -18.6715 -52.9326 -2.5
      vertex -17.9386 -52.1354 2.5
      vertex -17.9386 -52.1354 -2.5
    endloop
  endfacet
  facet normal -0.705965 0.708247 0
    outer loop
      vertex -17.9386 -52.1354 2.5
      vertex -17.1715 -51.3708 2.5
      vertex -17.9386 -52.1354 -2.5
    endloop
  endfacet
  facet normal -0.705965 0.708247 0
    outer loop
      vertex -17.9386 -52.1354 -2.5
      vertex -17.1715 -51.3708 2.5
      vertex -17.1715 -51.3708 -2.5
    endloop
  endfacet
  facet normal -0.674465 0.738307 0
    outer loop
      vertex -17.1715 -51.3708 2.5
      vertex -16.372 -50.6404 2.5
      vertex -17.1715 -51.3708 -2.5
    endloop
  endfacet
  facet normal -0.674465 0.738307 0
    outer loop
      vertex -17.1715 -51.3708 -2.5
      vertex -16.372 -50.6404 2.5
      vertex -16.372 -50.6404 -2.5
    endloop
  endfacet
  facet normal -0.641689 0.766965 0
    outer loop
      vertex -16.372 -50.6404 2.5
      vertex -15.5414 -49.9455 2.5
      vertex -16.372 -50.6404 -2.5
    endloop
  endfacet
  facet normal -0.641689 0.766965 0
    outer loop
      vertex -16.372 -50.6404 -2.5
      vertex -15.5414 -49.9455 2.5
      vertex -15.5414 -49.9455 -2.5
    endloop
  endfacet
  facet normal -0.607693 0.794172 0
    outer loop
      vertex -15.5414 -49.9455 2.5
      vertex -14.6813 -49.2874 2.5
      vertex -15.5414 -49.9455 -2.5
    endloop
  endfacet
  facet normal -0.607693 0.794172 0
    outer loop
      vertex -15.5414 -49.9455 -2.5
      vertex -14.6813 -49.2874 2.5
      vertex -14.6813 -49.2874 -2.5
    endloop
  endfacet
  facet normal -0.572547 0.819872 0
    outer loop
      vertex -14.6813 -49.2874 2.5
      vertex -13.7935 -48.6673 2.5
      vertex -14.6813 -49.2874 -2.5
    endloop
  endfacet
  facet normal -0.572547 0.819872 0
    outer loop
      vertex -14.6813 -49.2874 -2.5
      vertex -13.7935 -48.6673 2.5
      vertex -13.7935 -48.6673 -2.5
    endloop
  endfacet
  facet normal -0.536315 0.844018 0
    outer loop
      vertex -13.7935 -48.6673 2.5
      vertex -12.8794 -48.0865 2.5
      vertex -13.7935 -48.6673 -2.5
    endloop
  endfacet
  facet normal -0.536315 0.844018 0
    outer loop
      vertex -13.7935 -48.6673 -2.5
      vertex -12.8794 -48.0865 2.5
      vertex -12.8794 -48.0865 -2.5
    endloop
  endfacet
  facet normal -0.49907 0.866562 0
    outer loop
      vertex -12.8794 -48.0865 2.5
      vertex -11.941 -47.5461 2.5
      vertex -12.8794 -48.0865 -2.5
    endloop
  endfacet
  facet normal -0.49907 0.866562 0
    outer loop
      vertex -12.8794 -48.0865 -2.5
      vertex -11.941 -47.5461 2.5
      vertex -11.941 -47.5461 -2.5
    endloop
  endfacet
  facet normal -0.460871 0.887467 0
    outer loop
      vertex -11.941 -47.5461 2.5
      vertex -10.9799 -47.047 2.5
      vertex -11.941 -47.5461 -2.5
    endloop
  endfacet
  facet normal -0.460871 0.887467 0
    outer loop
      vertex -11.941 -47.5461 -2.5
      vertex -10.9799 -47.047 2.5
      vertex -10.9799 -47.047 -2.5
    endloop
  endfacet
  facet normal -0.421806 0.906686 0
    outer loop
      vertex -10.9799 -47.047 2.5
      vertex -9.99798 -46.5902 2.5
      vertex -10.9799 -47.047 -2.5
    endloop
  endfacet
  facet normal -0.421806 0.906686 0
    outer loop
      vertex -10.9799 -47.047 -2.5
      vertex -9.99798 -46.5902 2.5
      vertex -9.99798 -46.5902 -2.5
    endloop
  endfacet
  facet normal -0.381938 0.924188 0
    outer loop
      vertex -9.99798 -46.5902 2.5
      vertex -8.99712 -46.1765 2.5
      vertex -9.99798 -46.5902 -2.5
    endloop
  endfacet
  facet normal -0.381938 0.924188 0
    outer loop
      vertex -9.99798 -46.5902 -2.5
      vertex -8.99712 -46.1765 2.5
      vertex -8.99712 -46.1765 -2.5
    endloop
  endfacet
  facet normal -0.341347 0.939937 0
    outer loop
      vertex -8.99712 -46.1765 2.5
      vertex -7.97921 -45.8069 2.5
      vertex -8.99712 -46.1765 -2.5
    endloop
  endfacet
  facet normal -0.341347 0.939937 0
    outer loop
      vertex -8.99712 -46.1765 -2.5
      vertex -7.97921 -45.8069 2.5
      vertex -7.97921 -45.8069 -2.5
    endloop
  endfacet
  facet normal -0.300106 0.953906 0
    outer loop
      vertex -7.97921 -45.8069 2.5
      vertex -6.94617 -45.4819 2.5
      vertex -7.97921 -45.8069 -2.5
    endloop
  endfacet
  facet normal -0.300106 0.953906 0
    outer loop
      vertex -7.97921 -45.8069 -2.5
      vertex -6.94617 -45.4819 2.5
      vertex -6.94617 -45.4819 -2.5
    endloop
  endfacet
  facet normal -0.2583 0.966065 0
    outer loop
      vertex -6.94617 -45.4819 2.5
      vertex -5.89996 -45.2021 2.5
      vertex -6.94617 -45.4819 -2.5
    endloop
  endfacet
  facet normal -0.2583 0.966065 0
    outer loop
      vertex -6.94617 -45.4819 -2.5
      vertex -5.89996 -45.2021 2.5
      vertex -5.89996 -45.2021 -2.5
    endloop
  endfacet
  facet normal -0.216003 0.976393 0
    outer loop
      vertex -5.89996 -45.2021 2.5
      vertex -4.84257 -44.9682 2.5
      vertex -5.89996 -45.2021 -2.5
    endloop
  endfacet
  facet normal -0.216003 0.976393 0
    outer loop
      vertex -5.89996 -45.2021 -2.5
      vertex -4.84257 -44.9682 2.5
      vertex -4.84257 -44.9682 -2.5
    endloop
  endfacet
  facet normal -0.173293 0.98487 0
    outer loop
      vertex -4.84257 -44.9682 2.5
      vertex -3.776 -44.7806 2.5
      vertex -4.84257 -44.9682 -2.5
    endloop
  endfacet
  facet normal -0.173293 0.98487 0
    outer loop
      vertex -4.84257 -44.9682 -2.5
      vertex -3.776 -44.7806 2.5
      vertex -3.776 -44.7806 -2.5
    endloop
  endfacet
  facet normal -0.130259 0.99148 0
    outer loop
      vertex -3.776 -44.7806 2.5
      vertex -2.70227 -44.6395 2.5
      vertex -3.776 -44.7806 -2.5
    endloop
  endfacet
  facet normal -0.130259 0.99148 0
    outer loop
      vertex -3.776 -44.7806 -2.5
      vertex -2.70227 -44.6395 2.5
      vertex -2.70227 -44.6395 -2.5
    endloop
  endfacet
  facet normal -0.0869784 0.99621 0
    outer loop
      vertex -2.70227 -44.6395 2.5
      vertex -1.62341 -44.5453 2.5
      vertex -2.70227 -44.6395 -2.5
    endloop
  endfacet
  facet normal -0.0869784 0.99621 0
    outer loop
      vertex -2.70227 -44.6395 -2.5
      vertex -1.62341 -44.5453 2.5
      vertex -1.62341 -44.5453 -2.5
    endloop
  endfacet
  facet normal -0.0435288 0.999052 0
    outer loop
      vertex -1.62341 -44.5453 2.5
      vertex -0.541479 -44.4982 2.5
      vertex -1.62341 -44.5453 -2.5
    endloop
  endfacet
  facet normal -0.0435288 0.999052 0
    outer loop
      vertex -1.62341 -44.5453 -2.5
      vertex -0.541479 -44.4982 2.5
      vertex -0.541479 -44.4982 -2.5
    endloop
  endfacet
  facet normal 0 1 0
    outer loop
      vertex -0.541479 -44.4982 2.5
      vertex 0.541479 -44.4982 2.5
      vertex -0.541479 -44.4982 -2.5
    endloop
  endfacet
  facet normal 0 1 0
    outer loop
      vertex -0.541479 -44.4982 -2.5
      vertex 0.541479 -44.4982 2.5
      vertex 0.541479 -44.4982 -2.5
    endloop
  endfacet
  facet normal 0.0435288 0.999052 0
    outer loop
      vertex 0.541479 -44.4982 2.5
      vertex 1.62341 -44.5453 2.5
      vertex 0.541479 -44.4982 -2.5
    endloop
  endfacet
  facet normal 0.0435288 0.999052 0
    outer loop
      vertex 0.541479 -44.4982 -2.5
      vertex 1.62341 -44.5453 2.5
      vertex 1.62341 -44.5453 -2.5
    endloop
  endfacet
  facet normal 0.0869784 0.99621 0
    outer loop
      vertex 1.62341 -44.5453 2.5
      vertex 2.70227 -44.6395 2.5
      vertex 1.62341 -44.5453 -2.5
    endloop
  endfacet
  facet normal 0.0869784 0.99621 0
    outer loop
      vertex 1.62341 -44.5453 -2.5
      vertex 2.70227 -44.6395 2.5
      vertex 2.70227 -44.6395 -2.5
    endloop
  endfacet
  facet normal 0.130259 0.99148 0
    outer loop
      vertex 2.70227 -44.6395 2.5
      vertex 3.776 -44.7806 2.5
      vertex 2.70227 -44.6395 -2.5
    endloop
  endfacet
  facet normal 0.130259 0.99148 0
    outer loop
      vertex 2.70227 -44.6395 -2.5
      vertex 3.776 -44.7806 2.5
      vertex 3.776 -44.7806 -2.5
    endloop
  endfacet
  facet normal 0.173293 0.98487 0
    outer loop
      vertex 3.776 -44.7806 2.5
      vertex 4.84257 -44.9682 2.5
      vertex 3.776 -44.7806 -2.5
    endloop
  endfacet
  facet normal 0.173293 0.98487 0
    outer loop
      vertex 3.776 -44.7806 -2.5
      vertex 4.84257 -44.9682 2.5
      vertex 4.84257 -44.9682 -2.5
    endloop
  endfacet
  facet normal 0.216003 0.976393 0
    outer loop
      vertex 4.84257 -44.9682 2.5
      vertex 5.89996 -45.2021 2.5
      vertex 4.84257 -44.9682 -2.5
    endloop
  endfacet
  facet normal 0.216003 0.976393 0
    outer loop
      vertex 4.84257 -44.9682 -2.5
      vertex 5.89996 -45.2021 2.5
      vertex 5.89996 -45.2021 -2.5
    endloop
  endfacet
  facet normal 0.2583 0.966065 0
    outer loop
      vertex 5.89996 -45.2021 2.5
      vertex 6.94617 -45.4819 2.5
      vertex 5.89996 -45.2021 -2.5
    endloop
  endfacet
  facet normal 0.2583 0.966065 0
    outer loop
      vertex 5.89996 -45.2021 -2.5
      vertex 6.94617 -45.4819 2.5
      vertex 6.94617 -45.4819 -2.5
    endloop
  endfacet
  facet normal 0.300106 0.953906 0
    outer loop
      vertex 6.94617 -45.4819 2.5
      vertex 7.97921 -45.8069 2.5
      vertex 6.94617 -45.4819 -2.5
    endloop
  endfacet
  facet normal 0.300106 0.953906 0
    outer loop
      vertex 6.94617 -45.4819 -2.5
      vertex 7.97921 -45.8069 2.5
      vertex 7.97921 -45.8069 -2.5
    endloop
  endfacet
  facet normal 0.341347 0.939937 0
    outer loop
      vertex 7.97921 -45.8069 2.5
      vertex 8.99712 -46.1765 2.5
      vertex 7.97921 -45.8069 -2.5
    endloop
  endfacet
  facet normal 0.341347 0.939937 0
    outer loop
      vertex 7.97921 -45.8069 -2.5
      vertex 8.99712 -46.1765 2.5
      vertex 8.99712 -46.1765 -2.5
    endloop
  endfacet
  facet normal 0.381938 0.924188 0
    outer loop
      vertex 8.99712 -46.1765 2.5
      vertex 9.99798 -46.5902 2.5
      vertex 8.99712 -46.1765 -2.5
    endloop
  endfacet
  facet normal 0.381938 0.924188 0
    outer loop
      vertex 8.99712 -46.1765 -2.5
      vertex 9.99798 -46.5902 2.5
      vertex 9.99798 -46.5902 -2.5
    endloop
  endfacet
  facet normal 0.421806 0.906686 0
    outer loop
      vertex 9.99798 -46.5902 2.5
      vertex 10.9799 -47.047 2.5
      vertex 9.99798 -46.5902 -2.5
    endloop
  endfacet
  facet normal 0.421806 0.906686 0
    outer loop
      vertex 9.99798 -46.5902 -2.5
      vertex 10.9799 -47.047 2.5
      vertex 10.9799 -47.047 -2.5
    endloop
  endfacet
  facet normal 0.460871 0.887467 0
    outer loop
      vertex 10.9799 -47.047 2.5
      vertex 11.941 -47.5461 2.5
      vertex 10.9799 -47.047 -2.5
    endloop
  endfacet
  facet normal 0.460871 0.887467 0
    outer loop
      vertex 10.9799 -47.047 -2.5
      vertex 11.941 -47.5461 2.5
      vertex 11.941 -47.5461 -2.5
    endloop
  endfacet
  facet normal 0.49907 0.866562 0
    outer loop
      vertex 11.941 -47.5461 2.5
      vertex 12.8794 -48.0865 2.5
      vertex 11.941 -47.5461 -2.5
    endloop
  endfacet
  facet normal 0.49907 0.866562 0
    outer loop
      vertex 11.941 -47.5461 -2.5
      vertex 12.8794 -48.0865 2.5
      vertex 12.8794 -48.0865 -2.5
    endloop
  endfacet
  facet normal 0.536315 0.844018 0
    outer loop
      vertex 12.8794 -48.0865 2.5
      vertex 13.7935 -48.6673 2.5
      vertex 12.8794 -48.0865 -2.5
    endloop
  endfacet
  facet normal 0.536315 0.844018 0
    outer loop
      vertex 12.8794 -48.0865 -2.5
      vertex 13.7935 -48.6673 2.5
      vertex 13.7935 -48.6673 -2.5
    endloop
  endfacet
  facet normal 0.572547 0.819872 0
    outer loop
      vertex 13.7935 -48.6673 2.5
      vertex 14.6813 -49.2874 2.5
      vertex 13.7935 -48.6673 -2.5
    endloop
  endfacet
  facet normal 0.572547 0.819872 0
    outer loop
      vertex 13.7935 -48.6673 -2.5
      vertex 14.6813 -49.2874 2.5
      vertex 14.6813 -49.2874 -2.5
    endloop
  endfacet
  facet normal 0.607693 0.794172 0
    outer loop
      vertex 14.6813 -49.2874 2.5
      vertex 15.5414 -49.9455 2.5
      vertex 14.6813 -49.2874 -2.5
    endloop
  endfacet
  facet normal 0.607693 0.794172 0
    outer loop
      vertex 14.6813 -49.2874 -2.5
      vertex 15.5414 -49.9455 2.5
      vertex 15.5414 -49.9455 -2.5
    endloop
  endfacet
  facet normal 0.641689 0.766965 0
    outer loop
      vertex 15.5414 -49.9455 2.5
      vertex 16.372 -50.6404 2.5
      vertex 15.5414 -49.9455 -2.5
    endloop
  endfacet
  facet normal 0.641689 0.766965 0
    outer loop
      vertex 15.5414 -49.9455 -2.5
      vertex 16.372 -50.6404 2.5
      vertex 16.372 -50.6404 -2.5
    endloop
  endfacet
  facet normal 0.674465 0.738307 0
    outer loop
      vertex 16.372 -50.6404 2.5
      vertex 17.1715 -51.3708 2.5
      vertex 16.372 -50.6404 -2.5
    endloop
  endfacet
  facet normal 0.674465 0.738307 0
    outer loop
      vertex 16.372 -50.6404 -2.5
      vertex 17.1715 -51.3708 2.5
      vertex 17.1715 -51.3708 -2.5
    endloop
  endfacet
  facet normal 0.705965 0.708247 0
    outer loop
      vertex 17.1715 -51.3708 2.5
      vertex 17.9386 -52.1354 2.5
      vertex 17.1715 -51.3708 -2.5
    endloop
  endfacet
  facet normal 0.705965 0.708247 0
    outer loop
      vertex 17.1715 -51.3708 -2.5
      vertex 17.9386 -52.1354 2.5
      vertex 17.9386 -52.1354 -2.5
    endloop
  endfacet
  facet normal 0.736125 0.676845 0
    outer loop
      vertex 17.9386 -52.1354 2.5
      vertex 18.6715 -52.9326 2.5
      vertex 17.9386 -52.1354 -2.5
    endloop
  endfacet
  facet normal 0.736125 0.676845 0
    outer loop
      vertex 17.9386 -52.1354 -2.5
      vertex 18.6715 -52.9326 2.5
      vertex 18.6715 -52.9326 -2.5
    endloop
  endfacet
  facet normal 0.76489 0.644161 0
    outer loop
      vertex 18.6715 -52.9326 2.5
      vertex 19.3691 -53.7609 2.5
      vertex 18.6715 -52.9326 -2.5
    endloop
  endfacet
  facet normal 0.76489 0.644161 0
    outer loop
      vertex 18.6715 -52.9326 -2.5
      vertex 19.3691 -53.7609 2.5
      vertex 19.3691 -53.7609 -2.5
    endloop
  endfacet
  facet normal 0.792205 0.610255 0
    outer loop
      vertex 19.3691 -53.7609 2.5
      vertex 20.03 -54.6188 2.5
      vertex 19.3691 -53.7609 -2.5
    endloop
  endfacet
  facet normal 0.792205 0.610255 0
    outer loop
      vertex 19.3691 -53.7609 -2.5
      vertex 20.03 -54.6188 2.5
      vertex 20.03 -54.6188 -2.5
    endloop
  endfacet
  facet normal 0.818019 0.575192 0
    outer loop
      vertex 20.03 -54.6188 2.5
      vertex 20.6529 -55.5047 2.5
      vertex 20.03 -54.6188 -2.5
    endloop
  endfacet
  facet normal 0.818019 0.575192 0
    outer loop
      vertex 20.03 -54.6188 -2.5
      vertex 20.6529 -55.5047 2.5
      vertex 20.6529 -55.5047 -2.5
    endloop
  endfacet
  facet normal 0.842282 0.539037 0
    outer loop
      vertex 20.6529 -55.5047 2.5
      vertex 21.2367 -56.4169 2.5
      vertex 20.6529 -55.5047 -2.5
    endloop
  endfacet
  facet normal 0.842282 0.539037 0
    outer loop
      vertex 20.6529 -55.5047 -2.5
      vertex 21.2367 -56.4169 2.5
      vertex 21.2367 -56.4169 -2.5
    endloop
  endfacet
  facet normal 0.864947 0.501863 0
    outer loop
      vertex 21.2367 -56.4169 2.5
      vertex 21.7802 -57.3536 2.5
      vertex 21.2367 -56.4169 -2.5
    endloop
  endfacet
  facet normal 0.864947 0.501863 0
    outer loop
      vertex 21.2367 -56.4169 -2.5
      vertex 21.7802 -57.3536 2.5
      vertex 21.7802 -57.3536 -2.5
    endloop
  endfacet
  facet normal 0.885973 0.463736 0
    outer loop
      vertex 21.7802 -57.3536 2.5
      vertex 22.2824 -58.313 2.5
      vertex 21.7802 -57.3536 -2.5
    endloop
  endfacet
  facet normal 0.885973 0.463736 0
    outer loop
      vertex 21.7802 -57.3536 -2.5
      vertex 22.2824 -58.313 2.5
      vertex 22.2824 -58.313 -2.5
    endloop
  endfacet
  facet normal 0.90532 0.42473 0
    outer loop
      vertex 22.2824 -58.313 2.5
      vertex 22.7424 -59.2935 2.5
      vertex 22.2824 -58.313 -2.5
    endloop
  endfacet
  facet normal 0.90532 0.42473 0
    outer loop
      vertex 22.2824 -58.313 -2.5
      vertex 22.7424 -59.2935 2.5
      vertex 22.7424 -59.2935 -2.5
    endloop
  endfacet
  facet normal 0.92295 0.384921 0
    outer loop
      vertex 22.7424 -59.2935 2.5
      vertex 23.1592 -60.293 2.5
      vertex 22.7424 -59.2935 -2.5
    endloop
  endfacet
  facet normal 0.92295 0.384921 0
    outer loop
      vertex 22.7424 -59.2935 -2.5
      vertex 23.1592 -60.293 2.5
      vertex 23.1592 -60.293 -2.5
    endloop
  endfacet
  facet normal 0.938831 0.344378 0
    outer loop
      vertex 23.1592 -60.293 2.5
      vertex 23.5322 -61.3097 2.5
      vertex 23.1592 -60.293 -2.5
    endloop
  endfacet
  facet normal 0.938831 0.344378 0
    outer loop
      vertex 23.1592 -60.293 -2.5
      vertex 23.5322 -61.3097 2.5
      vertex 23.5322 -61.3097 -2.5
    endloop
  endfacet
  facet normal 0.952932 0.303185 0
    outer loop
      vertex 23.5322 -61.3097 2.5
      vertex 23.8605 -62.3417 2.5
      vertex 23.5322 -61.3097 -2.5
    endloop
  endfacet
  facet normal 0.952932 0.303185 0
    outer loop
      vertex 23.5322 -61.3097 -2.5
      vertex 23.8605 -62.3417 2.5
      vertex 23.8605 -62.3417 -2.5
    endloop
  endfacet
  facet normal 0.965226 0.261416 0
    outer loop
      vertex 23.8605 -62.3417 2.5
      vertex 24.1436 -63.387 2.5
      vertex 23.8605 -62.3417 -2.5
    endloop
  endfacet
  facet normal 0.965226 0.261416 0
    outer loop
      vertex 23.8605 -62.3417 -2.5
      vertex 24.1436 -63.387 2.5
      vertex 24.1436 -63.387 -2.5
    endloop
  endfacet
  facet normal 0.97569 0.219153 0
    outer loop
      vertex 24.1436 -63.387 2.5
      vertex 24.3809 -64.4436 2.5
      vertex 24.1436 -63.387 -2.5
    endloop
  endfacet
  facet normal 0.97569 0.219153 0
    outer loop
      vertex 24.1436 -63.387 -2.5
      vertex 24.3809 -64.4436 2.5
      vertex 24.3809 -64.4436 -2.5
    endloop
  endfacet
  facet normal 0.984305 0.176475 0
    outer loop
      vertex 24.3809 -64.4436 2.5
      vertex 24.572 -65.5096 2.5
      vertex 24.3809 -64.4436 -2.5
    endloop
  endfacet
  facet normal 0.984305 0.176475 0
    outer loop
      vertex 24.3809 -64.4436 -2.5
      vertex 24.572 -65.5096 2.5
      vertex 24.572 -65.5096 -2.5
    endloop
  endfacet
  facet normal 0.991054 0.13346 0
    outer loop
      vertex 24.572 -65.5096 2.5
      vertex 24.7166 -66.5828 2.5
      vertex 24.572 -65.5096 -2.5
    endloop
  endfacet
  facet normal 0.991054 0.13346 0
    outer loop
      vertex 24.572 -65.5096 -2.5
      vertex 24.7166 -66.5828 2.5
      vertex 24.7166 -66.5828 -2.5
    endloop
  endfacet
  facet normal 0.995924 0.0901929 0
    outer loop
      vertex 24.7166 -66.5828 2.5
      vertex 24.8143 -67.6614 2.5
      vertex 24.7166 -66.5828 -2.5
    endloop
  endfacet
  facet normal 0.995924 0.0901929 0
    outer loop
      vertex 24.7166 -66.5828 -2.5
      vertex 24.8143 -67.6614 2.5
      vertex 24.8143 -67.6614 -2.5
    endloop
  endfacet
  facet normal 0.998906 0.0467538 0
    outer loop
      vertex 24.8143 -67.6614 2.5
      vertex 24.8649 -68.7432 2.5
      vertex 24.8143 -67.6614 -2.5
    endloop
  endfacet
  facet normal 0.998906 0.0467538 0
    outer loop
      vertex 24.8143 -67.6614 -2.5
      vertex 24.8649 -68.7432 2.5
      vertex 24.8649 -68.7432 -2.5
    endloop
  endfacet
  facet normal 0.999995 0.00322835 0
    outer loop
      vertex 24.8649 -68.7432 2.5
      vertex 24.8684 -69.8261 2.5
      vertex 24.8649 -68.7432 -2.5
    endloop
  endfacet
  facet normal 0.999995 0.00322835 0
    outer loop
      vertex 24.8649 -68.7432 -2.5
      vertex 24.8684 -69.8261 2.5
      vertex 24.8684 -69.8261 -2.5
    endloop
  endfacet
  facet normal 0.999187 -0.0403039 0
    outer loop
      vertex 24.8684 -69.8261 2.5
      vertex 24.8247 -70.9082 2.5
      vertex 24.8684 -69.8261 -2.5
    endloop
  endfacet
  facet normal 0.999187 -0.0403039 0
    outer loop
      vertex 24.8684 -69.8261 -2.5
      vertex 24.8247 -70.9082 2.5
      vertex 24.8247 -70.9082 -2.5
    endloop
  endfacet
  facet normal 0.996486 -0.0837606 0
    outer loop
      vertex 24.8247 -70.9082 2.5
      vertex 24.734 -71.9873 2.5
      vertex 24.8247 -70.9082 -2.5
    endloop
  endfacet
  facet normal 0.996486 -0.0837606 0
    outer loop
      vertex 24.8247 -70.9082 -2.5
      vertex 24.734 -71.9873 2.5
      vertex 24.734 -71.9873 -2.5
    endloop
  endfacet
  facet normal 0.991895 -0.127057 0
    outer loop
      vertex 24.734 -71.9873 2.5
      vertex 24.5964 -73.0615 2.5
      vertex 24.734 -71.9873 -2.5
    endloop
  endfacet
  facet normal 0.991895 -0.127057 0
    outer loop
      vertex 24.734 -71.9873 -2.5
      vertex 24.5964 -73.0615 2.5
      vertex 24.5964 -73.0615 -2.5
    endloop
  endfacet
  facet normal 0.985424 -0.170114 0
    outer loop
      vertex 24.5964 -73.0615 2.5
      vertex 24.4122 -74.1287 2.5
      vertex 24.5964 -73.0615 -2.5
    endloop
  endfacet
  facet normal 0.985424 -0.170114 0
    outer loop
      vertex 24.5964 -73.0615 -2.5
      vertex 24.4122 -74.1287 2.5
      vertex 24.4122 -74.1287 -2.5
    endloop
  endfacet
  facet normal 0.977085 -0.212848 0
    outer loop
      vertex 24.4122 -74.1287 2.5
      vertex 24.1817 -75.1868 2.5
      vertex 24.4122 -74.1287 -2.5
    endloop
  endfacet
  facet normal 0.977085 -0.212848 0
    outer loop
      vertex 24.4122 -74.1287 -2.5
      vertex 24.1817 -75.1868 2.5
      vertex 24.1817 -75.1868 -2.5
    endloop
  endfacet
  facet normal 0.966894 -0.255179 0
    outer loop
      vertex 24.1817 -75.1868 2.5
      vertex 23.9053 -76.2339 2.5
      vertex 24.1817 -75.1868 -2.5
    endloop
  endfacet
  facet normal 0.966894 -0.255179 0
    outer loop
      vertex 24.1817 -75.1868 -2.5
      vertex 23.9053 -76.2339 2.5
      vertex 23.9053 -76.2339 -2.5
    endloop
  endfacet
  facet normal 0.954869 -0.297027 0
    outer loop
      vertex 23.9053 -76.2339 2.5
      vertex 23.5837 -77.268 2.5
      vertex 23.9053 -76.2339 -2.5
    endloop
  endfacet
  facet normal 0.954869 -0.297027 0
    outer loop
      vertex 23.9053 -76.2339 -2.5
      vertex 23.5837 -77.268 2.5
      vertex 23.5837 -77.268 -2.5
    endloop
  endfacet
  facet normal 0.941035 -0.338308 0
    outer loop
      vertex 23.5837 -77.268 2.5
      vertex 23.2173 -78.2871 2.5
      vertex 23.5837 -77.268 -2.5
    endloop
  endfacet
  facet normal 0.941035 -0.338308 0
    outer loop
      vertex 23.5837 -77.268 -2.5
      vertex 23.2173 -78.2871 2.5
      vertex 23.2173 -78.2871 -2.5
    endloop
  endfacet
  facet normal 0.925416 -0.378953 0
    outer loop
      vertex 23.2173 -78.2871 2.5
      vertex 22.8069 -79.2893 2.5
      vertex 23.2173 -78.2871 -2.5
    endloop
  endfacet
  facet normal 0.925416 -0.378953 0
    outer loop
      vertex 23.2173 -78.2871 -2.5
      vertex 22.8069 -79.2893 2.5
      vertex 22.8069 -79.2893 -2.5
    endloop
  endfacet
  facet normal 0.908043 -0.418876 0
    outer loop
      vertex 22.8069 -79.2893 2.5
      vertex 22.3533 -80.2727 2.5
      vertex 22.8069 -79.2893 -2.5
    endloop
  endfacet
  facet normal 0.908043 -0.418876 0
    outer loop
      vertex 22.8069 -79.2893 -2.5
      vertex 22.3533 -80.2727 2.5
      vertex 22.3533 -80.2727 -2.5
    endloop
  endfacet
  facet normal 0.88895 -0.458004 0
    outer loop
      vertex 22.3533 -80.2727 2.5
      vertex 21.8573 -81.2354 2.5
      vertex 22.3533 -80.2727 -2.5
    endloop
  endfacet
  facet normal 0.88895 -0.458004 0
    outer loop
      vertex 22.3533 -80.2727 -2.5
      vertex 21.8573 -81.2354 2.5
      vertex 21.8573 -81.2354 -2.5
    endloop
  endfacet
  facet normal 0.868169 -0.49627 0
    outer loop
      vertex 21.8573 -81.2354 2.5
      vertex 21.3199 -82.1756 2.5
      vertex 21.8573 -81.2354 -2.5
    endloop
  endfacet
  facet normal 0.868169 -0.49627 0
    outer loop
      vertex 21.8573 -81.2354 -2.5
      vertex 21.3199 -82.1756 2.5
      vertex 21.3199 -82.1756 -2.5
    endloop
  endfacet
  facet normal 0.845745 -0.533587 0
    outer loop
      vertex 21.3199 -82.1756 2.5
      vertex 20.742 -83.0915 2.5
      vertex 21.3199 -82.1756 -2.5
    endloop
  endfacet
  facet normal 0.845745 -0.533587 0
    outer loop
      vertex 21.3199 -82.1756 -2.5
      vertex 20.742 -83.0915 2.5
      vertex 20.742 -83.0915 -2.5
    endloop
  endfacet
  facet normal 0.821715 -0.569899 0
    outer loop
      vertex 20.742 -83.0915 2.5
      vertex 20.1248 -83.9814 2.5
      vertex 20.742 -83.0915 -2.5
    endloop
  endfacet
  facet normal 0.821715 -0.569899 0
    outer loop
      vertex 20.742 -83.0915 -2.5
      vertex 20.1248 -83.9814 2.5
      vertex 20.1248 -83.9814 -2.5
    endloop
  endfacet
  facet normal 0.796129 -0.605127 0
    outer loop
      vertex 20.1248 -83.9814 2.5
      vertex 19.4695 -84.8435 2.5
      vertex 20.1248 -83.9814 -2.5
    endloop
  endfacet
  facet normal 0.796129 -0.605127 0
    outer loop
      vertex 20.1248 -83.9814 -2.5
      vertex 19.4695 -84.8435 2.5
      vertex 19.4695 -84.8435 -2.5
    endloop
  endfacet
  facet normal 0.769035 -0.639207 0
    outer loop
      vertex 19.4695 -84.8435 2.5
      vertex 18.7773 -85.6764 2.5
      vertex 19.4695 -84.8435 -2.5
    endloop
  endfacet
  facet normal 0.769035 -0.639207 0
    outer loop
      vertex 19.4695 -84.8435 -2.5
      vertex 18.7773 -85.6764 2.5
      vertex 18.7773 -85.6764 -2.5
    endloop
  endfacet
  facet normal 0.740479 -0.672079 0
    outer loop
      vertex 18.7773 -85.6764 2.5
      vertex 18.0494 -86.4783 2.5
      vertex 18.7773 -85.6764 -2.5
    endloop
  endfacet
  facet normal 0.740479 -0.672079 0
    outer loop
      vertex 18.7773 -85.6764 -2.5
      vertex 18.0494 -86.4783 2.5
      vertex 18.0494 -86.4783 -2.5
    endloop
  endfacet
  facet normal 0.710526 -0.703671 0
    outer loop
      vertex 18.0494 -86.4783 2.5
      vertex 17.2874 -87.2478 2.5
      vertex 18.0494 -86.4783 -2.5
    endloop
  endfacet
  facet normal 0.710526 -0.703671 0
    outer loop
      vertex 18.0494 -86.4783 -2.5
      vertex 17.2874 -87.2478 2.5
      vertex 17.2874 -87.2478 -2.5
    endloop
  endfacet
  facet normal 0.679215 -0.733939 0
    outer loop
      vertex 17.2874 -87.2478 2.5
      vertex 16.4926 -87.9833 2.5
      vertex 17.2874 -87.2478 -2.5
    endloop
  endfacet
  facet normal 0.679215 -0.733939 0
    outer loop
      vertex 17.2874 -87.2478 -2.5
      vertex 16.4926 -87.9833 2.5
      vertex 16.4926 -87.9833 -2.5
    endloop
  endfacet
  facet normal 0.646628 -0.762806 0
    outer loop
      vertex 16.4926 -87.9833 2.5
      vertex 15.6665 -88.6836 2.5
      vertex 16.4926 -87.9833 -2.5
    endloop
  endfacet
  facet normal 0.646628 -0.762806 0
    outer loop
      vertex 16.4926 -87.9833 -2.5
      vertex 15.6665 -88.6836 2.5
      vertex 15.6665 -88.6836 -2.5
    endloop
  endfacet
  facet normal 0.612809 -0.790231 0
    outer loop
      vertex 15.6665 -88.6836 2.5
      vertex 14.8107 -89.3472 2.5
      vertex 15.6665 -88.6836 -2.5
    endloop
  endfacet
  facet normal 0.612809 -0.790231 0
    outer loop
      vertex 15.6665 -88.6836 -2.5
      vertex 14.8107 -89.3472 2.5
      vertex 14.8107 -89.3472 -2.5
    endloop
  endfacet
  facet normal 0.577831 -0.816157 0
    outer loop
      vertex 14.8107 -89.3472 2.5
      vertex 13.9268 -89.973 2.5
      vertex 14.8107 -89.3472 -2.5
    endloop
  endfacet
  facet normal 0.577831 -0.816157 0
    outer loop
      vertex 14.8107 -89.3472 -2.5
      vertex 13.9268 -89.973 2.5
      vertex 13.9268 -89.973 -2.5
    endloop
  endfacet
  facet normal 0.541753 -0.840537 0
    outer loop
      vertex 13.9268 -89.973 2.5
      vertex 13.0166 -90.5597 2.5
      vertex 13.9268 -89.973 -2.5
    endloop
  endfacet
  facet normal 0.541753 -0.840537 0
    outer loop
      vertex 13.9268 -89.973 -2.5
      vertex 13.0166 -90.5597 2.5
      vertex 13.0166 -90.5597 -2.5
    endloop
  endfacet
  facet normal 0.504656 -0.863321 0
    outer loop
      vertex 13.0166 -90.5597 2.5
      vertex 12.0816 -91.1062 2.5
      vertex 13.0166 -90.5597 -2.5
    endloop
  endfacet
  facet normal 0.504656 -0.863321 0
    outer loop
      vertex 13.0166 -90.5597 -2.5
      vertex 12.0816 -91.1062 2.5
      vertex 12.0816 -91.1062 -2.5
    endloop
  endfacet
  facet normal 0.466592 -0.884473 0
    outer loop
      vertex 12.0816 -91.1062 2.5
      vertex 11.1238 -91.6115 2.5
      vertex 12.0816 -91.1062 -2.5
    endloop
  endfacet
  facet normal 0.466592 -0.884473 0
    outer loop
      vertex 12.0816 -91.1062 -2.5
      vertex 11.1238 -91.6115 2.5
      vertex 11.1238 -91.6115 -2.5
    endloop
  endfacet
  facet normal 0.427651 -0.903944 0
    outer loop
      vertex 11.1238 -91.6115 2.5
      vertex 10.1448 -92.0746 2.5
      vertex 11.1238 -91.6115 -2.5
    endloop
  endfacet
  facet normal 0.427651 -0.903944 0
    outer loop
      vertex 11.1238 -91.6115 -2.5
      vertex 10.1448 -92.0746 2.5
      vertex 10.1448 -92.0746 -2.5
    endloop
  endfacet
  facet normal 0.387899 -0.921702 0
    outer loop
      vertex 10.1448 -92.0746 2.5
      vertex 9.14667 -92.4947 2.5
      vertex 10.1448 -92.0746 -2.5
    endloop
  endfacet
  facet normal 0.387899 -0.921702 0
    outer loop
      vertex 10.1448 -92.0746 -2.5
      vertex 9.14667 -92.4947 2.5
      vertex 9.14667 -92.4947 -2.5
    endloop
  endfacet
  facet normal 0.347405 -0.937715 0
    outer loop
      vertex 9.14667 -92.4947 2.5
      vertex 8.13116 -92.8709 2.5
      vertex 9.14667 -92.4947 -2.5
    endloop
  endfacet
  facet normal 0.347405 -0.937715 0
    outer loop
      vertex 9.14667 -92.4947 -2.5
      vertex 8.13116 -92.8709 2.5
      vertex 8.13116 -92.8709 -2.5
    endloop
  endfacet
  facet normal 0.306263 -0.951947 0
    outer loop
      vertex 8.13116 -92.8709 2.5
      vertex 7.10024 -93.2026 2.5
      vertex 8.13116 -92.8709 -2.5
    endloop
  endfacet
  facet normal 0.306263 -0.951947 0
    outer loop
      vertex 8.13116 -92.8709 -2.5
      vertex 7.10024 -93.2026 2.5
      vertex 7.10024 -93.2026 -2.5
    endloop
  endfacet
  facet normal 0.26453 -0.964377 0
    outer loop
      vertex 7.10024 -93.2026 2.5
      vertex 6.05586 -93.4891 2.5
      vertex 7.10024 -93.2026 -2.5
    endloop
  endfacet
  facet normal 0.26453 -0.964377 0
    outer loop
      vertex 7.10024 -93.2026 -2.5
      vertex 6.05586 -93.4891 2.5
      vertex 6.05586 -93.4891 -2.5
    endloop
  endfacet
  facet normal 0.222301 -0.974978 0
    outer loop
      vertex 6.05586 -93.4891 2.5
      vertex 5 -93.7298 2.5
      vertex 6.05586 -93.4891 -2.5
    endloop
  endfacet
  facet normal 0.222301 -0.974978 0
    outer loop
      vertex 6.05586 -93.4891 -2.5
      vertex 5 -93.7298 2.5
      vertex 5 -93.7298 -2.5
    endloop
  endfacet
  facet normal 1 0 0
    outer loop
      vertex 2.5 -59.6834 -29.4236
      vertex 2.5 -64.3901 -28.1625
      vertex 2.5 -59.8908 -30.2712
    endloop
  endfacet
  facet normal 1 0 0
    outer loop
      vertex 2.5 -64.3901 -28.1625
      vertex 2.5 -64.648 -29.2166
      vertex 2.5 -59.8908 -30.2712
    endloop
  endfacet
  facet normal 1 0 0
    outer loop
      vertex 2.5 -59.8908 -30.2712
      vertex 2.5 -64.648 -29.2166
      vertex 2.5 -60.0611 -31.127
    endloop
  endfacet
  facet normal 1 0 0
    outer loop
      vertex 2.5 -64.648 -29.2166
      vertex 2.5 -64.8597 -30.2809
      vertex 2.5 -60.0611 -31.127
    endloop
  endfacet
  facet normal 1 0 0
    outer loop
      vertex 2.5 -60.0611 -31.127
      vertex 2.5 -64.8597 -30.2809
      vertex 2.5 -60.1938 -31.9895
    endloop
  endfacet
  facet normal 1 0 0
    outer loop
      vertex 2.5 -64.8597 -30.2809
      vertex 2.5 -65.0248 -31.3535
      vertex 2.5 -60.1938 -31.9895
    endloop
  endfacet
  facet normal 1 0 0
    outer loop
      vertex 2.5 -60.1938 -31.9895
      vertex 2.5 -65.0248 -31.3535
      vertex 2.5 -60.2888 -32.8569
    endloop
  endfacet
  facet normal 1 0 0
    outer loop
      vertex 2.5 -65.0248 -31.3535
      vertex 2.5 -65.1429 -32.4322
      vertex 2.5 -60.2888 -32.8569
    endloop
  endfacet
  facet normal 1 0 0
    outer loop
      vertex 2.5 -60.2888 -32.8569
      vertex 2.5 -65.1429 -32.4322
      vertex 2.5 -60.3459 -33.7276
    endloop
  endfacet
  facet normal 1 0 0
    outer loop
      vertex 2.5 -65.1429 -32.4322
      vertex 2.5 -65.2139 -33.5151
      vertex 2.5 -60.3459 -33.7276
    endloop
  endfacet
  facet normal 1 0 0
    outer loop
      vertex 2.5 -60.3459 -33.7276
      vertex 2.5 -65.2139 -33.5151
      vertex 2.5 -60.3649 -34.6
    endloop
  endfacet
  facet normal 1 0 0
    outer loop
      vertex 2.5 -65.2139 -33.5151
      vertex 2.5 -65.2376 -34.6
      vertex 2.5 -60.3649 -34.6
    endloop
  endfacet
  facet normal 1 0 0
    outer loop
      vertex 2.5 -60.3649 -34.6
      vertex 2.5 -65.2376 -34.6
      vertex 2.5 -60.3459 -35.4724
    endloop
  endfacet
  facet normal 1 0 0
    outer loop
      vertex 2.5 -65.2376 -34.6
      vertex 2.5 -65.2139 -35.6849
      vertex 2.5 -60.3459 -35.4724
    endloop
  endfacet
  facet normal 1 0 0
    outer loop
      vertex 2.5 -60.3459 -35.4724
      vertex 2.5 -65.2139 -35.6849
      vertex 2.5 -60.2888 -36.3431
    endloop
  endfacet
  facet normal 1 0 0
    outer loop
      vertex 2.5 -65.2139 -35.6849
      vertex 2.5 -65.1429 -36.7678
      vertex 2.5 -60.2888 -36.3431
    endloop
  endfacet
  facet normal 1 0 0
    outer loop
      vertex 2.5 -60.2888 -36.3431
      vertex 2.5 -65.1429 -36.7678
      vertex 2.5 -60.1938 -37.2105
    endloop
  endfacet
  facet normal 1 0 0
    outer loop
      vertex 2.5 -65.1429 -36.7678
      vertex 2.5 -65.0248 -37.8465
      vertex 2.5 -60.1938 -37.2105
    endloop
  endfacet
  facet normal 1 0 0
    outer loop
      vertex 2.5 -60.1938 -37.2105
      vertex 2.5 -65.0248 -37.8465
      vertex 2.5 -60.0611 -38.073
    endloop
  endfacet
  facet normal 1 0 0
    outer loop
      vertex 2.5 -65.0248 -37.8465
      vertex 2.5 -64.8597 -38.9191
      vertex 2.5 -60.0611 -38.073
    endloop
  endfacet
  facet normal 1 0 0
    outer loop
      vertex 2.5 -60.0611 -38.073
      vertex 2.5 -64.8597 -38.9191
      vertex 2.5 -59.8908 -38.9288
    endloop
  endfacet
  facet normal 1 0 0
    outer loop
      vertex 2.5 -64.8597 -38.9191
      vertex 2.5 -64.648 -39.9834
      vertex 2.5 -59.8908 -38.9288
    endloop
  endfacet
  facet normal 1 0 0
    outer loop
      vertex 2.5 -59.8908 -38.9288
      vertex 2.5 -64.648 -39.9834
      vertex 2.5 -59.6834 -39.7764
    endloop
  endfacet
  facet normal 1 0 0
    outer loop
      vertex 2.5 -64.648 -39.9834
      vertex 2.5 -64.3901 -41.0375
      vertex 2.5 -59.6834 -39.7764
    endloop
  endfacet
  facet normal -1 0 0
    outer loop
      vertex -2.5 -59.6834 -39.7764
      vertex -2.5 -64.3901 -41.0375
      vertex -2.5 -59.8908 -38.9288
    endloop
  endfacet
  facet normal -1 0 0
    outer loop
      vertex -2.5 -64.3901 -41.0375
      vertex -2.5 -64.648 -39.9834
      vertex -2.5 -59.8908 -38.9288
    endloop
  endfacet
  facet normal -1 0 0
    outer loop
      vertex -2.5 -59.8908 -38.9288
      vertex -2.5 -64.648 -39.9834
      vertex -2.5 -60.0611 -38.073
    endloop
  endfacet
  facet normal -1 0 0
    outer loop
      vertex -2.5 -64.648 -39.9834
      vertex -2.5 -64.8597 -38.9191
      vertex -2.5 -60.0611 -38.073
    endloop
  endfacet
  facet normal -1 0 0
    outer loop
      vertex -2.5 -60.0611 -38.073
      vertex -2.5 -64.8597 -38.9191
      vertex -2.5 -60.1938 -37.2105
    endloop
  endfacet
  facet normal -1 0 0
    outer loop
      vertex -2.5 -64.8597 -38.9191
      vertex -2.5 -65.0248 -37.8465
      vertex -2.5 -60.1938 -37.2105
    endloop
  endfacet
  facet normal -1 0 0
    outer loop
      vertex -2.5 -60.1938 -37.2105
      vertex -2.5 -65.0248 -37.8465
      vertex -2.5 -60.2888 -36.3431
    endloop
  endfacet
  facet normal -1 0 0
    outer loop
      vertex -2.5 -65.0248 -37.8465
      vertex -2.5 -65.1429 -36.7678
      vertex -2.5 -60.2888 -36.3431
    endloop
  endfacet
  facet normal -1 0 0
    outer loop
      vertex -2.5 -60.2888 -36.3431
      vertex -2.5 -65.1429 -36.7678
      vertex -2.5 -60.3459 -35.4724
    endloop
  endfacet
  facet normal -1 0 0
    outer loop
      vertex -2.5 -65.1429 -36.7678
      vertex -2.5 -65.2139 -35.6849
      vertex -2.5 -60.3459 -35.4724
    endloop
  endfacet
  facet normal -1 0 0
    outer loop
      vertex -2.5 -60.3459 -35.4724
      vertex -2.5 -65.2139 -35.6849
      vertex -2.5 -60.3649 -34.6
    endloop
  endfacet
  facet normal -1 0 0
    outer loop
      vertex -2.5 -65.2139 -35.6849
      vertex -2.5 -65.2376 -34.6
      vertex -2.5 -60.3649 -34.6
    endloop
  endfacet
  facet normal -1 0 0
    outer loop
      vertex -2.5 -60.3649 -34.6
      vertex -2.5 -65.2376 -34.6
      vertex -2.5 -60.3459 -33.7276
    endloop
  endfacet
  facet normal -1 0 0
    outer loop
      vertex -2.5 -65.2376 -34.6
      vertex -2.5 -65.2139 -33.5151
      vertex -2.5 -60.3459 -33.7276
    endloop
  endfacet
  facet normal -1 0 0
    outer loop
      vertex -2.5 -60.3459 -33.7276
      vertex -2.5 -65.2139 -33.5151
      vertex -2.5 -60.2888 -32.8569
    endloop
  endfacet
  facet normal -1 0 0
    outer loop
      vertex -2.5 -65.2139 -33.5151
      vertex -2.5 -65.1429 -32.4322
      vertex -2.5 -60.2888 -32.8569
    endloop
  endfacet
  facet normal -1 0 0
    outer loop
      vertex -2.5 -60.2888 -32.8569
      vertex -2.5 -65.1429 -32.4322
      vertex -2.5 -60.1938 -31.9895
    endloop
  endfacet
  facet normal -1 0 0
    outer loop
      vertex -2.5 -65.1429 -32.4322
      vertex -2.5 -65.0248 -31.3535
      vertex -2.5 -60.1938 -31.9895
    endloop
  endfacet
  facet normal -1 0 0
    outer loop
      vertex -2.5 -60.1938 -31.9895
      vertex -2.5 -65.0248 -31.3535
      vertex -2.5 -60.0611 -31.127
    endloop
  endfacet
  facet normal -1 0 0
    outer loop
      vertex -2.5 -65.0248 -31.3535
      vertex -2.5 -64.8597 -30.2809
      vertex -2.5 -60.0611 -31.127
    endloop
  endfacet
  facet normal -1 0 0
    outer loop
      vertex -2.5 -60.0611 -31.127
      vertex -2.5 -64.8597 -30.2809
      vertex -2.5 -59.8908 -30.2712
    endloop
  endfacet
  facet normal -1 0 0
    outer loop
      vertex -2.5 -64.8597 -30.2809
      vertex -2.5 -64.648 -29.2166
      vertex -2.5 -59.8908 -30.2712
    endloop
  endfacet
  facet normal -1 0 0
    outer loop
      vertex -2.5 -59.8908 -30.2712
      vertex -2.5 -64.648 -29.2166
      vertex -2.5 -59.6834 -29.4236
    endloop
  endfacet
  facet normal -1 0 0
    outer loop
      vertex -2.5 -64.648 -29.2166
      vertex -2.5 -64.3901 -28.1625
      vertex -2.5 -59.6834 -29.4236
    endloop
  endfacet
  facet normal 0 -0.971343 -0.237684
    outer loop
      vertex -2.5 -64.3901 -41.0375
      vertex 2.5 -64.3901 -41.0375
      vertex 2.5 -64.648 -39.9834
    endloop
  endfacet
  facet normal 0 -0.971343 -0.237684
    outer loop
      vertex -2.5 -64.3901 -41.0375
      vertex 2.5 -64.648 -39.9834
      vertex -2.5 -64.648 -39.9834
    endloop
  endfacet
  facet normal 0 -0.980786 -0.195089
    outer loop
      vertex 2.5 -64.648 -39.9834
      vertex 2.5 -64.8597 -38.9191
      vertex -2.5 -64.648 -39.9834
    endloop
  endfacet
  facet normal 0 -0.980786 -0.195089
    outer loop
      vertex -2.5 -64.648 -39.9834
      vertex 2.5 -64.8597 -38.9191
      vertex -2.5 -64.8597 -38.9191
    endloop
  endfacet
  facet normal 0 -0.988362 -0.152123
    outer loop
      vertex 2.5 -64.8597 -38.9191
      vertex 2.5 -65.0248 -37.8465
      vertex -2.5 -64.8597 -38.9191
    endloop
  endfacet
  facet normal 0 -0.988362 -0.152123
    outer loop
      vertex -2.5 -64.8597 -38.9191
      vertex 2.5 -65.0248 -37.8465
      vertex -2.5 -65.0248 -37.8465
    endloop
  endfacet
  facet normal 0 -0.994056 -0.10887
    outer loop
      vertex 2.5 -65.0248 -37.8465
      vertex 2.5 -65.1429 -36.7678
      vertex -2.5 -65.0248 -37.8465
    endloop
  endfacet
  facet normal 0 -0.994056 -0.10887
    outer loop
      vertex -2.5 -65.0248 -37.8465
      vertex 2.5 -65.1429 -36.7678
      vertex -2.5 -65.1429 -36.7678
    endloop
  endfacet
  facet normal 0 -0.997859 -0.0654025
    outer loop
      vertex 2.5 -65.1429 -36.7678
      vertex 2.5 -65.2139 -35.6849
      vertex -2.5 -65.1429 -36.7678
    endloop
  endfacet
  facet normal 0 -0.997859 -0.0654025
    outer loop
      vertex -2.5 -65.1429 -36.7678
      vertex 2.5 -65.2139 -35.6849
      vertex -2.5 -65.2139 -35.6849
    endloop
  endfacet
  facet normal 0 -0.999762 -0.0218124
    outer loop
      vertex 2.5 -65.2139 -35.6849
      vertex 2.5 -65.2376 -34.6
      vertex -2.5 -65.2139 -35.6849
    endloop
  endfacet
  facet normal 0 -0.999762 -0.0218124
    outer loop
      vertex -2.5 -65.2139 -35.6849
      vertex 2.5 -65.2376 -34.6
      vertex -2.5 -65.2376 -34.6
    endloop
  endfacet
  facet normal 0 -0.999762 0.0218123
    outer loop
      vertex 2.5 -65.2376 -34.6
      vertex 2.5 -65.2139 -33.5151
      vertex -2.5 -65.2376 -34.6
    endloop
  endfacet
  facet normal 0 -0.999762 0.0218123
    outer loop
      vertex -2.5 -65.2376 -34.6
      vertex 2.5 -65.2139 -33.5151
      vertex -2.5 -65.2139 -33.5151
    endloop
  endfacet
  facet normal 0 -0.997859 0.0654028
    outer loop
      vertex 2.5 -65.2139 -33.5151
      vertex 2.5 -65.1429 -32.4322
      vertex -2.5 -65.2139 -33.5151
    endloop
  endfacet
  facet normal 0 -0.997859 0.0654028
    outer loop
      vertex -2.5 -65.2139 -33.5151
      vertex 2.5 -65.1429 -32.4322
      vertex -2.5 -65.1429 -32.4322
    endloop
  endfacet
  facet normal 0 -0.994056 0.108869
    outer loop
      vertex 2.5 -65.1429 -32.4322
      vertex 2.5 -65.0248 -31.3535
      vertex -2.5 -65.1429 -32.4322
    endloop
  endfacet
  facet normal 0 -0.994056 0.108869
    outer loop
      vertex -2.5 -65.1429 -32.4322
      vertex 2.5 -65.0248 -31.3535
      vertex -2.5 -65.0248 -31.3535
    endloop
  endfacet
  facet normal 0 -0.988361 0.152123
    outer loop
      vertex 2.5 -65.0248 -31.3535
      vertex 2.5 -64.8597 -30.2809
      vertex -2.5 -65.0248 -31.3535
    endloop
  endfacet
  facet normal 0 -0.988361 0.152123
    outer loop
      vertex -2.5 -65.0248 -31.3535
      vertex 2.5 -64.8597 -30.2809
      vertex -2.5 -64.8597 -30.2809
    endloop
  endfacet
  facet normal 0 -0.980786 0.195089
    outer loop
      vertex 2.5 -64.8597 -30.2809
      vertex 2.5 -64.648 -29.2166
      vertex -2.5 -64.8597 -30.2809
    endloop
  endfacet
  facet normal 0 -0.980786 0.195089
    outer loop
      vertex -2.5 -64.8597 -30.2809
      vertex 2.5 -64.648 -29.2166
      vertex -2.5 -64.648 -29.2166
    endloop
  endfacet
  facet normal 0 -0.971343 0.237684
    outer loop
      vertex 2.5 -64.648 -29.2166
      vertex 2.5 -64.3901 -28.1625
      vertex -2.5 -64.648 -29.2166
    endloop
  endfacet
  facet normal 0 -0.971343 0.237684
    outer loop
      vertex -2.5 -64.648 -29.2166
      vertex 2.5 -64.3901 -28.1625
      vertex -2.5 -64.3901 -28.1625
    endloop
  endfacet
  facet normal 0 0.258819 0.965926
    outer loop
      vertex -2.5 -59.6834 -29.4236
      vertex -2.5 -64.3901 -28.1625
      vertex 2.5 -59.6834 -29.4236
    endloop
  endfacet
  facet normal 0 0.258819 0.965926
    outer loop
      vertex -2.5 -64.3901 -28.1625
      vertex 2.5 -64.3901 -28.1625
      vertex 2.5 -59.6834 -29.4236
    endloop
  endfacet
  facet normal 0 0.258819 -0.965926
    outer loop
      vertex -2.5 -64.3901 -41.0375
      vertex -2.5 -59.6834 -39.7764
      vertex 2.5 -64.3901 -41.0375
    endloop
  endfacet
  facet normal 0 0.258819 -0.965926
    outer loop
      vertex -2.5 -59.6834 -39.7764
      vertex 2.5 -59.6834 -39.7764
      vertex 2.5 -64.3901 -41.0375
    endloop
  endfacet
  facet normal 0 0.971343 -0.237684
    outer loop
      vertex -2.5 -59.6834 -29.4236
      vertex 2.5 -59.6834 -29.4236
      vertex -2.5 -59.8908 -30.2712
    endloop
  endfacet
  facet normal 0 0.971343 -0.237684
    outer loop
      vertex 2.5 -59.6834 -29.4236
      vertex 2.5 -59.8908 -30.2712
      vertex -2.5 -59.8908 -30.2712
    endloop
  endfacet
  facet normal 0 0.980785 -0.19509
    outer loop
      vertex -2.5 -59.8908 -30.2712
      vertex 2.5 -59.8908 -30.2712
      vertex -2.5 -60.0611 -31.127
    endloop
  endfacet
  facet normal 0 0.980785 -0.19509
    outer loop
      vertex 2.5 -59.8908 -30.2712
      vertex 2.5 -60.0611 -31.127
      vertex -2.5 -60.0611 -31.127
    endloop
  endfacet
  facet normal 0 0.988361 -0.152124
    outer loop
      vertex -2.5 -60.0611 -31.127
      vertex 2.5 -60.0611 -31.127
      vertex -2.5 -60.1938 -31.9895
    endloop
  endfacet
  facet normal 0 0.988361 -0.152124
    outer loop
      vertex 2.5 -60.0611 -31.127
      vertex 2.5 -60.1938 -31.9895
      vertex -2.5 -60.1938 -31.9895
    endloop
  endfacet
  facet normal 0 0.994057 -0.108865
    outer loop
      vertex -2.5 -60.1938 -31.9895
      vertex 2.5 -60.1938 -31.9895
      vertex -2.5 -60.2888 -32.8569
    endloop
  endfacet
  facet normal 0 0.994057 -0.108865
    outer loop
      vertex 2.5 -60.1938 -31.9895
      vertex 2.5 -60.2888 -32.8569
      vertex -2.5 -60.2888 -32.8569
    endloop
  endfacet
  facet normal 0 0.997859 -0.0654043
    outer loop
      vertex -2.5 -60.2888 -32.8569
      vertex 2.5 -60.2888 -32.8569
      vertex -2.5 -60.3459 -33.7276
    endloop
  endfacet
  facet normal 0 0.997859 -0.0654043
    outer loop
      vertex 2.5 -60.2888 -32.8569
      vertex 2.5 -60.3459 -33.7276
      vertex -2.5 -60.3459 -33.7276
    endloop
  endfacet
  facet normal 0 0.999762 -0.0218156
    outer loop
      vertex -2.5 -60.3459 -33.7276
      vertex 2.5 -60.3459 -33.7276
      vertex -2.5 -60.3649 -34.6
    endloop
  endfacet
  facet normal 0 0.999762 -0.0218156
    outer loop
      vertex 2.5 -60.3459 -33.7276
      vertex 2.5 -60.3649 -34.6
      vertex -2.5 -60.3649 -34.6
    endloop
  endfacet
  facet normal 0 0.999762 0.0218156
    outer loop
      vertex -2.5 -60.3649 -34.6
      vertex 2.5 -60.3649 -34.6
      vertex -2.5 -60.3459 -35.4724
    endloop
  endfacet
  facet normal 0 0.999762 0.0218156
    outer loop
      vertex 2.5 -60.3649 -34.6
      vertex 2.5 -60.3459 -35.4724
      vertex -2.5 -60.3459 -35.4724
    endloop
  endfacet
  facet normal 0 0.997859 0.0654043
    outer loop
      vertex -2.5 -60.3459 -35.4724
      vertex 2.5 -60.3459 -35.4724
      vertex -2.5 -60.2888 -36.3431
    endloop
  endfacet
  facet normal 0 0.997859 0.0654043
    outer loop
      vertex 2.5 -60.3459 -35.4724
      vertex 2.5 -60.2888 -36.3431
      vertex -2.5 -60.2888 -36.3431
    endloop
  endfacet
  facet normal 0 0.994057 0.108865
    outer loop
      vertex -2.5 -60.2888 -36.3431
      vertex 2.5 -60.2888 -36.3431
      vertex -2.5 -60.1938 -37.2105
    endloop
  endfacet
  facet normal 0 0.994057 0.108865
    outer loop
      vertex 2.5 -60.2888 -36.3431
      vertex 2.5 -60.1938 -37.2105
      vertex -2.5 -60.1938 -37.2105
    endloop
  endfacet
  facet normal 0 0.988361 0.152125
    outer loop
      vertex -2.5 -60.1938 -37.2105
      vertex 2.5 -60.1938 -37.2105
      vertex -2.5 -60.0611 -38.073
    endloop
  endfacet
  facet normal 0 0.988361 0.152125
    outer loop
      vertex 2.5 -60.1938 -37.2105
      vertex 2.5 -60.0611 -38.073
      vertex -2.5 -60.0611 -38.073
    endloop
  endfacet
  facet normal 0 0.980785 0.19509
    outer loop
      vertex -2.5 -60.0611 -38.073
      vertex 2.5 -60.0611 -38.073
      vertex -2.5 -59.8908 -38.9288
    endloop
  endfacet
  facet normal 0 0.980785 0.19509
    outer loop
      vertex 2.5 -60.0611 -38.073
      vertex 2.5 -59.8908 -38.9288
      vertex -2.5 -59.8908 -38.9288
    endloop
  endfacet
  facet normal 0 0.971343 0.237684
    outer loop
      vertex -2.5 -59.8908 -38.9288
      vertex 2.5 -59.8908 -38.9288
      vertex -2.5 -59.6834 -39.7764
    endloop
  endfacet
  facet normal 0 0.971343 0.237684
    outer loop
      vertex 2.5 -59.8908 -38.9288
      vertex 2.5 -59.6834 -39.7764
      vertex -2.5 -59.6834 -39.7764
    endloop
  endfacet
  facet normal 0 -1 0
    outer loop
      vertex -2.5 25.2 -5
      vertex 2.5 25.2 -5
      vertex -2.5 25.2 5
    endloop
  endfacet
  facet normal 0 -1 0
    outer loop
      vertex 2.5 25.2 -5
      vertex 2.5 25.2 5
      vertex -2.5 25.2 5
    endloop
  endfacet
  facet normal -1 0 0
    outer loop
      vertex 2.5 25.2 5
      vertex 2.5 25.2 -5
      vertex 2.5 20.2 5
    endloop
  endfacet
  facet normal -1 0 0
    outer loop
      vertex 2.5 25.2 -5
      vertex 2.5 20.2 -5
      vertex 2.5 20.2 5
    endloop
  endfacet
  facet normal 0 0 1
    outer loop
      vertex 2.5 25.2 -5
      vertex -2.5 25.2 -5
      vertex 2.5 20.2 -5
    endloop
  endfacet
  facet normal 0 0 1
    outer loop
      vertex -2.5 25.2 -5
      vertex -2.5 20.2 -5
      vertex 2.5 20.2 -5
    endloop
  endfacet
  facet normal 1 0 0
    outer loop
      vertex -2.5 25.2 -5
      vertex -2.5 25.2 5
      vertex -2.5 20.2 -5
    endloop
  endfacet
  facet normal 1 0 0
    outer loop
      vertex -2.5 25.2 5
      vertex -2.5 20.2 5
      vertex -2.5 20.2 -5
    endloop
  endfacet
  facet normal 0 0 -1
    outer loop
      vertex -2.5 25.2 5
      vertex 2.5 25.2 5
      vertex -2.5 20.2 5
    endloop
  endfacet
  facet normal 0 0 -1
    outer loop
      vertex 2.5 25.2 5
      vertex 2.5 20.2 5
      vertex -2.5 20.2 5
    endloop
  endfacet
  facet normal 1 0 0
    outer loop
      vertex 40 20.2 40
      vertex 40 20.2 -40
      vertex 40 30.2 40
    endloop
  endfacet
  facet normal 1 0 0
    outer loop
      vertex 40 20.2 -40
      vertex 40 30.2 -40
      vertex 40 30.2 40
    endloop
  endfacet
  facet normal 0 -1 0
    outer loop
      vertex 2.5 20.2 5
      vertex 40 20.2 40
      vertex -2.5 20.2 5
    endloop
  endfacet
  facet normal 0 -1 0
    outer loop
      vertex 40 20.2 40
      vertex -40 20.2 40
      vertex -2.5 20.2 5
    endloop
  endfacet
  facet normal 0 -1 0
    outer loop
      vertex -2.5 20.2 5
      vertex -40 20.2 40
      vertex -2.5 20.2 -5
    endloop
  endfacet
  facet normal 0 -1 0
    outer loop
      vertex -40 20.2 40
      vertex -40 20.2 -40
      vertex -2.5 20.2 -5
    endloop
  endfacet
  facet normal 0 -1 0
    outer loop
      vertex -2.5 20.2 -5
      vertex -40 20.2 -40
      vertex 2.5 20.2 -5
    endloop
  endfacet
  facet normal 0 -1 0
    outer loop
      vertex -40 20.2 -40
      vertex 40 20.2 -40
      vertex 2.5 20.2 -5
    endloop
  endfacet
  facet normal 0 -1 0
    outer loop
      vertex 2.5 20.2 -5
      vertex 40 20.2 -40
      vertex 2.5 20.2 5
    endloop
  endfacet
  facet normal 0 -1 0
    outer loop
      vertex 40 20.2 -40
      vertex 40 20.2 40
      vertex 2.5 20.2 5
    endloop
  endfacet
  facet normal 0 0 1
    outer loop
      vertex -40 20.2 40
      vertex 40 20.2 40
      vertex -40 30.2 40
    endloop
  endfacet
  facet normal 0 0 1
    outer loop
      vertex 40 20.2 40
      vertex 40 30.2 40
      vertex -40 30.2 40
    endloop
  endfacet
  facet normal -1 0 0
    outer loop
      vertex -40 20.2 -40
      vertex -40 20.2 40
      vertex -40 30.2 -40
    endloop
  endfacet
  facet normal -1 0 0
    outer loop
      vertex -40 20.2 40
      vertex -40 30.2 40
      vertex -40 30.2 -40
    endloop
  endfacet
  facet normal 0 0 -1
    outer loop
      vertex 40 20.2 -40
      vertex -40 20.2 -40
      vertex 40 30.2 -40
    endloop
  endfacet
  facet normal 0 0 -1
    outer loop
      vertex -40 20.2 -40
      vertex -40 30.2 -40
      vertex 40 30.2 -40
    endloop
  endfacet
  facet normal 0 1 0
    outer loop
      vertex -40 30.2 -40
      vertex -40 30.2 40
      vertex 40 30.2 -40
    endloop
  endfacet
  facet normal 0 1 0
    outer loop
      vertex -40 30.2 40
      vertex 40 30.2 40
      vertex 40 30.2 -40
    endloop
  endfacet
  facet normal 0 -0.258819 0.965926
    outer loop
      vertex 2.5 -73.3901 -6.43752
      vertex 2.5 -68.6834 -5.17638
      vertex -2.5 -73.3901 -6.43752
    endloop
  endfacet
  facet normal 0 -0.258819 0.965926
    outer loop
      vertex 2.5 -68.6834 -5.17638
      vertex -2.5 -68.6834 -5.17638
      vertex -2.5 -73.3901 -6.43752
    endloop
  endfacet
  facet normal 0 -0.258819 -0.965926
    outer loop
      vertex 2.5 -68.6834 5.17638
      vertex 2.5 -73.3901 6.43752
      vertex -2.5 -68.6834 5.17638
    endloop
  endfacet
  facet normal 0 -0.258819 -0.965926
    outer loop
      vertex 2.5 -73.3901 6.43752
      vertex -2.5 -73.3901 6.43752
      vertex -2.5 -68.6834 5.17638
    endloop
  endfacet
  facet normal 0 1 0
    outer loop
      vertex 2.5 -5 -5
      vertex -2.5 -5 -5
      vertex 2.5 -5 5
    endloop
  endfacet
  facet normal 0 1 0
    outer loop
      vertex -2.5 -5 -5
      vertex -2.5 -5 5
      vertex 2.5 -5 5
    endloop
  endfacet
  facet normal 0 0 1
    outer loop
      vertex 2.5 -5 5
      vertex -2.5 -5 5
      vertex 2.5 -25 5
    endloop
  endfacet
  facet normal 0 0 1
    outer loop
      vertex -2.5 -5 5
      vertex -2.5 -25 5
      vertex 2.5 -25 5
    endloop
  endfacet
  facet normal 0 -0.960114 0.279609
    outer loop
      vertex -2.5 -73.3901 6.43752
      vertex 2.5 -73.3901 6.43752
      vertex 2.5 -73.0898 7.46869
    endloop
  endfacet
  facet normal 0 -0.960114 0.279609
    outer loop
      vertex -2.5 -73.3901 6.43752
      vertex 2.5 -73.0898 7.46869
      vertex -2.5 -73.0898 7.46869
    endloop
  endfacet
  facet normal 0 -0.947146 0.320802
    outer loop
      vertex 2.5 -73.0898 7.46869
      vertex 2.5 -72.7452 8.48593
      vertex -2.5 -73.0898 7.46869
    endloop
  endfacet
  facet normal 0 -0.947146 0.320802
    outer loop
      vertex -2.5 -73.0898 7.46869
      vertex 2.5 -72.7452 8.48593
      vertex -2.5 -72.7452 8.48593
    endloop
  endfacet
  facet normal 0 -0.932414 0.361391
    outer loop
      vertex 2.5 -72.7452 8.48593
      vertex 2.5 -72.3571 9.48736
      vertex -2.5 -72.7452 8.48593
    endloop
  endfacet
  facet normal 0 -0.932414 0.361391
    outer loop
      vertex -2.5 -72.7452 8.48593
      vertex 2.5 -72.3571 9.48736
      vertex -2.5 -72.3571 9.48736
    endloop
  endfacet
  facet normal 0 -0.915943 0.401307
    outer loop
      vertex 2.5 -72.3571 9.48736
      vertex 2.5 -71.9261 10.4711
      vertex -2.5 -72.3571 9.48736
    endloop
  endfacet
  facet normal 0 -0.915943 0.401307
    outer loop
      vertex -2.5 -72.3571 9.48736
      vertex 2.5 -71.9261 10.4711
      vertex -2.5 -71.9261 10.4711
    endloop
  endfacet
  facet normal 0 -0.897765 0.440475
    outer loop
      vertex 2.5 -71.9261 10.4711
      vertex 2.5 -71.453 11.4353
      vertex -2.5 -71.9261 10.4711
    endloop
  endfacet
  facet normal 0 -0.897765 0.440475
    outer loop
      vertex -2.5 -71.9261 10.4711
      vertex 2.5 -71.453 11.4353
      vertex -2.5 -71.453 11.4353
    endloop
  endfacet
  facet normal 0 -0.877915 0.478817
    outer loop
      vertex 2.5 -71.453 11.4353
      vertex 2.5 -70.9387 12.3782
      vertex -2.5 -71.453 11.4353
    endloop
  endfacet
  facet normal 0 -0.877915 0.478817
    outer loop
      vertex -2.5 -71.453 11.4353
      vertex 2.5 -70.9387 12.3782
      vertex -2.5 -70.9387 12.3782
    endloop
  endfacet
  facet normal 0 -0.856422 0.516276
    outer loop
      vertex 2.5 -70.9387 12.3782
      vertex 2.5 -70.3842 13.298
      vertex -2.5 -70.9387 12.3782
    endloop
  endfacet
  facet normal 0 -0.856422 0.516276
    outer loop
      vertex -2.5 -70.9387 12.3782
      vertex 2.5 -70.3842 13.298
      vertex -2.5 -70.3842 13.298
    endloop
  endfacet
  facet normal 0 -0.83334 0.552761
    outer loop
      vertex 2.5 -70.3842 13.298
      vertex 2.5 -69.7906 14.193
      vertex -2.5 -70.3842 13.298
    endloop
  endfacet
  facet normal 0 -0.83334 0.552761
    outer loop
      vertex -2.5 -70.3842 13.298
      vertex 2.5 -69.7906 14.193
      vertex -2.5 -69.7906 14.193
    endloop
  endfacet
  facet normal 0 -0.808699 0.588223
    outer loop
      vertex 2.5 -69.7906 14.193
      vertex 2.5 -69.1588 15.0616
      vertex -2.5 -69.7906 14.193
    endloop
  endfacet
  facet normal 0 -0.808699 0.588223
    outer loop
      vertex -2.5 -69.7906 14.193
      vertex 2.5 -69.1588 15.0616
      vertex -2.5 -69.1588 15.0616
    endloop
  endfacet
  facet normal 0 -0.782549 0.622589
    outer loop
      vertex 2.5 -69.1588 15.0616
      vertex 2.5 -68.4902 15.902
      vertex -2.5 -69.1588 15.0616
    endloop
  endfacet
  facet normal 0 -0.782549 0.622589
    outer loop
      vertex -2.5 -69.1588 15.0616
      vertex 2.5 -68.4902 15.902
      vertex -2.5 -68.4902 15.902
    endloop
  endfacet
  facet normal 0 -0.754944 0.655789
    outer loop
      vertex 2.5 -68.4902 15.902
      vertex 2.5 -67.7858 16.7128
      vertex -2.5 -68.4902 15.902
    endloop
  endfacet
  facet normal 0 -0.754944 0.655789
    outer loop
      vertex -2.5 -68.4902 15.902
      vertex 2.5 -67.7858 16.7128
      vertex -2.5 -67.7858 16.7128
    endloop
  endfacet
  facet normal 0 -0.725928 0.68777
    outer loop
      vertex 2.5 -67.7858 16.7128
      vertex 2.5 -67.0472 17.4925
      vertex -2.5 -67.7858 16.7128
    endloop
  endfacet
  facet normal 0 -0.725928 0.68777
    outer loop
      vertex -2.5 -67.7858 16.7128
      vertex 2.5 -67.0472 17.4925
      vertex -2.5 -67.0472 17.4925
    endloop
  endfacet
  facet normal 0 -0.695561 0.718467
    outer loop
      vertex 2.5 -67.0472 17.4925
      vertex 2.5 -66.2755 18.2395
      vertex -2.5 -67.0472 17.4925
    endloop
  endfacet
  facet normal 0 -0.695561 0.718467
    outer loop
      vertex -2.5 -67.0472 17.4925
      vertex 2.5 -66.2755 18.2395
      vertex -2.5 -66.2755 18.2395
    endloop
  endfacet
  facet normal 0 -0.663896 0.747825
    outer loop
      vertex 2.5 -66.2755 18.2395
      vertex 2.5 -65.4723 18.9526
      vertex -2.5 -66.2755 18.2395
    endloop
  endfacet
  facet normal 0 -0.663896 0.747825
    outer loop
      vertex -2.5 -66.2755 18.2395
      vertex 2.5 -65.4723 18.9526
      vertex -2.5 -65.4723 18.9526
    endloop
  endfacet
  facet normal 0 -0.630995 0.775787
    outer loop
      vertex 2.5 -65.4723 18.9526
      vertex 2.5 -64.6391 19.6303
      vertex -2.5 -65.4723 18.9526
    endloop
  endfacet
  facet normal 0 -0.630995 0.775787
    outer loop
      vertex -2.5 -65.4723 18.9526
      vertex 2.5 -64.6391 19.6303
      vertex -2.5 -64.6391 19.6303
    endloop
  endfacet
  facet normal 0 -0.596912 0.802307
    outer loop
      vertex 2.5 -64.6391 19.6303
      vertex 2.5 -63.7775 20.2714
      vertex -2.5 -64.6391 19.6303
    endloop
  endfacet
  facet normal 0 -0.596912 0.802307
    outer loop
      vertex -2.5 -64.6391 19.6303
      vertex 2.5 -63.7775 20.2714
      vertex -2.5 -63.7775 20.2714
    endloop
  endfacet
  facet normal 0 -0.561723 0.827326
    outer loop
      vertex 2.5 -63.7775 20.2714
      vertex 2.5 -62.8889 20.8747
      vertex -2.5 -63.7775 20.2714
    endloop
  endfacet
  facet normal 0 -0.561723 0.827326
    outer loop
      vertex -2.5 -63.7775 20.2714
      vertex 2.5 -62.8889 20.8747
      vertex -2.5 -62.8889 20.8747
    endloop
  endfacet
  facet normal 0 -0.525483 0.850804
    outer loop
      vertex 2.5 -62.8889 20.8747
      vertex 2.5 -61.9751 21.439
      vertex -2.5 -62.8889 20.8747
    endloop
  endfacet
  facet normal 0 -0.525483 0.850804
    outer loop
      vertex -2.5 -62.8889 20.8747
      vertex 2.5 -61.9751 21.439
      vertex -2.5 -61.9751 21.439
    endloop
  endfacet
  facet normal 0 -0.488263 0.872697
    outer loop
      vertex 2.5 -61.9751 21.439
      vertex 2.5 -61.0378 21.9634
      vertex -2.5 -61.9751 21.439
    endloop
  endfacet
  facet normal 0 -0.488263 0.872697
    outer loop
      vertex -2.5 -61.9751 21.439
      vertex 2.5 -61.0378 21.9634
      vertex -2.5 -61.0378 21.9634
    endloop
  endfacet
  facet normal 0 -0.450133 0.892961
    outer loop
      vertex 2.5 -61.0378 21.9634
      vertex 2.5 -60.0788 22.4469
      vertex -2.5 -61.0378 21.9634
    endloop
  endfacet
  facet normal 0 -0.450133 0.892961
    outer loop
      vertex -2.5 -61.0378 21.9634
      vertex 2.5 -60.0788 22.4469
      vertex -2.5 -60.0788 22.4469
    endloop
  endfacet
  facet normal 0 -0.411166 0.911561
    outer loop
      vertex 2.5 -60.0788 22.4469
      vertex 2.5 -59.0998 22.8885
      vertex -2.5 -60.0788 22.4469
    endloop
  endfacet
  facet normal 0 -0.411166 0.911561
    outer loop
      vertex -2.5 -60.0788 22.4469
      vertex 2.5 -59.0998 22.8885
      vertex -2.5 -59.0998 22.8885
    endloop
  endfacet
  facet normal 0 -0.371427 0.928462
    outer loop
      vertex 2.5 -59.0998 22.8885
      vertex 2.5 -58.1026 23.2874
      vertex -2.5 -59.0998 22.8885
    endloop
  endfacet
  facet normal 0 -0.371427 0.928462
    outer loop
      vertex -2.5 -59.0998 22.8885
      vertex 2.5 -58.1026 23.2874
      vertex -2.5 -58.1026 23.2874
    endloop
  endfacet
  facet normal 0 -0.331 0.943631
    outer loop
      vertex 2.5 -58.1026 23.2874
      vertex 2.5 -57.0891 23.6429
      vertex -2.5 -58.1026 23.2874
    endloop
  endfacet
  facet normal 0 -0.331 0.943631
    outer loop
      vertex -2.5 -58.1026 23.2874
      vertex 2.5 -57.0891 23.6429
      vertex -2.5 -57.0891 23.6429
    endloop
  endfacet
  facet normal 0 -0.289956 0.95704
    outer loop
      vertex 2.5 -57.0891 23.6429
      vertex 2.5 -56.0612 23.9543
      vertex -2.5 -57.0891 23.6429
    endloop
  endfacet
  facet normal 0 -0.289956 0.95704
    outer loop
      vertex -2.5 -57.0891 23.6429
      vertex 2.5 -56.0612 23.9543
      vertex -2.5 -56.0612 23.9543
    endloop
  endfacet
  facet normal 0 -0.248367 0.968666
    outer loop
      vertex 2.5 -56.0612 23.9543
      vertex 2.5 -55.0209 24.221
      vertex -2.5 -56.0612 23.9543
    endloop
  endfacet
  facet normal 0 -0.248367 0.968666
    outer loop
      vertex -2.5 -56.0612 23.9543
      vertex 2.5 -55.0209 24.221
      vertex -2.5 -55.0209 24.221
    endloop
  endfacet
  facet normal 0 -0.20632 0.978485
    outer loop
      vertex 2.5 -55.0209 24.221
      vertex 2.5 -53.97 24.4426
      vertex -2.5 -55.0209 24.221
    endloop
  endfacet
  facet normal 0 -0.20632 0.978485
    outer loop
      vertex -2.5 -55.0209 24.221
      vertex 2.5 -53.97 24.4426
      vertex -2.5 -53.97 24.4426
    endloop
  endfacet
  facet normal 0 -0.163887 0.986479
    outer loop
      vertex 2.5 -53.97 24.4426
      vertex 2.5 -52.9105 24.6187
      vertex -2.5 -53.97 24.4426
    endloop
  endfacet
  facet normal 0 -0.163887 0.986479
    outer loop
      vertex -2.5 -53.97 24.4426
      vertex 2.5 -52.9105 24.6187
      vertex -2.5 -52.9105 24.6187
    endloop
  endfacet
  facet normal 0 -0.121147 0.992635
    outer loop
      vertex 2.5 -52.9105 24.6187
      vertex 2.5 -51.8444 24.7488
      vertex -2.5 -52.9105 24.6187
    endloop
  endfacet
  facet normal 0 -0.121147 0.992635
    outer loop
      vertex -2.5 -52.9105 24.6187
      vertex 2.5 -51.8444 24.7488
      vertex -2.5 -51.8444 24.7488
    endloop
  endfacet
  facet normal 0 -0.0781801 0.996939
    outer loop
      vertex 2.5 -51.8444 24.7488
      vertex 2.5 -50.7737 24.8327
      vertex -2.5 -51.8444 24.7488
    endloop
  endfacet
  facet normal 0 -0.0781801 0.996939
    outer loop
      vertex -2.5 -51.8444 24.7488
      vertex 2.5 -50.7737 24.8327
      vertex -2.5 -50.7737 24.8327
    endloop
  endfacet
  facet normal 0 -0.0350708 0.999385
    outer loop
      vertex 2.5 -50.7737 24.8327
      vertex 2.5 -49.7003 24.8704
      vertex -2.5 -50.7737 24.8327
    endloop
  endfacet
  facet normal 0 -0.0350708 0.999385
    outer loop
      vertex -2.5 -50.7737 24.8327
      vertex 2.5 -49.7003 24.8704
      vertex -2.5 -49.7003 24.8704
    endloop
  endfacet
  facet normal 0 0.00810607 0.999967
    outer loop
      vertex 2.5 -49.7003 24.8704
      vertex 2.5 -48.6264 24.8617
      vertex -2.5 -49.7003 24.8704
    endloop
  endfacet
  facet normal 0 0.00810607 0.999967
    outer loop
      vertex -2.5 -49.7003 24.8704
      vertex 2.5 -48.6264 24.8617
      vertex -2.5 -48.6264 24.8617
    endloop
  endfacet
  facet normal 0 0.0512674 0.998685
    outer loop
      vertex 2.5 -48.6264 24.8617
      vertex 2.5 -47.5538 24.8066
      vertex -2.5 -48.6264 24.8617
    endloop
  endfacet
  facet normal 0 0.0512674 0.998685
    outer loop
      vertex -2.5 -48.6264 24.8617
      vertex 2.5 -47.5538 24.8066
      vertex -2.5 -47.5538 24.8066
    endloop
  endfacet
  facet normal 0 0.0943332 0.995541
    outer loop
      vertex 2.5 -47.5538 24.8066
      vertex 2.5 -46.4845 24.7053
      vertex -2.5 -47.5538 24.8066
    endloop
  endfacet
  facet normal 0 0.0943332 0.995541
    outer loop
      vertex -2.5 -47.5538 24.8066
      vertex 2.5 -46.4845 24.7053
      vertex -2.5 -46.4845 24.7053
    endloop
  endfacet
  facet normal 0 0.137224 0.99054
    outer loop
      vertex 2.5 -46.4845 24.7053
      vertex 2.5 -45.4207 24.5579
      vertex -2.5 -46.4845 24.7053
    endloop
  endfacet
  facet normal 0 0.137224 0.99054
    outer loop
      vertex -2.5 -46.4845 24.7053
      vertex 2.5 -45.4207 24.5579
      vertex -2.5 -45.4207 24.5579
    endloop
  endfacet
  facet normal 0 0.179856 0.983693
    outer loop
      vertex 2.5 -45.4207 24.5579
      vertex 2.5 -44.3642 24.3648
      vertex -2.5 -45.4207 24.5579
    endloop
  endfacet
  facet normal 0 0.179856 0.983693
    outer loop
      vertex -2.5 -45.4207 24.5579
      vertex 2.5 -44.3642 24.3648
      vertex -2.5 -44.3642 24.3648
    endloop
  endfacet
  facet normal 0 0.222156 0.975011
    outer loop
      vertex 2.5 -44.3642 24.3648
      vertex 2.5 -43.317 24.1262
      vertex -2.5 -44.3642 24.3648
    endloop
  endfacet
  facet normal 0 0.222156 0.975011
    outer loop
      vertex -2.5 -44.3642 24.3648
      vertex 2.5 -43.317 24.1262
      vertex -2.5 -43.317 24.1262
    endloop
  endfacet
  facet normal 0 0.26404 0.964512
    outer loop
      vertex 2.5 -43.317 24.1262
      vertex 2.5 -42.2811 23.8426
      vertex -2.5 -43.317 24.1262
    endloop
  endfacet
  facet normal 0 0.26404 0.964512
    outer loop
      vertex -2.5 -43.317 24.1262
      vertex 2.5 -42.2811 23.8426
      vertex -2.5 -42.2811 23.8426
    endloop
  endfacet
  facet normal 0 0.305432 0.952214
    outer loop
      vertex 2.5 -42.2811 23.8426
      vertex 2.5 -41.2584 23.5146
      vertex -2.5 -42.2811 23.8426
    endloop
  endfacet
  facet normal 0 0.305432 0.952214
    outer loop
      vertex -2.5 -42.2811 23.8426
      vertex 2.5 -41.2584 23.5146
      vertex -2.5 -41.2584 23.5146
    endloop
  endfacet
  facet normal 0 0.346255 0.938141
    outer loop
      vertex 2.5 -41.2584 23.5146
      vertex 2.5 -40.2509 23.1427
      vertex -2.5 -41.2584 23.5146
    endloop
  endfacet
  facet normal 0 0.346255 0.938141
    outer loop
      vertex -2.5 -41.2584 23.5146
      vertex 2.5 -40.2509 23.1427
      vertex -2.5 -40.2509 23.1427
    endloop
  endfacet
  facet normal 0 0.386432 0.922318
    outer loop
      vertex 2.5 -40.2509 23.1427
      vertex 2.5 -39.2603 22.7276
      vertex -2.5 -40.2509 23.1427
    endloop
  endfacet
  facet normal 0 0.386432 0.922318
    outer loop
      vertex -2.5 -40.2509 23.1427
      vertex 2.5 -39.2603 22.7276
      vertex -2.5 -39.2603 22.7276
    endloop
  endfacet
  facet normal 0 0.425888 0.904776
    outer loop
      vertex 2.5 -39.2603 22.7276
      vertex 2.5 -38.2885 22.2702
      vertex -2.5 -39.2603 22.7276
    endloop
  endfacet
  facet normal 0 0.425888 0.904776
    outer loop
      vertex -2.5 -39.2603 22.7276
      vertex 2.5 -38.2885 22.2702
      vertex -2.5 -38.2885 22.2702
    endloop
  endfacet
  facet normal 0 0.464551 0.885547
    outer loop
      vertex 2.5 -38.2885 22.2702
      vertex 2.5 -37.3375 21.7713
      vertex -2.5 -38.2885 22.2702
    endloop
  endfacet
  facet normal 0 0.464551 0.885547
    outer loop
      vertex -2.5 -38.2885 22.2702
      vertex 2.5 -37.3375 21.7713
      vertex -2.5 -37.3375 21.7713
    endloop
  endfacet
  facet normal 0 0.502348 0.864666
    outer loop
      vertex 2.5 -37.3375 21.7713
      vertex 2.5 -36.4088 21.2318
      vertex -2.5 -37.3375 21.7713
    endloop
  endfacet
  facet normal 0 0.502348 0.864666
    outer loop
      vertex -2.5 -37.3375 21.7713
      vertex 2.5 -36.4088 21.2318
      vertex -2.5 -36.4088 21.2318
    endloop
  endfacet
  facet normal 0 0.539206 0.842174
    outer loop
      vertex 2.5 -36.4088 21.2318
      vertex 2.5 -35.5043 20.6527
      vertex -2.5 -36.4088 21.2318
    endloop
  endfacet
  facet normal 0 0.539206 0.842174
    outer loop
      vertex -2.5 -36.4088 21.2318
      vertex 2.5 -35.5043 20.6527
      vertex -2.5 -35.5043 20.6527
    endloop
  endfacet
  facet normal 0 0.57506 0.818111
    outer loop
      vertex 2.5 -35.5043 20.6527
      vertex 2.5 -34.6256 20.035
      vertex -2.5 -35.5043 20.6527
    endloop
  endfacet
  facet normal 0 0.57506 0.818111
    outer loop
      vertex -2.5 -35.5043 20.6527
      vertex 2.5 -34.6256 20.035
      vertex -2.5 -34.6256 20.035
    endloop
  endfacet
  facet normal 0 0.609844 0.792522
    outer loop
      vertex 2.5 -34.6256 20.035
      vertex 2.5 -33.7745 19.3801
      vertex -2.5 -34.6256 20.035
    endloop
  endfacet
  facet normal 0 0.609844 0.792522
    outer loop
      vertex -2.5 -34.6256 20.035
      vertex 2.5 -33.7745 19.3801
      vertex -2.5 -33.7745 19.3801
    endloop
  endfacet
  facet normal 0 0.643487 0.765457
    outer loop
      vertex 2.5 -33.7745 19.3801
      vertex 2.5 -32.9523 18.6889
      vertex -2.5 -33.7745 19.3801
    endloop
  endfacet
  facet normal 0 0.643487 0.765457
    outer loop
      vertex -2.5 -33.7745 19.3801
      vertex 2.5 -32.9523 18.6889
      vertex -2.5 -32.9523 18.6889
    endloop
  endfacet
  facet normal 0 0.675931 0.736964
    outer loop
      vertex 2.5 -32.9523 18.6889
      vertex 2.5 -32.1608 17.963
      vertex -2.5 -32.9523 18.6889
    endloop
  endfacet
  facet normal 0 0.675931 0.736964
    outer loop
      vertex -2.5 -32.9523 18.6889
      vertex 2.5 -32.1608 17.963
      vertex -2.5 -32.1608 17.963
    endloop
  endfacet
  facet normal 0 0.707118 0.707096
    outer loop
      vertex 2.5 -32.1608 17.963
      vertex 2.5 -31.4014 17.2035
      vertex -2.5 -32.1608 17.963
    endloop
  endfacet
  facet normal 0 0.707118 0.707096
    outer loop
      vertex -2.5 -32.1608 17.963
      vertex 2.5 -31.4014 17.2035
      vertex -2.5 -31.4014 17.2035
    endloop
  endfacet
  facet normal 0 0.736983 0.675912
    outer loop
      vertex 2.5 -31.4014 17.2035
      vertex 2.5 -30.6755 16.412
      vertex -2.5 -31.4014 17.2035
    endloop
  endfacet
  facet normal 0 0.736983 0.675912
    outer loop
      vertex -2.5 -31.4014 17.2035
      vertex 2.5 -30.6755 16.412
      vertex -2.5 -30.6755 16.412
    endloop
  endfacet
  facet normal 0 0.765476 0.643464
    outer loop
      vertex 2.5 -30.6755 16.412
      vertex 2.5 -29.9844 15.5899
      vertex -2.5 -30.6755 16.412
    endloop
  endfacet
  facet normal 0 0.765476 0.643464
    outer loop
      vertex -2.5 -30.6755 16.412
      vertex 2.5 -29.9844 15.5899
      vertex -2.5 -29.9844 15.5899
    endloop
  endfacet
  facet normal 0 0.792541 0.609818
    outer loop
      vertex 2.5 -29.9844 15.5899
      vertex 2.5 -29.3294 14.7387
      vertex -2.5 -29.9844 15.5899
    endloop
  endfacet
  facet normal 0 0.792541 0.609818
    outer loop
      vertex -2.5 -29.9844 15.5899
      vertex 2.5 -29.3294 14.7387
      vertex -2.5 -29.3294 14.7387
    endloop
  endfacet
  facet normal 0 0.818128 0.575037
    outer loop
      vertex 2.5 -29.3294 14.7387
      vertex 2.5 -28.7118 13.86
      vertex -2.5 -29.3294 14.7387
    endloop
  endfacet
  facet normal 0 0.818128 0.575037
    outer loop
      vertex -2.5 -29.3294 14.7387
      vertex 2.5 -28.7118 13.86
      vertex -2.5 -28.7118 13.86
    endloop
  endfacet
  facet normal 0 0.84219 0.539182
    outer loop
      vertex 2.5 -28.7118 13.86
      vertex 2.5 -28.1328 12.9555
      vertex -2.5 -28.7118 13.86
    endloop
  endfacet
  facet normal 0 0.84219 0.539182
    outer loop
      vertex -2.5 -28.7118 13.86
      vertex 2.5 -28.1328 12.9555
      vertex -2.5 -28.1328 12.9555
    endloop
  endfacet
  facet normal 0 0.864682 0.50232
    outer loop
      vertex 2.5 -28.1328 12.9555
      vertex 2.5 -27.5933 12.0268
      vertex -2.5 -28.1328 12.9555
    endloop
  endfacet
  facet normal 0 0.864682 0.50232
    outer loop
      vertex -2.5 -28.1328 12.9555
      vertex 2.5 -27.5933 12.0268
      vertex -2.5 -27.5933 12.0268
    endloop
  endfacet
  facet normal 0 0.88556 0.464524
    outer loop
      vertex 2.5 -27.5933 12.0268
      vertex 2.5 -27.0944 11.0757
      vertex -2.5 -27.5933 12.0268
    endloop
  endfacet
  facet normal 0 0.88556 0.464524
    outer loop
      vertex -2.5 -27.5933 12.0268
      vertex 2.5 -27.0944 11.0757
      vertex -2.5 -27.0944 11.0757
    endloop
  endfacet
  facet normal 0 0.904788 0.425862
    outer loop
      vertex 2.5 -27.0944 11.0757
      vertex 2.5 -26.637 10.104
      vertex -2.5 -27.0944 11.0757
    endloop
  endfacet
  facet normal 0 0.904788 0.425862
    outer loop
      vertex -2.5 -27.0944 11.0757
      vertex 2.5 -26.637 10.104
      vertex -2.5 -26.637 10.104
    endloop
  endfacet
  facet normal 0 0.92233 0.386403
    outer loop
      vertex 2.5 -26.637 10.104
      vertex 2.5 -26.222 9.11336
      vertex -2.5 -26.637 10.104
    endloop
  endfacet
  facet normal 0 0.92233 0.386403
    outer loop
      vertex -2.5 -26.637 10.104
      vertex 2.5 -26.222 9.11336
      vertex -2.5 -26.222 9.11336
    endloop
  endfacet
  facet normal 0 0.93815 0.346228
    outer loop
      vertex 2.5 -26.222 9.11336
      vertex 2.5 -25.8501 8.10578
      vertex -2.5 -26.222 9.11336
    endloop
  endfacet
  facet normal 0 0.93815 0.346228
    outer loop
      vertex -2.5 -26.222 9.11336
      vertex 2.5 -25.8501 8.10578
      vertex -2.5 -25.8501 8.10578
    endloop
  endfacet
  facet normal 0 0.952223 0.305403
    outer loop
      vertex 2.5 -25.8501 8.10578
      vertex 2.5 -25.5221 7.08308
      vertex -2.5 -25.8501 8.10578
    endloop
  endfacet
  facet normal 0 0.952223 0.305403
    outer loop
      vertex -2.5 -25.8501 8.10578
      vertex 2.5 -25.5221 7.08308
      vertex -2.5 -25.5221 7.08308
    endloop
  endfacet
  facet normal 0 0.96452 0.264011
    outer loop
      vertex 2.5 -25.5221 7.08308
      vertex 2.5 -25.2386 6.04718
      vertex -2.5 -25.5221 7.08308
    endloop
  endfacet
  facet normal 0 0.96452 0.264011
    outer loop
      vertex -2.5 -25.5221 7.08308
      vertex 2.5 -25.2386 6.04718
      vertex -2.5 -25.2386 6.04718
    endloop
  endfacet
  facet normal 0 0.975018 0.222126
    outer loop
      vertex 2.5 -25.2386 6.04718
      vertex 2.5 -25 5
      vertex -2.5 -25.2386 6.04718
    endloop
  endfacet
  facet normal 0 0.975018 0.222126
    outer loop
      vertex -2.5 -25.2386 6.04718
      vertex 2.5 -25 5
      vertex -2.5 -25 5
    endloop
  endfacet
  facet normal 0 0.960096 0.279669
    outer loop
      vertex -2.5 -68.6834 -5.17638
      vertex 2.5 -68.6834 -5.17638
      vertex -2.5 -68.4412 -6.00786
    endloop
  endfacet
  facet normal 0 0.960096 0.279669
    outer loop
      vertex 2.5 -68.6834 -5.17638
      vertex 2.5 -68.4412 -6.00786
      vertex -2.5 -68.4412 -6.00786
    endloop
  endfacet
  facet normal 0 0.947088 0.320973
    outer loop
      vertex -2.5 -68.4412 -6.00786
      vertex 2.5 -68.4412 -6.00786
      vertex -2.5 -68.1633 -6.82807
    endloop
  endfacet
  facet normal 0 0.947088 0.320973
    outer loop
      vertex 2.5 -68.4412 -6.00786
      vertex 2.5 -68.1633 -6.82807
      vertex -2.5 -68.1633 -6.82807
    endloop
  endfacet
  facet normal 0 0.932305 0.361674
    outer loop
      vertex -2.5 -68.1633 -6.82807
      vertex 2.5 -68.1633 -6.82807
      vertex -2.5 -67.85 -7.63548
    endloop
  endfacet
  facet normal 0 0.932305 0.361674
    outer loop
      vertex 2.5 -68.1633 -6.82807
      vertex 2.5 -67.85 -7.63548
      vertex -2.5 -67.85 -7.63548
    endloop
  endfacet
  facet normal 0 0.915773 0.401695
    outer loop
      vertex -2.5 -67.85 -7.63548
      vertex 2.5 -67.85 -7.63548
      vertex -2.5 -67.5021 -8.42857
    endloop
  endfacet
  facet normal 0 0.915773 0.401695
    outer loop
      vertex 2.5 -67.85 -7.63548
      vertex 2.5 -67.5021 -8.42857
      vertex -2.5 -67.5021 -8.42857
    endloop
  endfacet
  facet normal 0 0.897526 0.440961
    outer loop
      vertex -2.5 -67.5021 -8.42857
      vertex 2.5 -67.5021 -8.42857
      vertex -2.5 -67.1203 -9.20586
    endloop
  endfacet
  facet normal 0 0.897526 0.440961
    outer loop
      vertex 2.5 -67.5021 -8.42857
      vertex 2.5 -67.1203 -9.20586
      vertex -2.5 -67.1203 -9.20586
    endloop
  endfacet
  facet normal 0 0.877593 0.479407
    outer loop
      vertex -2.5 -67.1203 -9.20586
      vertex 2.5 -67.1203 -9.20586
      vertex -2.5 -66.7051 -9.96589
    endloop
  endfacet
  facet normal 0 0.877593 0.479407
    outer loop
      vertex 2.5 -67.1203 -9.20586
      vertex 2.5 -66.7051 -9.96589
      vertex -2.5 -66.7051 -9.96589
    endloop
  endfacet
  facet normal 0 0.856016 0.51695
    outer loop
      vertex -2.5 -66.7051 -9.96589
      vertex 2.5 -66.7051 -9.96589
      vertex -2.5 -66.2574 -10.7072
    endloop
  endfacet
  facet normal 0 0.856016 0.51695
    outer loop
      vertex 2.5 -66.7051 -9.96589
      vertex 2.5 -66.2574 -10.7072
      vertex -2.5 -66.2574 -10.7072
    endloop
  endfacet
  facet normal 0 0.832834 0.553523
    outer loop
      vertex -2.5 -66.2574 -10.7072
      vertex 2.5 -66.2574 -10.7072
      vertex -2.5 -65.778 -11.4285
    endloop
  endfacet
  facet normal 0 0.832834 0.553523
    outer loop
      vertex 2.5 -66.2574 -10.7072
      vertex 2.5 -65.778 -11.4285
      vertex -2.5 -65.778 -11.4285
    endloop
  endfacet
  facet normal 0 0.808089 0.589061
    outer loop
      vertex -2.5 -65.778 -11.4285
      vertex 2.5 -65.778 -11.4285
      vertex -2.5 -65.2679 -12.1283
    endloop
  endfacet
  facet normal 0 0.808089 0.589061
    outer loop
      vertex 2.5 -65.778 -11.4285
      vertex 2.5 -65.2679 -12.1283
      vertex -2.5 -65.2679 -12.1283
    endloop
  endfacet
  facet normal 0 0.781835 0.623486
    outer loop
      vertex -2.5 -65.2679 -12.1283
      vertex 2.5 -65.2679 -12.1283
      vertex -2.5 -64.7279 -12.8054
    endloop
  endfacet
  facet normal 0 0.781835 0.623486
    outer loop
      vertex 2.5 -65.2679 -12.1283
      vertex 2.5 -64.7279 -12.8054
      vertex -2.5 -64.7279 -12.8054
    endloop
  endfacet
  facet normal 0 0.754103 0.656756
    outer loop
      vertex -2.5 -64.7279 -12.8054
      vertex 2.5 -64.7279 -12.8054
      vertex -2.5 -64.1591 -13.4585
    endloop
  endfacet
  facet normal 0 0.754103 0.656756
    outer loop
      vertex 2.5 -64.7279 -12.8054
      vertex 2.5 -64.1591 -13.4585
      vertex -2.5 -64.1591 -13.4585
    endloop
  endfacet
  facet normal 0 0.724969 0.688782
    outer loop
      vertex -2.5 -64.1591 -13.4585
      vertex 2.5 -64.1591 -13.4585
      vertex -2.5 -63.5626 -14.0864
    endloop
  endfacet
  facet normal 0 0.724969 0.688782
    outer loop
      vertex 2.5 -64.1591 -13.4585
      vertex 2.5 -63.5626 -14.0864
      vertex -2.5 -63.5626 -14.0864
    endloop
  endfacet
  facet normal 0 0.694471 0.719521
    outer loop
      vertex -2.5 -63.5626 -14.0864
      vertex 2.5 -63.5626 -14.0864
      vertex -2.5 -62.9395 -14.6878
    endloop
  endfacet
  facet normal 0 0.694471 0.719521
    outer loop
      vertex 2.5 -63.5626 -14.0864
      vertex 2.5 -62.9395 -14.6878
      vertex -2.5 -62.9395 -14.6878
    endloop
  endfacet
  facet normal 0 0.66267 0.748912
    outer loop
      vertex -2.5 -62.9395 -14.6878
      vertex 2.5 -62.9395 -14.6878
      vertex -2.5 -62.2909 -15.2617
    endloop
  endfacet
  facet normal 0 0.66267 0.748912
    outer loop
      vertex 2.5 -62.9395 -14.6878
      vertex 2.5 -62.2909 -15.2617
      vertex -2.5 -62.2909 -15.2617
    endloop
  endfacet
  facet normal 0 0.629624 0.7769
    outer loop
      vertex -2.5 -62.2909 -15.2617
      vertex 2.5 -62.2909 -15.2617
      vertex -2.5 -61.6181 -15.807
    endloop
  endfacet
  facet normal 0 0.629624 0.7769
    outer loop
      vertex 2.5 -62.2909 -15.2617
      vertex 2.5 -61.6181 -15.807
      vertex -2.5 -61.6181 -15.807
    endloop
  endfacet
  facet normal 0 0.595404 0.803427
    outer loop
      vertex -2.5 -61.6181 -15.807
      vertex 2.5 -61.6181 -15.807
      vertex -2.5 -60.9223 -16.3226
    endloop
  endfacet
  facet normal 0 0.595404 0.803427
    outer loop
      vertex 2.5 -61.6181 -15.807
      vertex 2.5 -60.9223 -16.3226
      vertex -2.5 -60.9223 -16.3226
    endloop
  endfacet
  facet normal 0 0.560062 0.82845
    outer loop
      vertex -2.5 -60.9223 -16.3226
      vertex 2.5 -60.9223 -16.3226
      vertex -2.5 -60.2048 -16.8076
    endloop
  endfacet
  facet normal 0 0.560062 0.82845
    outer loop
      vertex 2.5 -60.9223 -16.3226
      vertex 2.5 -60.2048 -16.8076
      vertex -2.5 -60.2048 -16.8076
    endloop
  endfacet
  facet normal 0 0.523674 0.851919
    outer loop
      vertex -2.5 -60.2048 -16.8076
      vertex 2.5 -60.2048 -16.8076
      vertex -2.5 -59.467 -17.2612
    endloop
  endfacet
  facet normal 0 0.523674 0.851919
    outer loop
      vertex 2.5 -60.2048 -16.8076
      vertex 2.5 -59.467 -17.2612
      vertex -2.5 -59.467 -17.2612
    endloop
  endfacet
  facet normal 0 0.486301 0.873791
    outer loop
      vertex -2.5 -59.467 -17.2612
      vertex 2.5 -59.467 -17.2612
      vertex -2.5 -58.7103 -17.6823
    endloop
  endfacet
  facet normal 0 0.486301 0.873791
    outer loop
      vertex 2.5 -59.467 -17.2612
      vertex 2.5 -58.7103 -17.6823
      vertex -2.5 -58.7103 -17.6823
    endloop
  endfacet
  facet normal 0 0.448017 0.894025
    outer loop
      vertex -2.5 -58.7103 -17.6823
      vertex 2.5 -58.7103 -17.6823
      vertex -2.5 -57.936 -18.0703
    endloop
  endfacet
  facet normal 0 0.448017 0.894025
    outer loop
      vertex 2.5 -58.7103 -17.6823
      vertex 2.5 -57.936 -18.0703
      vertex -2.5 -57.936 -18.0703
    endloop
  endfacet
  facet normal 0 0.408894 0.912582
    outer loop
      vertex -2.5 -57.936 -18.0703
      vertex 2.5 -57.936 -18.0703
      vertex -2.5 -57.1457 -18.4244
    endloop
  endfacet
  facet normal 0 0.408894 0.912582
    outer loop
      vertex 2.5 -57.936 -18.0703
      vertex 2.5 -57.1457 -18.4244
      vertex -2.5 -57.1457 -18.4244
    endloop
  endfacet
  facet normal 0 0.369001 0.929429
    outer loop
      vertex -2.5 -57.1457 -18.4244
      vertex 2.5 -57.1457 -18.4244
      vertex -2.5 -56.3408 -18.744
    endloop
  endfacet
  facet normal 0 0.369001 0.929429
    outer loop
      vertex 2.5 -57.1457 -18.4244
      vertex 2.5 -56.3408 -18.744
      vertex -2.5 -56.3408 -18.744
    endloop
  endfacet
  facet normal 0 0.328422 0.944531
    outer loop
      vertex -2.5 -56.3408 -18.744
      vertex 2.5 -56.3408 -18.744
      vertex -2.5 -55.5228 -19.0284
    endloop
  endfacet
  facet normal 0 0.328422 0.944531
    outer loop
      vertex 2.5 -56.3408 -18.744
      vertex 2.5 -55.5228 -19.0284
      vertex -2.5 -55.5228 -19.0284
    endloop
  endfacet
  facet normal 0 0.287223 0.957864
    outer loop
      vertex -2.5 -55.5228 -19.0284
      vertex 2.5 -55.5228 -19.0284
      vertex -2.5 -54.6932 -19.2772
    endloop
  endfacet
  facet normal 0 0.287223 0.957864
    outer loop
      vertex 2.5 -55.5228 -19.0284
      vertex 2.5 -54.6932 -19.2772
      vertex -2.5 -54.6932 -19.2772
    endloop
  endfacet
  facet normal 0 0.245485 0.9694
    outer loop
      vertex -2.5 -54.6932 -19.2772
      vertex 2.5 -54.6932 -19.2772
      vertex -2.5 -53.8537 -19.4898
    endloop
  endfacet
  facet normal 0 0.245485 0.9694
    outer loop
      vertex 2.5 -54.6932 -19.2772
      vertex 2.5 -53.8537 -19.4898
      vertex -2.5 -53.8537 -19.4898
    endloop
  endfacet
  facet normal 0 0.203288 0.979119
    outer loop
      vertex -2.5 -53.8537 -19.4898
      vertex 2.5 -53.8537 -19.4898
      vertex -2.5 -53.0058 -19.6658
    endloop
  endfacet
  facet normal 0 0.203288 0.979119
    outer loop
      vertex 2.5 -53.8537 -19.4898
      vertex 2.5 -53.0058 -19.6658
      vertex -2.5 -53.0058 -19.6658
    endloop
  endfacet
  facet normal 0 0.16071 0.987002
    outer loop
      vertex -2.5 -53.0058 -19.6658
      vertex 2.5 -53.0058 -19.6658
      vertex -2.5 -52.151 -19.805
    endloop
  endfacet
  facet normal 0 0.16071 0.987002
    outer loop
      vertex 2.5 -53.0058 -19.6658
      vertex 2.5 -52.151 -19.805
      vertex -2.5 -52.151 -19.805
    endloop
  endfacet
  facet normal 0 0.11783 0.993034
    outer loop
      vertex -2.5 -52.151 -19.805
      vertex 2.5 -52.151 -19.805
      vertex -2.5 -51.291 -19.907
    endloop
  endfacet
  facet normal 0 0.11783 0.993034
    outer loop
      vertex 2.5 -52.151 -19.805
      vertex 2.5 -51.291 -19.907
      vertex -2.5 -51.291 -19.907
    endloop
  endfacet
  facet normal 0 0.0747309 0.997204
    outer loop
      vertex -2.5 -51.291 -19.907
      vertex 2.5 -51.291 -19.907
      vertex -2.5 -50.4274 -19.9718
    endloop
  endfacet
  facet normal 0 0.0747309 0.997204
    outer loop
      vertex 2.5 -51.291 -19.907
      vertex 2.5 -50.4274 -19.9718
      vertex -2.5 -50.4274 -19.9718
    endloop
  endfacet
  facet normal 0 0.0314894 0.999504
    outer loop
      vertex -2.5 -50.4274 -19.9718
      vertex 2.5 -50.4274 -19.9718
      vertex -2.5 -49.5618 -19.999
    endloop
  endfacet
  facet normal 0 0.0314894 0.999504
    outer loop
      vertex 2.5 -50.4274 -19.9718
      vertex 2.5 -49.5618 -19.999
      vertex -2.5 -49.5618 -19.999
    endloop
  endfacet
  facet normal 0 -0.0118099 0.99993
    outer loop
      vertex -2.5 -49.5618 -19.999
      vertex 2.5 -49.5618 -19.999
      vertex -2.5 -48.6958 -19.9888
    endloop
  endfacet
  facet normal 0 -0.0118099 0.99993
    outer loop
      vertex 2.5 -49.5618 -19.999
      vertex 2.5 -48.6958 -19.9888
      vertex -2.5 -48.6958 -19.9888
    endloop
  endfacet
  facet normal 0 -0.0550876 0.998482
    outer loop
      vertex -2.5 -48.6958 -19.9888
      vertex 2.5 -48.6958 -19.9888
      vertex -2.5 -47.8311 -19.9411
    endloop
  endfacet
  facet normal 0 -0.0550876 0.998482
    outer loop
      vertex 2.5 -48.6958 -19.9888
      vertex 2.5 -47.8311 -19.9411
      vertex -2.5 -47.8311 -19.9411
    endloop
  endfacet
  facet normal 0 -0.0982626 0.995161
    outer loop
      vertex -2.5 -47.8311 -19.9411
      vertex 2.5 -47.8311 -19.9411
      vertex -2.5 -46.9692 -19.856
    endloop
  endfacet
  facet normal 0 -0.0982626 0.995161
    outer loop
      vertex 2.5 -47.8311 -19.9411
      vertex 2.5 -46.9692 -19.856
      vertex -2.5 -46.9692 -19.856
    endloop
  endfacet
  facet normal 0 -0.141252 0.989974
    outer loop
      vertex -2.5 -46.9692 -19.856
      vertex 2.5 -46.9692 -19.856
      vertex -2.5 -46.1119 -19.7337
    endloop
  endfacet
  facet normal 0 -0.141252 0.989974
    outer loop
      vertex 2.5 -46.9692 -19.856
      vertex 2.5 -46.1119 -19.7337
      vertex -2.5 -46.1119 -19.7337
    endloop
  endfacet
  facet normal 0 -0.183977 0.982931
    outer loop
      vertex -2.5 -46.1119 -19.7337
      vertex 2.5 -46.1119 -19.7337
      vertex -2.5 -45.2606 -19.5743
    endloop
  endfacet
  facet normal 0 -0.183977 0.982931
    outer loop
      vertex 2.5 -46.1119 -19.7337
      vertex 2.5 -45.2606 -19.5743
      vertex -2.5 -45.2606 -19.5743
    endloop
  endfacet
  facet normal 0 -0.226359 0.974044
    outer loop
      vertex -2.5 -45.2606 -19.5743
      vertex 2.5 -45.2606 -19.5743
      vertex -2.5 -44.4171 -19.3783
    endloop
  endfacet
  facet normal 0 -0.226359 0.974044
    outer loop
      vertex 2.5 -45.2606 -19.5743
      vertex 2.5 -44.4171 -19.3783
      vertex -2.5 -44.4171 -19.3783
    endloop
  endfacet
  facet normal 0 -0.268313 0.963332
    outer loop
      vertex -2.5 -44.4171 -19.3783
      vertex 2.5 -44.4171 -19.3783
      vertex -2.5 -43.5828 -19.1459
    endloop
  endfacet
  facet normal 0 -0.268313 0.963332
    outer loop
      vertex 2.5 -44.4171 -19.3783
      vertex 2.5 -43.5828 -19.1459
      vertex -2.5 -43.5828 -19.1459
    endloop
  endfacet
  facet normal 0 -0.309765 0.950813
    outer loop
      vertex -2.5 -43.5828 -19.1459
      vertex 2.5 -43.5828 -19.1459
      vertex -2.5 -42.7593 -18.8777
    endloop
  endfacet
  facet normal 0 -0.309765 0.950813
    outer loop
      vertex 2.5 -43.5828 -19.1459
      vertex 2.5 -42.7593 -18.8777
      vertex -2.5 -42.7593 -18.8777
    endloop
  endfacet
  facet normal 0 -0.350638 0.936511
    outer loop
      vertex -2.5 -42.7593 -18.8777
      vertex 2.5 -42.7593 -18.8777
      vertex -2.5 -41.9483 -18.574
    endloop
  endfacet
  facet normal 0 -0.350638 0.936511
    outer loop
      vertex 2.5 -42.7593 -18.8777
      vertex 2.5 -41.9483 -18.574
      vertex -2.5 -41.9483 -18.574
    endloop
  endfacet
  facet normal 0 -0.39085 0.920454
    outer loop
      vertex -2.5 -41.9483 -18.574
      vertex 2.5 -41.9483 -18.574
      vertex -2.5 -41.1511 -18.2355
    endloop
  endfacet
  facet normal 0 -0.39085 0.920454
    outer loop
      vertex 2.5 -41.9483 -18.574
      vertex 2.5 -41.1511 -18.2355
      vertex -2.5 -41.1511 -18.2355
    endloop
  endfacet
  facet normal 0 -0.430335 0.902669
    outer loop
      vertex -2.5 -41.1511 -18.2355
      vertex 2.5 -41.1511 -18.2355
      vertex -2.5 -40.3694 -17.8628
    endloop
  endfacet
  facet normal 0 -0.430335 0.902669
    outer loop
      vertex 2.5 -41.1511 -18.2355
      vertex 2.5 -40.3694 -17.8628
      vertex -2.5 -40.3694 -17.8628
    endloop
  endfacet
  facet normal 0 -0.469007 0.883195
    outer loop
      vertex -2.5 -40.3694 -17.8628
      vertex 2.5 -40.3694 -17.8628
      vertex -2.5 -39.6045 -17.4566
    endloop
  endfacet
  facet normal 0 -0.469007 0.883195
    outer loop
      vertex 2.5 -40.3694 -17.8628
      vertex 2.5 -39.6045 -17.4566
      vertex -2.5 -39.6045 -17.4566
    endloop
  endfacet
  facet normal 0 -0.506804 0.862061
    outer loop
      vertex -2.5 -39.6045 -17.4566
      vertex 2.5 -39.6045 -17.4566
      vertex -2.5 -38.8579 -17.0177
    endloop
  endfacet
  facet normal 0 -0.506804 0.862061
    outer loop
      vertex 2.5 -39.6045 -17.4566
      vertex 2.5 -38.8579 -17.0177
      vertex -2.5 -38.8579 -17.0177
    endloop
  endfacet
  facet normal 0 -0.543649 0.839313
    outer loop
      vertex -2.5 -38.8579 -17.0177
      vertex 2.5 -38.8579 -17.0177
      vertex -2.5 -38.1311 -16.5469
    endloop
  endfacet
  facet normal 0 -0.543649 0.839313
    outer loop
      vertex 2.5 -38.8579 -17.0177
      vertex 2.5 -38.1311 -16.5469
      vertex -2.5 -38.1311 -16.5469
    endloop
  endfacet
  facet normal 0 -0.579473 0.814991
    outer loop
      vertex -2.5 -38.1311 -16.5469
      vertex 2.5 -38.1311 -16.5469
      vertex -2.5 -37.4253 -16.0451
    endloop
  endfacet
  facet normal 0 -0.579473 0.814991
    outer loop
      vertex 2.5 -38.1311 -16.5469
      vertex 2.5 -37.4253 -16.0451
      vertex -2.5 -37.4253 -16.0451
    endloop
  endfacet
  facet normal 0 -0.614213 0.789141
    outer loop
      vertex -2.5 -37.4253 -16.0451
      vertex 2.5 -37.4253 -16.0451
      vertex -2.5 -36.7418 -15.5131
    endloop
  endfacet
  facet normal 0 -0.614213 0.789141
    outer loop
      vertex 2.5 -37.4253 -16.0451
      vertex 2.5 -36.7418 -15.5131
      vertex -2.5 -36.7418 -15.5131
    endloop
  endfacet
  facet normal 0 -0.647799 0.761811
    outer loop
      vertex -2.5 -36.7418 -15.5131
      vertex 2.5 -36.7418 -15.5131
      vertex -2.5 -36.0821 -14.9521
    endloop
  endfacet
  facet normal 0 -0.647799 0.761811
    outer loop
      vertex 2.5 -36.7418 -15.5131
      vertex 2.5 -36.0821 -14.9521
      vertex -2.5 -36.0821 -14.9521
    endloop
  endfacet
  facet normal 0 -0.680173 0.733052
    outer loop
      vertex -2.5 -36.0821 -14.9521
      vertex 2.5 -36.0821 -14.9521
      vertex -2.5 -35.4472 -14.3631
    endloop
  endfacet
  facet normal 0 -0.680173 0.733052
    outer loop
      vertex 2.5 -36.0821 -14.9521
      vertex 2.5 -35.4472 -14.3631
      vertex -2.5 -35.4472 -14.3631
    endloop
  endfacet
  facet normal 0 -0.711272 0.702917
    outer loop
      vertex -2.5 -35.4472 -14.3631
      vertex 2.5 -35.4472 -14.3631
      vertex -2.5 -34.8385 -13.7471
    endloop
  endfacet
  facet normal 0 -0.711272 0.702917
    outer loop
      vertex 2.5 -35.4472 -14.3631
      vertex 2.5 -34.8385 -13.7471
      vertex -2.5 -34.8385 -13.7471
    endloop
  endfacet
  facet normal 0 -0.741032 0.67147
    outer loop
      vertex -2.5 -34.8385 -13.7471
      vertex 2.5 -34.8385 -13.7471
      vertex -2.5 -34.257 -13.1053
    endloop
  endfacet
  facet normal 0 -0.741032 0.67147
    outer loop
      vertex 2.5 -34.8385 -13.7471
      vertex 2.5 -34.257 -13.1053
      vertex -2.5 -34.257 -13.1053
    endloop
  endfacet
  facet normal 0 -0.769408 0.638757
    outer loop
      vertex -2.5 -34.257 -13.1053
      vertex 2.5 -34.257 -13.1053
      vertex -2.5 -33.7038 -12.439
    endloop
  endfacet
  facet normal 0 -0.769408 0.638757
    outer loop
      vertex 2.5 -34.257 -13.1053
      vertex 2.5 -33.7038 -12.439
      vertex -2.5 -33.7038 -12.439
    endloop
  endfacet
  facet normal 0 -0.79634 0.60485
    outer loop
      vertex -2.5 -33.7038 -12.439
      vertex 2.5 -33.7038 -12.439
      vertex -2.5 -33.1799 -11.7493
    endloop
  endfacet
  facet normal 0 -0.79634 0.60485
    outer loop
      vertex 2.5 -33.7038 -12.439
      vertex 2.5 -33.1799 -11.7493
      vertex -2.5 -33.1799 -11.7493
    endloop
  endfacet
  facet normal 0 -0.821778 0.569808
    outer loop
      vertex -2.5 -33.1799 -11.7493
      vertex 2.5 -33.1799 -11.7493
      vertex -2.5 -32.6865 -11.0376
    endloop
  endfacet
  facet normal 0 -0.821778 0.569808
    outer loop
      vertex 2.5 -33.1799 -11.7493
      vertex 2.5 -32.6865 -11.0376
      vertex -2.5 -32.6865 -11.0376
    endloop
  endfacet
  facet normal 0 -0.845676 0.533697
    outer loop
      vertex -2.5 -32.6865 -11.0376
      vertex 2.5 -32.6865 -11.0376
      vertex -2.5 -32.2243 -10.3053
    endloop
  endfacet
  facet normal 0 -0.845676 0.533697
    outer loop
      vertex 2.5 -32.6865 -11.0376
      vertex 2.5 -32.2243 -10.3053
      vertex -2.5 -32.2243 -10.3053
    endloop
  endfacet
  facet normal 0 -0.867987 0.496587
    outer loop
      vertex -2.5 -32.2243 -10.3053
      vertex 2.5 -32.2243 -10.3053
      vertex -2.5 -31.7942 -9.55355
    endloop
  endfacet
  facet normal 0 -0.867987 0.496587
    outer loop
      vertex 2.5 -32.2243 -10.3053
      vertex 2.5 -31.7942 -9.55355
      vertex -2.5 -31.7942 -9.55355
    endloop
  endfacet
  facet normal 0 -0.888671 0.458545
    outer loop
      vertex -2.5 -31.7942 -9.55355
      vertex 2.5 -31.7942 -9.55355
      vertex -2.5 -31.3971 -8.78393
    endloop
  endfacet
  facet normal 0 -0.888671 0.458545
    outer loop
      vertex 2.5 -31.7942 -9.55355
      vertex 2.5 -31.3971 -8.78393
      vertex -2.5 -31.3971 -8.78393
    endloop
  endfacet
  facet normal 0 -0.90769 0.419642
    outer loop
      vertex -2.5 -31.3971 -8.78393
      vertex 2.5 -31.3971 -8.78393
      vertex -2.5 -31.0337 -7.99784
    endloop
  endfacet
  facet normal 0 -0.90769 0.419642
    outer loop
      vertex 2.5 -31.3971 -8.78393
      vertex 2.5 -31.0337 -7.99784
      vertex -2.5 -31.0337 -7.99784
    endloop
  endfacet
  facet normal 0 -0.925005 0.379955
    outer loop
      vertex -2.5 -31.0337 -7.99784
      vertex 2.5 -31.0337 -7.99784
      vertex -2.5 -30.7046 -7.19675
    endloop
  endfacet
  facet normal 0 -0.925005 0.379955
    outer loop
      vertex 2.5 -31.0337 -7.99784
      vertex 2.5 -30.7046 -7.19675
      vertex -2.5 -30.7046 -7.19675
    endloop
  endfacet
  facet normal 0 -0.940587 0.339553
    outer loop
      vertex -2.5 -30.7046 -7.19675
      vertex 2.5 -30.7046 -7.19675
      vertex -2.5 -30.4106 -6.38217
    endloop
  endfacet
  facet normal 0 -0.940587 0.339553
    outer loop
      vertex 2.5 -30.7046 -7.19675
      vertex 2.5 -30.4106 -6.38217
      vertex -2.5 -30.4106 -6.38217
    endloop
  endfacet
  facet normal 0 -0.954405 0.298514
    outer loop
      vertex -2.5 -30.4106 -6.38217
      vertex 2.5 -30.4106 -6.38217
      vertex -2.5 -30.152 -5.55562
    endloop
  endfacet
  facet normal 0 -0.954405 0.298514
    outer loop
      vertex 2.5 -30.4106 -6.38217
      vertex 2.5 -30.152 -5.55562
      vertex -2.5 -30.152 -5.55562
    endloop
  endfacet
  facet normal 0 -0.966434 0.256916
    outer loop
      vertex -2.5 -30.152 -5.55562
      vertex 2.5 -30.152 -5.55562
      vertex -2.5 -29.9295 -4.71866
    endloop
  endfacet
  facet normal 0 -0.966434 0.256916
    outer loop
      vertex 2.5 -30.152 -5.55562
      vertex 2.5 -29.9295 -4.71866
      vertex -2.5 -29.9295 -4.71866
    endloop
  endfacet
  facet normal 0 -0.97665 0.214838
    outer loop
      vertex -2.5 -29.9295 -4.71866
      vertex 2.5 -29.9295 -4.71866
      vertex -2.5 -29.7435 -3.87284
    endloop
  endfacet
  facet normal 0 -0.97665 0.214838
    outer loop
      vertex 2.5 -29.9295 -4.71866
      vertex 2.5 -29.7435 -3.87284
      vertex -2.5 -29.7435 -3.87284
    endloop
  endfacet
  facet normal 0 -0.985035 0.172356
    outer loop
      vertex -2.5 -29.7435 -3.87284
      vertex 2.5 -29.7435 -3.87284
      vertex -2.5 -29.5942 -3.01977
    endloop
  endfacet
  facet normal 0 -0.985035 0.172356
    outer loop
      vertex 2.5 -29.7435 -3.87284
      vertex 2.5 -29.5942 -3.01977
      vertex -2.5 -29.5942 -3.01977
    endloop
  endfacet
  facet normal 0 -0.991573 0.12955
    outer loop
      vertex -2.5 -29.5942 -3.01977
      vertex 2.5 -29.5942 -3.01977
      vertex -2.5 -29.482 -2.16103
    endloop
  endfacet
  facet normal 0 -0.991573 0.12955
    outer loop
      vertex 2.5 -29.5942 -3.01977
      vertex 2.5 -29.482 -2.16103
      vertex -2.5 -29.482 -2.16103
    endloop
  endfacet
  facet normal 0 -0.996252 0.0865019
    outer loop
      vertex -2.5 -29.482 -2.16103
      vertex 2.5 -29.482 -2.16103
      vertex -2.5 -29.4071 -1.29824
    endloop
  endfacet
  facet normal 0 -0.996252 0.0865019
    outer loop
      vertex 2.5 -29.482 -2.16103
      vertex 2.5 -29.4071 -1.29824
      vertex -2.5 -29.4071 -1.29824
    endloop
  endfacet
  facet normal 0 -0.999063 0.0432907
    outer loop
      vertex -2.5 -29.4071 -1.29824
      vertex 2.5 -29.4071 -1.29824
      vertex -2.5 -29.3696 -0.433018
    endloop
  endfacet
  facet normal 0 -0.999063 0.0432907
    outer loop
      vertex 2.5 -29.4071 -1.29824
      vertex 2.5 -29.3696 -0.433018
      vertex -2.5 -29.3696 -0.433018
    endloop
  endfacet
  facet normal 0 -1 0
    outer loop
      vertex -2.5 -29.3696 -0.433018
      vertex 2.5 -29.3696 -0.433018
      vertex -2.5 -29.3696 0.433018
    endloop
  endfacet
  facet normal 0 -1 0
    outer loop
      vertex 2.5 -29.3696 -0.433018
      vertex 2.5 -29.3696 0.433018
      vertex -2.5 -29.3696 0.433018
    endloop
  endfacet
  facet normal 0 -0.999063 -0.0432907
    outer loop
      vertex -2.5 -29.3696 0.433018
      vertex 2.5 -29.3696 0.433018
      vertex -2.5 -29.4071 1.29824
    endloop
  endfacet
  facet normal 0 -0.999063 -0.0432907
    outer loop
      vertex 2.5 -29.3696 0.433018
      vertex 2.5 -29.4071 1.29824
      vertex -2.5 -29.4071 1.29824
    endloop
  endfacet
  facet normal 0 -0.996252 -0.0865019
    outer loop
      vertex -2.5 -29.4071 1.29824
      vertex 2.5 -29.4071 1.29824
      vertex -2.5 -29.482 2.16103
    endloop
  endfacet
  facet normal 0 -0.996252 -0.0865019
    outer loop
      vertex 2.5 -29.4071 1.29824
      vertex 2.5 -29.482 2.16103
      vertex -2.5 -29.482 2.16103
    endloop
  endfacet
  facet normal 0 -0.991573 -0.12955
    outer loop
      vertex -2.5 -29.482 2.16103
      vertex 2.5 -29.482 2.16103
      vertex -2.5 -29.5942 3.01977
    endloop
  endfacet
  facet normal 0 -0.991573 -0.12955
    outer loop
      vertex 2.5 -29.482 2.16103
      vertex 2.5 -29.5942 3.01977
      vertex -2.5 -29.5942 3.01977
    endloop
  endfacet
  facet normal 0 -0.985035 -0.172356
    outer loop
      vertex -2.5 -29.5942 3.01977
      vertex 2.5 -29.5942 3.01977
      vertex -2.5 -29.7435 3.87284
    endloop
  endfacet
  facet normal 0 -0.985035 -0.172356
    outer loop
      vertex 2.5 -29.5942 3.01977
      vertex 2.5 -29.7435 3.87284
      vertex -2.5 -29.7435 3.87284
    endloop
  endfacet
  facet normal 0 -0.97665 -0.214838
    outer loop
      vertex -2.5 -29.7435 3.87284
      vertex 2.5 -29.7435 3.87284
      vertex -2.5 -29.9295 4.71866
    endloop
  endfacet
  facet normal 0 -0.97665 -0.214838
    outer loop
      vertex 2.5 -29.7435 3.87284
      vertex 2.5 -29.9295 4.71866
      vertex -2.5 -29.9295 4.71866
    endloop
  endfacet
  facet normal 0 -0.966434 -0.256916
    outer loop
      vertex -2.5 -29.9295 4.71866
      vertex 2.5 -29.9295 4.71866
      vertex -2.5 -30.152 5.55562
    endloop
  endfacet
  facet normal 0 -0.966434 -0.256916
    outer loop
      vertex 2.5 -29.9295 4.71866
      vertex 2.5 -30.152 5.55562
      vertex -2.5 -30.152 5.55562
    endloop
  endfacet
  facet normal 0 -0.954405 -0.298514
    outer loop
      vertex -2.5 -30.152 5.55562
      vertex 2.5 -30.152 5.55562
      vertex -2.5 -30.4106 6.38217
    endloop
  endfacet
  facet normal 0 -0.954405 -0.298514
    outer loop
      vertex 2.5 -30.152 5.55562
      vertex 2.5 -30.4106 6.38217
      vertex -2.5 -30.4106 6.38217
    endloop
  endfacet
  facet normal 0 -0.940587 -0.339553
    outer loop
      vertex -2.5 -30.4106 6.38217
      vertex 2.5 -30.4106 6.38217
      vertex -2.5 -30.7046 7.19675
    endloop
  endfacet
  facet normal 0 -0.940587 -0.339553
    outer loop
      vertex 2.5 -30.4106 6.38217
      vertex 2.5 -30.7046 7.19675
      vertex -2.5 -30.7046 7.19675
    endloop
  endfacet
  facet normal 0 -0.925005 -0.379955
    outer loop
      vertex -2.5 -30.7046 7.19675
      vertex 2.5 -30.7046 7.19675
      vertex -2.5 -31.0337 7.99784
    endloop
  endfacet
  facet normal 0 -0.925005 -0.379955
    outer loop
      vertex 2.5 -30.7046 7.19675
      vertex 2.5 -31.0337 7.99784
      vertex -2.5 -31.0337 7.99784
    endloop
  endfacet
  facet normal 0 -0.90769 -0.419642
    outer loop
      vertex -2.5 -31.0337 7.99784
      vertex 2.5 -31.0337 7.99784
      vertex -2.5 -31.3971 8.78393
    endloop
  endfacet
  facet normal 0 -0.90769 -0.419642
    outer loop
      vertex 2.5 -31.0337 7.99784
      vertex 2.5 -31.3971 8.78393
      vertex -2.5 -31.3971 8.78393
    endloop
  endfacet
  facet normal 0 -0.888671 -0.458545
    outer loop
      vertex -2.5 -31.3971 8.78393
      vertex 2.5 -31.3971 8.78393
      vertex -2.5 -31.7942 9.55355
    endloop
  endfacet
  facet normal 0 -0.888671 -0.458545
    outer loop
      vertex 2.5 -31.3971 8.78393
      vertex 2.5 -31.7942 9.55355
      vertex -2.5 -31.7942 9.55355
    endloop
  endfacet
  facet normal 0 -0.867987 -0.496587
    outer loop
      vertex -2.5 -31.7942 9.55355
      vertex 2.5 -31.7942 9.55355
      vertex -2.5 -32.2243 10.3053
    endloop
  endfacet
  facet normal 0 -0.867987 -0.496587
    outer loop
      vertex 2.5 -31.7942 9.55355
      vertex 2.5 -32.2243 10.3053
      vertex -2.5 -32.2243 10.3053
    endloop
  endfacet
  facet normal 0 -0.845676 -0.533697
    outer loop
      vertex -2.5 -32.2243 10.3053
      vertex 2.5 -32.2243 10.3053
      vertex -2.5 -32.6865 11.0376
    endloop
  endfacet
  facet normal 0 -0.845676 -0.533697
    outer loop
      vertex 2.5 -32.2243 10.3053
      vertex 2.5 -32.6865 11.0376
      vertex -2.5 -32.6865 11.0376
    endloop
  endfacet
  facet normal 0 -0.821778 -0.569808
    outer loop
      vertex -2.5 -32.6865 11.0376
      vertex 2.5 -32.6865 11.0376
      vertex -2.5 -33.1799 11.7493
    endloop
  endfacet
  facet normal 0 -0.821778 -0.569808
    outer loop
      vertex 2.5 -32.6865 11.0376
      vertex 2.5 -33.1799 11.7493
      vertex -2.5 -33.1799 11.7493
    endloop
  endfacet
  facet normal 0 -0.79634 -0.60485
    outer loop
      vertex -2.5 -33.1799 11.7493
      vertex 2.5 -33.1799 11.7493
      vertex -2.5 -33.7038 12.439
    endloop
  endfacet
  facet normal 0 -0.79634 -0.60485
    outer loop
      vertex 2.5 -33.1799 11.7493
      vertex 2.5 -33.7038 12.439
      vertex -2.5 -33.7038 12.439
    endloop
  endfacet
  facet normal 0 -0.769408 -0.638757
    outer loop
      vertex -2.5 -33.7038 12.439
      vertex 2.5 -33.7038 12.439
      vertex -2.5 -34.257 13.1053
    endloop
  endfacet
  facet normal 0 -0.769408 -0.638757
    outer loop
      vertex 2.5 -33.7038 12.439
      vertex 2.5 -34.257 13.1053
      vertex -2.5 -34.257 13.1053
    endloop
  endfacet
  facet normal 0 -0.741032 -0.67147
    outer loop
      vertex -2.5 -34.257 13.1053
      vertex 2.5 -34.257 13.1053
      vertex -2.5 -34.8385 13.7471
    endloop
  endfacet
  facet normal 0 -0.741032 -0.67147
    outer loop
      vertex 2.5 -34.257 13.1053
      vertex 2.5 -34.8385 13.7471
      vertex -2.5 -34.8385 13.7471
    endloop
  endfacet
  facet normal 0 -0.711272 -0.702917
    outer loop
      vertex -2.5 -34.8385 13.7471
      vertex 2.5 -34.8385 13.7471
      vertex -2.5 -35.4472 14.3631
    endloop
  endfacet
  facet normal 0 -0.711272 -0.702917
    outer loop
      vertex 2.5 -34.8385 13.7471
      vertex 2.5 -35.4472 14.3631
      vertex -2.5 -35.4472 14.3631
    endloop
  endfacet
  facet normal 0 -0.680173 -0.733052
    outer loop
      vertex -2.5 -35.4472 14.3631
      vertex 2.5 -35.4472 14.3631
      vertex -2.5 -36.0821 14.9521
    endloop
  endfacet
  facet normal 0 -0.680173 -0.733052
    outer loop
      vertex 2.5 -35.4472 14.3631
      vertex 2.5 -36.0821 14.9521
      vertex -2.5 -36.0821 14.9521
    endloop
  endfacet
  facet normal 0 -0.647799 -0.761811
    outer loop
      vertex -2.5 -36.0821 14.9521
      vertex 2.5 -36.0821 14.9521
      vertex -2.5 -36.7418 15.5131
    endloop
  endfacet
  facet normal 0 -0.647799 -0.761811
    outer loop
      vertex 2.5 -36.0821 14.9521
      vertex 2.5 -36.7418 15.5131
      vertex -2.5 -36.7418 15.5131
    endloop
  endfacet
  facet normal 0 -0.614213 -0.789141
    outer loop
      vertex -2.5 -36.7418 15.5131
      vertex 2.5 -36.7418 15.5131
      vertex -2.5 -37.4253 16.0451
    endloop
  endfacet
  facet normal 0 -0.614213 -0.789141
    outer loop
      vertex 2.5 -36.7418 15.5131
      vertex 2.5 -37.4253 16.0451
      vertex -2.5 -37.4253 16.0451
    endloop
  endfacet
  facet normal 0 -0.579473 -0.814991
    outer loop
      vertex -2.5 -37.4253 16.0451
      vertex 2.5 -37.4253 16.0451
      vertex -2.5 -38.1311 16.5469
    endloop
  endfacet
  facet normal 0 -0.579473 -0.814991
    outer loop
      vertex 2.5 -37.4253 16.0451
      vertex 2.5 -38.1311 16.5469
      vertex -2.5 -38.1311 16.5469
    endloop
  endfacet
  facet normal 0 -0.543649 -0.839313
    outer loop
      vertex -2.5 -38.1311 16.5469
      vertex 2.5 -38.1311 16.5469
      vertex -2.5 -38.8579 17.0177
    endloop
  endfacet
  facet normal 0 -0.543649 -0.839313
    outer loop
      vertex 2.5 -38.1311 16.5469
      vertex 2.5 -38.8579 17.0177
      vertex -2.5 -38.8579 17.0177
    endloop
  endfacet
  facet normal 0 -0.506804 -0.862061
    outer loop
      vertex -2.5 -38.8579 17.0177
      vertex 2.5 -38.8579 17.0177
      vertex -2.5 -39.6045 17.4566
    endloop
  endfacet
  facet normal 0 -0.506804 -0.862061
    outer loop
      vertex 2.5 -38.8579 17.0177
      vertex 2.5 -39.6045 17.4566
      vertex -2.5 -39.6045 17.4566
    endloop
  endfacet
  facet normal 0 -0.469007 -0.883195
    outer loop
      vertex -2.5 -39.6045 17.4566
      vertex 2.5 -39.6045 17.4566
      vertex -2.5 -40.3694 17.8628
    endloop
  endfacet
  facet normal 0 -0.469007 -0.883195
    outer loop
      vertex 2.5 -39.6045 17.4566
      vertex 2.5 -40.3694 17.8628
      vertex -2.5 -40.3694 17.8628
    endloop
  endfacet
  facet normal 0 -0.430335 -0.902669
    outer loop
      vertex -2.5 -40.3694 17.8628
      vertex 2.5 -40.3694 17.8628
      vertex -2.5 -41.1511 18.2355
    endloop
  endfacet
  facet normal 0 -0.430335 -0.902669
    outer loop
      vertex 2.5 -40.3694 17.8628
      vertex 2.5 -41.1511 18.2355
      vertex -2.5 -41.1511 18.2355
    endloop
  endfacet
  facet normal 0 -0.39085 -0.920454
    outer loop
      vertex -2.5 -41.1511 18.2355
      vertex 2.5 -41.1511 18.2355
      vertex -2.5 -41.9483 18.574
    endloop
  endfacet
  facet normal 0 -0.39085 -0.920454
    outer loop
      vertex 2.5 -41.1511 18.2355
      vertex 2.5 -41.9483 18.574
      vertex -2.5 -41.9483 18.574
    endloop
  endfacet
  facet normal 0 -0.350638 -0.936511
    outer loop
      vertex -2.5 -41.9483 18.574
      vertex 2.5 -41.9483 18.574
      vertex -2.5 -42.7593 18.8777
    endloop
  endfacet
  facet normal 0 -0.350638 -0.936511
    outer loop
      vertex 2.5 -41.9483 18.574
      vertex 2.5 -42.7593 18.8777
      vertex -2.5 -42.7593 18.8777
    endloop
  endfacet
  facet normal 0 -0.309765 -0.950813
    outer loop
      vertex -2.5 -42.7593 18.8777
      vertex 2.5 -42.7593 18.8777
      vertex -2.5 -43.5828 19.1459
    endloop
  endfacet
  facet normal 0 -0.309765 -0.950813
    outer loop
      vertex 2.5 -42.7593 18.8777
      vertex 2.5 -43.5828 19.1459
      vertex -2.5 -43.5828 19.1459
    endloop
  endfacet
  facet normal 0 -0.268313 -0.963332
    outer loop
      vertex -2.5 -43.5828 19.1459
      vertex 2.5 -43.5828 19.1459
      vertex -2.5 -44.4171 19.3783
    endloop
  endfacet
  facet normal 0 -0.268313 -0.963332
    outer loop
      vertex 2.5 -43.5828 19.1459
      vertex 2.5 -44.4171 19.3783
      vertex -2.5 -44.4171 19.3783
    endloop
  endfacet
  facet normal 0 -0.226359 -0.974044
    outer loop
      vertex -2.5 -44.4171 19.3783
      vertex 2.5 -44.4171 19.3783
      vertex -2.5 -45.2606 19.5743
    endloop
  endfacet
  facet normal 0 -0.226359 -0.974044
    outer loop
      vertex 2.5 -44.4171 19.3783
      vertex 2.5 -45.2606 19.5743
      vertex -2.5 -45.2606 19.5743
    endloop
  endfacet
  facet normal 0 -0.183977 -0.982931
    outer loop
      vertex -2.5 -45.2606 19.5743
      vertex 2.5 -45.2606 19.5743
      vertex -2.5 -46.1119 19.7337
    endloop
  endfacet
  facet normal 0 -0.183977 -0.982931
    outer loop
      vertex 2.5 -45.2606 19.5743
      vertex 2.5 -46.1119 19.7337
      vertex -2.5 -46.1119 19.7337
    endloop
  endfacet
  facet normal 0 -0.141252 -0.989974
    outer loop
      vertex -2.5 -46.1119 19.7337
      vertex 2.5 -46.1119 19.7337
      vertex -2.5 -46.9692 19.856
    endloop
  endfacet
  facet normal 0 -0.141252 -0.989974
    outer loop
      vertex 2.5 -46.1119 19.7337
      vertex 2.5 -46.9692 19.856
      vertex -2.5 -46.9692 19.856
    endloop
  endfacet
  facet normal 0 -0.0982626 -0.995161
    outer loop
      vertex -2.5 -46.9692 19.856
      vertex 2.5 -46.9692 19.856
      vertex -2.5 -47.8311 19.9411
    endloop
  endfacet
  facet normal 0 -0.0982626 -0.995161
    outer loop
      vertex 2.5 -46.9692 19.856
      vertex 2.5 -47.8311 19.9411
      vertex -2.5 -47.8311 19.9411
    endloop
  endfacet
  facet normal 0 -0.0550876 -0.998482
    outer loop
      vertex -2.5 -47.8311 19.9411
      vertex 2.5 -47.8311 19.9411
      vertex -2.5 -48.6958 19.9888
    endloop
  endfacet
  facet normal 0 -0.0550876 -0.998482
    outer loop
      vertex 2.5 -47.8311 19.9411
      vertex 2.5 -48.6958 19.9888
      vertex -2.5 -48.6958 19.9888
    endloop
  endfacet
  facet normal 0 -0.0118099 -0.99993
    outer loop
      vertex -2.5 -48.6958 19.9888
      vertex 2.5 -48.6958 19.9888
      vertex -2.5 -49.5618 19.999
    endloop
  endfacet
  facet normal 0 -0.0118099 -0.99993
    outer loop
      vertex 2.5 -48.6958 19.9888
      vertex 2.5 -49.5618 19.999
      vertex -2.5 -49.5618 19.999
    endloop
  endfacet
  facet normal 0 0.0314894 -0.999504
    outer loop
      vertex -2.5 -49.5618 19.999
      vertex 2.5 -49.5618 19.999
      vertex -2.5 -50.4274 19.9718
    endloop
  endfacet
  facet normal 0 0.0314894 -0.999504
    outer loop
      vertex 2.5 -49.5618 19.999
      vertex 2.5 -50.4274 19.9718
      vertex -2.5 -50.4274 19.9718
    endloop
  endfacet
  facet normal 0 0.0747309 -0.997204
    outer loop
      vertex -2.5 -50.4274 19.9718
      vertex 2.5 -50.4274 19.9718
      vertex -2.5 -51.291 19.907
    endloop
  endfacet
  facet normal 0 0.0747309 -0.997204
    outer loop
      vertex 2.5 -50.4274 19.9718
      vertex 2.5 -51.291 19.907
      vertex -2.5 -51.291 19.907
    endloop
  endfacet
  facet normal 0 0.11783 -0.993034
    outer loop
      vertex -2.5 -51.291 19.907
      vertex 2.5 -51.291 19.907
      vertex -2.5 -52.151 19.805
    endloop
  endfacet
  facet normal 0 0.11783 -0.993034
    outer loop
      vertex 2.5 -51.291 19.907
      vertex 2.5 -52.151 19.805
      vertex -2.5 -52.151 19.805
    endloop
  endfacet
  facet normal 0 0.16071 -0.987002
    outer loop
      vertex -2.5 -52.151 19.805
      vertex 2.5 -52.151 19.805
      vertex -2.5 -53.0058 19.6658
    endloop
  endfacet
  facet normal 0 0.16071 -0.987002
    outer loop
      vertex 2.5 -52.151 19.805
      vertex 2.5 -53.0058 19.6658
      vertex -2.5 -53.0058 19.6658
    endloop
  endfacet
  facet normal 0 0.203288 -0.979119
    outer loop
      vertex -2.5 -53.0058 19.6658
      vertex 2.5 -53.0058 19.6658
      vertex -2.5 -53.8537 19.4898
    endloop
  endfacet
  facet normal 0 0.203288 -0.979119
    outer loop
      vertex 2.5 -53.0058 19.6658
      vertex 2.5 -53.8537 19.4898
      vertex -2.5 -53.8537 19.4898
    endloop
  endfacet
  facet normal 0 0.245485 -0.9694
    outer loop
      vertex -2.5 -53.8537 19.4898
      vertex 2.5 -53.8537 19.4898
      vertex -2.5 -54.6932 19.2772
    endloop
  endfacet
  facet normal 0 0.245485 -0.9694
    outer loop
      vertex 2.5 -53.8537 19.4898
      vertex 2.5 -54.6932 19.2772
      vertex -2.5 -54.6932 19.2772
    endloop
  endfacet
  facet normal 0 0.287223 -0.957864
    outer loop
      vertex -2.5 -54.6932 19.2772
      vertex 2.5 -54.6932 19.2772
      vertex -2.5 -55.5228 19.0284
    endloop
  endfacet
  facet normal 0 0.287223 -0.957864
    outer loop
      vertex 2.5 -54.6932 19.2772
      vertex 2.5 -55.5228 19.0284
      vertex -2.5 -55.5228 19.0284
    endloop
  endfacet
  facet normal 0 0.328422 -0.944531
    outer loop
      vertex -2.5 -55.5228 19.0284
      vertex 2.5 -55.5228 19.0284
      vertex -2.5 -56.3408 18.744
    endloop
  endfacet
  facet normal 0 0.328422 -0.944531
    outer loop
      vertex 2.5 -55.5228 19.0284
      vertex 2.5 -56.3408 18.744
      vertex -2.5 -56.3408 18.744
    endloop
  endfacet
  facet normal 0 0.369001 -0.929429
    outer loop
      vertex -2.5 -56.3408 18.744
      vertex 2.5 -56.3408 18.744
      vertex -2.5 -57.1457 18.4244
    endloop
  endfacet
  facet normal 0 0.369001 -0.929429
    outer loop
      vertex 2.5 -56.3408 18.744
      vertex 2.5 -57.1457 18.4244
      vertex -2.5 -57.1457 18.4244
    endloop
  endfacet
  facet normal 0 0.408894 -0.912582
    outer loop
      vertex -2.5 -57.1457 18.4244
      vertex 2.5 -57.1457 18.4244
      vertex -2.5 -57.936 18.0703
    endloop
  endfacet
  facet normal 0 0.408894 -0.912582
    outer loop
      vertex 2.5 -57.1457 18.4244
      vertex 2.5 -57.936 18.0703
      vertex -2.5 -57.936 18.0703
    endloop
  endfacet
  facet normal 0 0.448017 -0.894025
    outer loop
      vertex -2.5 -57.936 18.0703
      vertex 2.5 -57.936 18.0703
      vertex -2.5 -58.7103 17.6823
    endloop
  endfacet
  facet normal 0 0.448017 -0.894025
    outer loop
      vertex 2.5 -57.936 18.0703
      vertex 2.5 -58.7103 17.6823
      vertex -2.5 -58.7103 17.6823
    endloop
  endfacet
  facet normal 0 0.486301 -0.873791
    outer loop
      vertex -2.5 -58.7103 17.6823
      vertex 2.5 -58.7103 17.6823
      vertex -2.5 -59.467 17.2612
    endloop
  endfacet
  facet normal 0 0.486301 -0.873791
    outer loop
      vertex 2.5 -58.7103 17.6823
      vertex 2.5 -59.467 17.2612
      vertex -2.5 -59.467 17.2612
    endloop
  endfacet
  facet normal 0 0.523674 -0.851919
    outer loop
      vertex -2.5 -59.467 17.2612
      vertex 2.5 -59.467 17.2612
      vertex -2.5 -60.2048 16.8076
    endloop
  endfacet
  facet normal 0 0.523674 -0.851919
    outer loop
      vertex 2.5 -59.467 17.2612
      vertex 2.5 -60.2048 16.8076
      vertex -2.5 -60.2048 16.8076
    endloop
  endfacet
  facet normal 0 0.560062 -0.82845
    outer loop
      vertex -2.5 -60.2048 16.8076
      vertex 2.5 -60.2048 16.8076
      vertex -2.5 -60.9223 16.3226
    endloop
  endfacet
  facet normal 0 0.560062 -0.82845
    outer loop
      vertex 2.5 -60.2048 16.8076
      vertex 2.5 -60.9223 16.3226
      vertex -2.5 -60.9223 16.3226
    endloop
  endfacet
  facet normal 0 0.595404 -0.803427
    outer loop
      vertex -2.5 -60.9223 16.3226
      vertex 2.5 -60.9223 16.3226
      vertex -2.5 -61.6181 15.807
    endloop
  endfacet
  facet normal 0 0.595404 -0.803427
    outer loop
      vertex 2.5 -60.9223 16.3226
      vertex 2.5 -61.6181 15.807
      vertex -2.5 -61.6181 15.807
    endloop
  endfacet
  facet normal 0 0.629624 -0.7769
    outer loop
      vertex -2.5 -61.6181 15.807
      vertex 2.5 -61.6181 15.807
      vertex -2.5 -62.2909 15.2617
    endloop
  endfacet
  facet normal 0 0.629624 -0.7769
    outer loop
      vertex 2.5 -61.6181 15.807
      vertex 2.5 -62.2909 15.2617
      vertex -2.5 -62.2909 15.2617
    endloop
  endfacet
  facet normal 0 0.66267 -0.748912
    outer loop
      vertex -2.5 -62.2909 15.2617
      vertex 2.5 -62.2909 15.2617
      vertex -2.5 -62.9395 14.6878
    endloop
  endfacet
  facet normal 0 0.66267 -0.748912
    outer loop
      vertex 2.5 -62.2909 15.2617
      vertex 2.5 -62.9395 14.6878
      vertex -2.5 -62.9395 14.6878
    endloop
  endfacet
  facet normal 0 0.694471 -0.719521
    outer loop
      vertex -2.5 -62.9395 14.6878
      vertex 2.5 -62.9395 14.6878
      vertex -2.5 -63.5626 14.0864
    endloop
  endfacet
  facet normal 0 0.694471 -0.719521
    outer loop
      vertex 2.5 -62.9395 14.6878
      vertex 2.5 -63.5626 14.0864
      vertex -2.5 -63.5626 14.0864
    endloop
  endfacet
  facet normal 0 0.724969 -0.688782
    outer loop
      vertex -2.5 -63.5626 14.0864
      vertex 2.5 -63.5626 14.0864
      vertex -2.5 -64.1591 13.4585
    endloop
  endfacet
  facet normal 0 0.724969 -0.688782
    outer loop
      vertex 2.5 -63.5626 14.0864
      vertex 2.5 -64.1591 13.4585
      vertex -2.5 -64.1591 13.4585
    endloop
  endfacet
  facet normal 0 0.754103 -0.656756
    outer loop
      vertex -2.5 -64.1591 13.4585
      vertex 2.5 -64.1591 13.4585
      vertex -2.5 -64.7279 12.8054
    endloop
  endfacet
  facet normal 0 0.754103 -0.656756
    outer loop
      vertex 2.5 -64.1591 13.4585
      vertex 2.5 -64.7279 12.8054
      vertex -2.5 -64.7279 12.8054
    endloop
  endfacet
  facet normal 0 0.781835 -0.623486
    outer loop
      vertex -2.5 -64.7279 12.8054
      vertex 2.5 -64.7279 12.8054
      vertex -2.5 -65.2679 12.1283
    endloop
  endfacet
  facet normal 0 0.781835 -0.623486
    outer loop
      vertex 2.5 -64.7279 12.8054
      vertex 2.5 -65.2679 12.1283
      vertex -2.5 -65.2679 12.1283
    endloop
  endfacet
  facet normal 0 0.808089 -0.589061
    outer loop
      vertex -2.5 -65.2679 12.1283
      vertex 2.5 -65.2679 12.1283
      vertex -2.5 -65.778 11.4285
    endloop
  endfacet
  facet normal 0 0.808089 -0.589061
    outer loop
      vertex 2.5 -65.2679 12.1283
      vertex 2.5 -65.778 11.4285
      vertex -2.5 -65.778 11.4285
    endloop
  endfacet
  facet normal 0 0.832834 -0.553523
    outer loop
      vertex -2.5 -65.778 11.4285
      vertex 2.5 -65.778 11.4285
      vertex -2.5 -66.2574 10.7072
    endloop
  endfacet
  facet normal 0 0.832834 -0.553523
    outer loop
      vertex 2.5 -65.778 11.4285
      vertex 2.5 -66.2574 10.7072
      vertex -2.5 -66.2574 10.7072
    endloop
  endfacet
  facet normal 0 0.856016 -0.51695
    outer loop
      vertex -2.5 -66.2574 10.7072
      vertex 2.5 -66.2574 10.7072
      vertex -2.5 -66.7051 9.96589
    endloop
  endfacet
  facet normal 0 0.856016 -0.51695
    outer loop
      vertex 2.5 -66.2574 10.7072
      vertex 2.5 -66.7051 9.96589
      vertex -2.5 -66.7051 9.96589
    endloop
  endfacet
  facet normal 0 0.877593 -0.479407
    outer loop
      vertex -2.5 -66.7051 9.96589
      vertex 2.5 -66.7051 9.96589
      vertex -2.5 -67.1203 9.20586
    endloop
  endfacet
  facet normal 0 0.877593 -0.479407
    outer loop
      vertex 2.5 -66.7051 9.96589
      vertex 2.5 -67.1203 9.20586
      vertex -2.5 -67.1203 9.20586
    endloop
  endfacet
  facet normal 0 0.897526 -0.440961
    outer loop
      vertex -2.5 -67.1203 9.20586
      vertex 2.5 -67.1203 9.20586
      vertex -2.5 -67.5021 8.42857
    endloop
  endfacet
  facet normal 0 0.897526 -0.440961
    outer loop
      vertex 2.5 -67.1203 9.20586
      vertex 2.5 -67.5021 8.42857
      vertex -2.5 -67.5021 8.42857
    endloop
  endfacet
  facet normal 0 0.915773 -0.401695
    outer loop
      vertex -2.5 -67.5021 8.42857
      vertex 2.5 -67.5021 8.42857
      vertex -2.5 -67.85 7.63548
    endloop
  endfacet
  facet normal 0 0.915773 -0.401695
    outer loop
      vertex 2.5 -67.5021 8.42857
      vertex 2.5 -67.85 7.63548
      vertex -2.5 -67.85 7.63548
    endloop
  endfacet
  facet normal 0 0.932305 -0.361674
    outer loop
      vertex -2.5 -67.85 7.63548
      vertex 2.5 -67.85 7.63548
      vertex -2.5 -68.1633 6.82807
    endloop
  endfacet
  facet normal 0 0.932305 -0.361674
    outer loop
      vertex 2.5 -67.85 7.63548
      vertex 2.5 -68.1633 6.82807
      vertex -2.5 -68.1633 6.82807
    endloop
  endfacet
  facet normal 0 0.947088 -0.320973
    outer loop
      vertex -2.5 -68.1633 6.82807
      vertex 2.5 -68.1633 6.82807
      vertex -2.5 -68.4412 6.00786
    endloop
  endfacet
  facet normal 0 0.947088 -0.320973
    outer loop
      vertex 2.5 -68.1633 6.82807
      vertex 2.5 -68.4412 6.00786
      vertex -2.5 -68.4412 6.00786
    endloop
  endfacet
  facet normal 0 0.960096 -0.279669
    outer loop
      vertex -2.5 -68.4412 6.00786
      vertex 2.5 -68.4412 6.00786
      vertex -2.5 -68.6834 5.17638
    endloop
  endfacet
  facet normal 0 0.960096 -0.279669
    outer loop
      vertex 2.5 -68.4412 6.00786
      vertex 2.5 -68.6834 5.17638
      vertex -2.5 -68.6834 5.17638
    endloop
  endfacet
  facet normal 1 0 0
    outer loop
      vertex 2.5 -25 5
      vertex 2.5 -29.5942 3.01977
      vertex 2.5 -5 5
    endloop
  endfacet
  facet normal 1 0 0
    outer loop
      vertex 2.5 -29.5942 3.01977
      vertex 2.5 -29.482 2.16103
      vertex 2.5 -5 5
    endloop
  endfacet
  facet normal 1 0 0
    outer loop
      vertex 2.5 -25 -5
      vertex 2.5 -5 -5
      vertex 2.5 -29.3696 0.433018
    endloop
  endfacet
  facet normal 1 0 0
    outer loop
      vertex 2.5 -5 -5
      vertex 2.5 -5 5
      vertex 2.5 -29.3696 0.433018
    endloop
  endfacet
  facet normal 1 0 0
    outer loop
      vertex 2.5 -29.3696 0.433018
      vertex 2.5 -5 5
      vertex 2.5 -29.4071 1.29824
    endloop
  endfacet
  facet normal 1 0 0
    outer loop
      vertex 2.5 -5 5
      vertex 2.5 -29.482 2.16103
      vertex 2.5 -29.4071 1.29824
    endloop
  endfacet
  facet normal 1 0 0
    outer loop
      vertex 2.5 -29.3696 0.433018
      vertex 2.5 -29.3696 -0.433018
      vertex 2.5 -25 -5
    endloop
  endfacet
  facet normal 1 0 0
    outer loop
      vertex 2.5 -29.3696 -0.433018
      vertex 2.5 -29.4071 -1.29824
      vertex 2.5 -25 -5
    endloop
  endfacet
  facet normal 1 0 0
    outer loop
      vertex 2.5 -25 -5
      vertex 2.5 -29.4071 -1.29824
      vertex 2.5 -29.482 -2.16103
    endloop
  endfacet
  facet normal 1 0 0
    outer loop
      vertex 2.5 -73.3901 6.43752
      vertex 2.5 -68.6834 5.17638
      vertex 2.5 -73.0898 7.46869
    endloop
  endfacet
  facet normal 1 0 0
    outer loop
      vertex 2.5 -68.6834 5.17638
      vertex 2.5 -68.4412 6.00786
      vertex 2.5 -73.0898 7.46869
    endloop
  endfacet
  facet normal 1 0 0
    outer loop
      vertex 2.5 -73.0898 7.46869
      vertex 2.5 -68.4412 6.00786
      vertex 2.5 -72.7452 8.48593
    endloop
  endfacet
  facet normal 1 0 0
    outer loop
      vertex 2.5 -68.4412 6.00786
      vertex 2.5 -68.1633 6.82807
      vertex 2.5 -72.7452 8.48593
    endloop
  endfacet
  facet normal 1 0 0
    outer loop
      vertex 2.5 -72.7452 8.48593
      vertex 2.5 -68.1633 6.82807
      vertex 2.5 -72.3571 9.48736
    endloop
  endfacet
  facet normal 1 0 0
    outer loop
      vertex 2.5 -68.1633 6.82807
      vertex 2.5 -67.85 7.63548
      vertex 2.5 -72.3571 9.48736
    endloop
  endfacet
  facet normal 1 0 0
    outer loop
      vertex 2.5 -72.3571 9.48736
      vertex 2.5 -67.85 7.63548
      vertex 2.5 -71.9261 10.4711
    endloop
  endfacet
  facet normal 1 0 0
    outer loop
      vertex 2.5 -67.85 7.63548
      vertex 2.5 -67.5021 8.42857
      vertex 2.5 -71.9261 10.4711
    endloop
  endfacet
  facet normal 1 0 0
    outer loop
      vertex 2.5 -71.9261 10.4711
      vertex 2.5 -67.5021 8.42857
      vertex 2.5 -71.453 11.4353
    endloop
  endfacet
  facet normal 1 0 0
    outer loop
      vertex 2.5 -67.5021 8.42857
      vertex 2.5 -67.1203 9.20586
      vertex 2.5 -71.453 11.4353
    endloop
  endfacet
  facet normal 1 0 0
    outer loop
      vertex 2.5 -71.453 11.4353
      vertex 2.5 -67.1203 9.20586
      vertex 2.5 -70.9387 12.3782
    endloop
  endfacet
  facet normal 1 0 0
    outer loop
      vertex 2.5 -67.1203 9.20586
      vertex 2.5 -66.7051 9.96589
      vertex 2.5 -70.9387 12.3782
    endloop
  endfacet
  facet normal 1 0 0
    outer loop
      vertex 2.5 -70.9387 12.3782
      vertex 2.5 -66.7051 9.96589
      vertex 2.5 -70.3842 13.298
    endloop
  endfacet
  facet normal 1 0 0
    outer loop
      vertex 2.5 -66.7051 9.96589
      vertex 2.5 -66.2574 10.7072
      vertex 2.5 -70.3842 13.298
    endloop
  endfacet
  facet normal 1 0 0
    outer loop
      vertex 2.5 -70.3842 13.298
      vertex 2.5 -66.2574 10.7072
      vertex 2.5 -69.7906 14.193
    endloop
  endfacet
  facet normal 1 0 0
    outer loop
      vertex 2.5 -66.2574 10.7072
      vertex 2.5 -65.778 11.4285
      vertex 2.5 -69.7906 14.193
    endloop
  endfacet
  facet normal 1 0 0
    outer loop
      vertex 2.5 -69.7906 14.193
      vertex 2.5 -65.778 11.4285
      vertex 2.5 -69.1588 15.0616
    endloop
  endfacet
  facet normal 1 0 0
    outer loop
      vertex 2.5 -65.778 11.4285
      vertex 2.5 -65.2679 12.1283
      vertex 2.5 -69.1588 15.0616
    endloop
  endfacet
  facet normal 1 0 0
    outer loop
      vertex 2.5 -69.1588 15.0616
      vertex 2.5 -65.2679 12.1283
      vertex 2.5 -68.4902 15.902
    endloop
  endfacet
  facet normal 1 0 0
    outer loop
      vertex 2.5 -65.2679 12.1283
      vertex 2.5 -64.7279 12.8054
      vertex 2.5 -68.4902 15.902
    endloop
  endfacet
  facet normal 1 0 0
    outer loop
      vertex 2.5 -68.4902 15.902
      vertex 2.5 -64.7279 12.8054
      vertex 2.5 -67.7858 16.7128
    endloop
  endfacet
  facet normal 1 0 0
    outer loop
      vertex 2.5 -64.7279 12.8054
      vertex 2.5 -64.1591 13.4585
      vertex 2.5 -67.7858 16.7128
    endloop
  endfacet
  facet normal 1 0 0
    outer loop
      vertex 2.5 -67.7858 16.7128
      vertex 2.5 -64.1591 13.4585
      vertex 2.5 -67.0472 17.4925
    endloop
  endfacet
  facet normal 1 0 0
    outer loop
      vertex 2.5 -64.1591 13.4585
      vertex 2.5 -63.5626 14.0864
      vertex 2.5 -67.0472 17.4925
    endloop
  endfacet
  facet normal 1 0 0
    outer loop
      vertex 2.5 -67.0472 17.4925
      vertex 2.5 -63.5626 14.0864
      vertex 2.5 -66.2755 18.2395
    endloop
  endfacet
  facet normal 1 0 0
    outer loop
      vertex 2.5 -63.5626 14.0864
      vertex 2.5 -62.9395 14.6878
      vertex 2.5 -66.2755 18.2395
    endloop
  endfacet
  facet normal 1 0 0
    outer loop
      vertex 2.5 -66.2755 18.2395
      vertex 2.5 -62.9395 14.6878
      vertex 2.5 -65.4723 18.9526
    endloop
  endfacet
  facet normal 1 0 0
    outer loop
      vertex 2.5 -62.9395 14.6878
      vertex 2.5 -62.2909 15.2617
      vertex 2.5 -65.4723 18.9526
    endloop
  endfacet
  facet normal 1 0 0
    outer loop
      vertex 2.5 -65.4723 18.9526
      vertex 2.5 -62.2909 15.2617
      vertex 2.5 -64.6391 19.6303
    endloop
  endfacet
  facet normal 1 0 0
    outer loop
      vertex 2.5 -62.2909 15.2617
      vertex 2.5 -61.6181 15.807
      vertex 2.5 -64.6391 19.6303
    endloop
  endfacet
  facet normal 1 0 0
    outer loop
      vertex 2.5 -64.6391 19.6303
      vertex 2.5 -61.6181 15.807
      vertex 2.5 -63.7775 20.2714
    endloop
  endfacet
  facet normal 1 0 0
    outer loop
      vertex 2.5 -61.6181 15.807
      vertex 2.5 -60.9223 16.3226
      vertex 2.5 -63.7775 20.2714
    endloop
  endfacet
  facet normal 1 0 0
    outer loop
      vertex 2.5 -63.7775 20.2714
      vertex 2.5 -60.9223 16.3226
      vertex 2.5 -62.8889 20.8747
    endloop
  endfacet
  facet normal 1 0 0
    outer loop
      vertex 2.5 -60.9223 16.3226
      vertex 2.5 -60.2048 16.8076
      vertex 2.5 -62.8889 20.8747
    endloop
  endfacet
  facet normal 1 0 0
    outer loop
      vertex 2.5 -62.8889 20.8747
      vertex 2.5 -60.2048 16.8076
      vertex 2.5 -61.9751 21.439
    endloop
  endfacet
  facet normal 1 0 0
    outer loop
      vertex 2.5 -60.2048 16.8076
      vertex 2.5 -59.467 17.2612
      vertex 2.5 -61.9751 21.439
    endloop
  endfacet
  facet normal 1 0 0
    outer loop
      vertex 2.5 -61.9751 21.439
      vertex 2.5 -59.467 17.2612
      vertex 2.5 -61.0378 21.9634
    endloop
  endfacet
  facet normal 1 0 0
    outer loop
      vertex 2.5 -59.467 17.2612
      vertex 2.5 -58.7103 17.6823
      vertex 2.5 -61.0378 21.9634
    endloop
  endfacet
  facet normal 1 0 0
    outer loop
      vertex 2.5 -61.0378 21.9634
      vertex 2.5 -58.7103 17.6823
      vertex 2.5 -60.0788 22.4469
    endloop
  endfacet
  facet normal 1 0 0
    outer loop
      vertex 2.5 -58.7103 17.6823
      vertex 2.5 -57.936 18.0703
      vertex 2.5 -60.0788 22.4469
    endloop
  endfacet
  facet normal 1 0 0
    outer loop
      vertex 2.5 -60.0788 22.4469
      vertex 2.5 -57.936 18.0703
      vertex 2.5 -59.0998 22.8885
    endloop
  endfacet
  facet normal 1 0 0
    outer loop
      vertex 2.5 -57.936 18.0703
      vertex 2.5 -57.1457 18.4244
      vertex 2.5 -59.0998 22.8885
    endloop
  endfacet
  facet normal 1 0 0
    outer loop
      vertex 2.5 -59.0998 22.8885
      vertex 2.5 -57.1457 18.4244
      vertex 2.5 -58.1026 23.2874
    endloop
  endfacet
  facet normal 1 0 0
    outer loop
      vertex 2.5 -57.1457 18.4244
      vertex 2.5 -56.3408 18.744
      vertex 2.5 -58.1026 23.2874
    endloop
  endfacet
  facet normal 1 0 0
    outer loop
      vertex 2.5 -58.1026 23.2874
      vertex 2.5 -56.3408 18.744
      vertex 2.5 -57.0891 23.6429
    endloop
  endfacet
  facet normal 1 0 0
    outer loop
      vertex 2.5 -56.3408 18.744
      vertex 2.5 -55.5228 19.0284
      vertex 2.5 -57.0891 23.6429
    endloop
  endfacet
  facet normal 1 0 0
    outer loop
      vertex 2.5 -57.0891 23.6429
      vertex 2.5 -55.5228 19.0284
      vertex 2.5 -56.0612 23.9543
    endloop
  endfacet
  facet normal 1 0 0
    outer loop
      vertex 2.5 -55.5228 19.0284
      vertex 2.5 -54.6932 19.2772
      vertex 2.5 -56.0612 23.9543
    endloop
  endfacet
  facet normal 1 0 0
    outer loop
      vertex 2.5 -56.0612 23.9543
      vertex 2.5 -54.6932 19.2772
      vertex 2.5 -55.0209 24.221
    endloop
  endfacet
  facet normal 1 0 0
    outer loop
      vertex 2.5 -54.6932 19.2772
      vertex 2.5 -53.8537 19.4898
      vertex 2.5 -55.0209 24.221
    endloop
  endfacet
  facet normal 1 0 0
    outer loop
      vertex 2.5 -55.0209 24.221
      vertex 2.5 -53.8537 19.4898
      vertex 2.5 -53.97 24.4426
    endloop
  endfacet
  facet normal 1 0 0
    outer loop
      vertex 2.5 -53.8537 19.4898
      vertex 2.5 -53.0058 19.6658
      vertex 2.5 -53.97 24.4426
    endloop
  endfacet
  facet normal 1 0 0
    outer loop
      vertex 2.5 -53.97 24.4426
      vertex 2.5 -53.0058 19.6658
      vertex 2.5 -52.9105 24.6187
    endloop
  endfacet
  facet normal 1 0 0
    outer loop
      vertex 2.5 -53.0058 19.6658
      vertex 2.5 -52.151 19.805
      vertex 2.5 -52.9105 24.6187
    endloop
  endfacet
  facet normal 1 0 0
    outer loop
      vertex 2.5 -52.9105 24.6187
      vertex 2.5 -52.151 19.805
      vertex 2.5 -51.8444 24.7488
    endloop
  endfacet
  facet normal 1 0 0
    outer loop
      vertex 2.5 -52.151 19.805
      vertex 2.5 -51.291 19.907
      vertex 2.5 -51.8444 24.7488
    endloop
  endfacet
  facet normal 1 0 0
    outer loop
      vertex 2.5 -51.8444 24.7488
      vertex 2.5 -51.291 19.907
      vertex 2.5 -50.7737 24.8327
    endloop
  endfacet
  facet normal 1 0 0
    outer loop
      vertex 2.5 -51.291 19.907
      vertex 2.5 -50.4274 19.9718
      vertex 2.5 -50.7737 24.8327
    endloop
  endfacet
  facet normal 1 0 0
    outer loop
      vertex 2.5 -50.7737 24.8327
      vertex 2.5 -50.4274 19.9718
      vertex 2.5 -49.7003 24.8704
    endloop
  endfacet
  facet normal 1 0 0
    outer loop
      vertex 2.5 -50.4274 19.9718
      vertex 2.5 -49.5618 19.999
      vertex 2.5 -49.7003 24.8704
    endloop
  endfacet
  facet normal 1 0 0
    outer loop
      vertex 2.5 -49.7003 24.8704
      vertex 2.5 -49.5618 19.999
      vertex 2.5 -48.6264 24.8617
    endloop
  endfacet
  facet normal 1 0 0
    outer loop
      vertex 2.5 -49.5618 19.999
      vertex 2.5 -48.6958 19.9888
      vertex 2.5 -48.6264 24.8617
    endloop
  endfacet
  facet normal 1 0 0
    outer loop
      vertex 2.5 -48.6264 24.8617
      vertex 2.5 -48.6958 19.9888
      vertex 2.5 -47.5538 24.8066
    endloop
  endfacet
  facet normal 1 0 0
    outer loop
      vertex 2.5 -48.6958 19.9888
      vertex 2.5 -47.8311 19.9411
      vertex 2.5 -47.5538 24.8066
    endloop
  endfacet
  facet normal 1 0 0
    outer loop
      vertex 2.5 -47.5538 24.8066
      vertex 2.5 -47.8311 19.9411
      vertex 2.5 -46.4845 24.7053
    endloop
  endfacet
  facet normal 1 0 0
    outer loop
      vertex 2.5 -47.8311 19.9411
      vertex 2.5 -46.9692 19.856
      vertex 2.5 -46.4845 24.7053
    endloop
  endfacet
  facet normal 1 0 0
    outer loop
      vertex 2.5 -46.4845 24.7053
      vertex 2.5 -46.9692 19.856
      vertex 2.5 -45.4207 24.5579
    endloop
  endfacet
  facet normal 1 0 0
    outer loop
      vertex 2.5 -46.9692 19.856
      vertex 2.5 -46.1119 19.7337
      vertex 2.5 -45.4207 24.5579
    endloop
  endfacet
  facet normal 1 0 0
    outer loop
      vertex 2.5 -45.4207 24.5579
      vertex 2.5 -46.1119 19.7337
      vertex 2.5 -44.3642 24.3648
    endloop
  endfacet
  facet normal 1 0 0
    outer loop
      vertex 2.5 -46.1119 19.7337
      vertex 2.5 -45.2606 19.5743
      vertex 2.5 -44.3642 24.3648
    endloop
  endfacet
  facet normal 1 0 0
    outer loop
      vertex 2.5 -44.3642 24.3648
      vertex 2.5 -45.2606 19.5743
      vertex 2.5 -43.317 24.1262
    endloop
  endfacet
  facet normal 1 0 0
    outer loop
      vertex 2.5 -45.2606 19.5743
      vertex 2.5 -44.4171 19.3783
      vertex 2.5 -43.317 24.1262
    endloop
  endfacet
  facet normal 1 0 0
    outer loop
      vertex 2.5 -43.317 24.1262
      vertex 2.5 -44.4171 19.3783
      vertex 2.5 -42.2811 23.8426
    endloop
  endfacet
  facet normal 1 0 0
    outer loop
      vertex 2.5 -44.4171 19.3783
      vertex 2.5 -43.5828 19.1459
      vertex 2.5 -42.2811 23.8426
    endloop
  endfacet
  facet normal 1 0 0
    outer loop
      vertex 2.5 -42.2811 23.8426
      vertex 2.5 -43.5828 19.1459
      vertex 2.5 -41.2584 23.5146
    endloop
  endfacet
  facet normal 1 0 0
    outer loop
      vertex 2.5 -43.5828 19.1459
      vertex 2.5 -42.7593 18.8777
      vertex 2.5 -41.2584 23.5146
    endloop
  endfacet
  facet normal 1 0 0
    outer loop
      vertex 2.5 -41.2584 23.5146
      vertex 2.5 -42.7593 18.8777
      vertex 2.5 -40.2509 23.1427
    endloop
  endfacet
  facet normal 1 0 0
    outer loop
      vertex 2.5 -42.7593 18.8777
      vertex 2.5 -41.9483 18.574
      vertex 2.5 -40.2509 23.1427
    endloop
  endfacet
  facet normal 1 0 0
    outer loop
      vertex 2.5 -40.2509 23.1427
      vertex 2.5 -41.9483 18.574
      vertex 2.5 -39.2603 22.7276
    endloop
  endfacet
  facet normal 1 0 0
    outer loop
      vertex 2.5 -41.9483 18.574
      vertex 2.5 -41.1511 18.2355
      vertex 2.5 -39.2603 22.7276
    endloop
  endfacet
  facet normal 1 0 0
    outer loop
      vertex 2.5 -39.2603 22.7276
      vertex 2.5 -41.1511 18.2355
      vertex 2.5 -38.2885 22.2702
    endloop
  endfacet
  facet normal 1 0 0
    outer loop
      vertex 2.5 -41.1511 18.2355
      vertex 2.5 -40.3694 17.8628
      vertex 2.5 -38.2885 22.2702
    endloop
  endfacet
  facet normal 1 0 0
    outer loop
      vertex 2.5 -38.2885 22.2702
      vertex 2.5 -40.3694 17.8628
      vertex 2.5 -37.3375 21.7713
    endloop
  endfacet
  facet normal 1 0 0
    outer loop
      vertex 2.5 -40.3694 17.8628
      vertex 2.5 -39.6045 17.4566
      vertex 2.5 -37.3375 21.7713
    endloop
  endfacet
  facet normal 1 0 0
    outer loop
      vertex 2.5 -37.3375 21.7713
      vertex 2.5 -39.6045 17.4566
      vertex 2.5 -36.4088 21.2318
    endloop
  endfacet
  facet normal 1 0 0
    outer loop
      vertex 2.5 -39.6045 17.4566
      vertex 2.5 -38.8579 17.0177
      vertex 2.5 -36.4088 21.2318
    endloop
  endfacet
  facet normal 1 0 0
    outer loop
      vertex 2.5 -36.4088 21.2318
      vertex 2.5 -38.8579 17.0177
      vertex 2.5 -35.5043 20.6527
    endloop
  endfacet
  facet normal 1 0 0
    outer loop
      vertex 2.5 -38.8579 17.0177
      vertex 2.5 -38.1311 16.5469
      vertex 2.5 -35.5043 20.6527
    endloop
  endfacet
  facet normal 1 0 0
    outer loop
      vertex 2.5 -35.5043 20.6527
      vertex 2.5 -38.1311 16.5469
      vertex 2.5 -34.6256 20.035
    endloop
  endfacet
  facet normal 1 0 0
    outer loop
      vertex 2.5 -38.1311 16.5469
      vertex 2.5 -37.4253 16.0451
      vertex 2.5 -34.6256 20.035
    endloop
  endfacet
  facet normal 1 0 0
    outer loop
      vertex 2.5 -34.6256 20.035
      vertex 2.5 -37.4253 16.0451
      vertex 2.5 -33.7745 19.3801
    endloop
  endfacet
  facet normal 1 0 0
    outer loop
      vertex 2.5 -37.4253 16.0451
      vertex 2.5 -36.7418 15.5131
      vertex 2.5 -33.7745 19.3801
    endloop
  endfacet
  facet normal 1 0 0
    outer loop
      vertex 2.5 -33.7745 19.3801
      vertex 2.5 -36.7418 15.5131
      vertex 2.5 -32.9523 18.6889
    endloop
  endfacet
  facet normal 1 0 0
    outer loop
      vertex 2.5 -36.7418 15.5131
      vertex 2.5 -36.0821 14.9521
      vertex 2.5 -32.9523 18.6889
    endloop
  endfacet
  facet normal 1 0 0
    outer loop
      vertex 2.5 -32.9523 18.6889
      vertex 2.5 -36.0821 14.9521
      vertex 2.5 -32.1608 17.963
    endloop
  endfacet
  facet normal 1 0 0
    outer loop
      vertex 2.5 -36.0821 14.9521
      vertex 2.5 -35.4472 14.3631
      vertex 2.5 -32.1608 17.963
    endloop
  endfacet
  facet normal 1 0 0
    outer loop
      vertex 2.5 -32.1608 17.963
      vertex 2.5 -35.4472 14.3631
      vertex 2.5 -31.4014 17.2035
    endloop
  endfacet
  facet normal 1 0 0
    outer loop
      vertex 2.5 -35.4472 14.3631
      vertex 2.5 -34.8385 13.7471
      vertex 2.5 -31.4014 17.2035
    endloop
  endfacet
  facet normal 1 0 0
    outer loop
      vertex 2.5 -31.4014 17.2035
      vertex 2.5 -34.8385 13.7471
      vertex 2.5 -30.6755 16.412
    endloop
  endfacet
  facet normal 1 0 0
    outer loop
      vertex 2.5 -34.8385 13.7471
      vertex 2.5 -34.257 13.1053
      vertex 2.5 -30.6755 16.412
    endloop
  endfacet
  facet normal 1 0 0
    outer loop
      vertex 2.5 -30.6755 16.412
      vertex 2.5 -34.257 13.1053
      vertex 2.5 -29.9844 15.5899
    endloop
  endfacet
  facet normal 1 0 0
    outer loop
      vertex 2.5 -34.257 13.1053
      vertex 2.5 -33.7038 12.439
      vertex 2.5 -29.9844 15.5899
    endloop
  endfacet
  facet normal 1 0 0
    outer loop
      vertex 2.5 -29.9844 15.5899
      vertex 2.5 -33.7038 12.439
      vertex 2.5 -29.3294 14.7387
    endloop
  endfacet
  facet normal 1 0 0
    outer loop
      vertex 2.5 -33.7038 12.439
      vertex 2.5 -33.1799 11.7493
      vertex 2.5 -29.3294 14.7387
    endloop
  endfacet
  facet normal 1 0 0
    outer loop
      vertex 2.5 -29.3294 14.7387
      vertex 2.5 -33.1799 11.7493
      vertex 2.5 -28.7118 13.86
    endloop
  endfacet
  facet normal 1 0 0
    outer loop
      vertex 2.5 -33.1799 11.7493
      vertex 2.5 -32.6865 11.0376
      vertex 2.5 -28.7118 13.86
    endloop
  endfacet
  facet normal 1 0 0
    outer loop
      vertex 2.5 -28.7118 13.86
      vertex 2.5 -32.6865 11.0376
      vertex 2.5 -28.1328 12.9555
    endloop
  endfacet
  facet normal 1 0 0
    outer loop
      vertex 2.5 -32.6865 11.0376
      vertex 2.5 -32.2243 10.3053
      vertex 2.5 -28.1328 12.9555
    endloop
  endfacet
  facet normal 1 0 0
    outer loop
      vertex 2.5 -28.1328 12.9555
      vertex 2.5 -32.2243 10.3053
      vertex 2.5 -27.5933 12.0268
    endloop
  endfacet
  facet normal 1 0 0
    outer loop
      vertex 2.5 -32.2243 10.3053
      vertex 2.5 -31.7942 9.55355
      vertex 2.5 -27.5933 12.0268
    endloop
  endfacet
  facet normal 1 0 0
    outer loop
      vertex 2.5 -27.5933 12.0268
      vertex 2.5 -31.7942 9.55355
      vertex 2.5 -27.0944 11.0757
    endloop
  endfacet
  facet normal 1 0 0
    outer loop
      vertex 2.5 -31.7942 9.55355
      vertex 2.5 -31.3971 8.78393
      vertex 2.5 -27.0944 11.0757
    endloop
  endfacet
  facet normal 1 0 0
    outer loop
      vertex 2.5 -27.0944 11.0757
      vertex 2.5 -31.3971 8.78393
      vertex 2.5 -26.637 10.104
    endloop
  endfacet
  facet normal 1 0 0
    outer loop
      vertex 2.5 -31.3971 8.78393
      vertex 2.5 -31.0337 7.99784
      vertex 2.5 -26.637 10.104
    endloop
  endfacet
  facet normal 1 0 0
    outer loop
      vertex 2.5 -26.637 10.104
      vertex 2.5 -31.0337 7.99784
      vertex 2.5 -26.222 9.11336
    endloop
  endfacet
  facet normal 1 0 0
    outer loop
      vertex 2.5 -31.0337 7.99784
      vertex 2.5 -30.7046 7.19675
      vertex 2.5 -26.222 9.11336
    endloop
  endfacet
  facet normal 1 0 0
    outer loop
      vertex 2.5 -26.222 9.11336
      vertex 2.5 -30.7046 7.19675
      vertex 2.5 -25.8501 8.10578
    endloop
  endfacet
  facet normal 1 0 0
    outer loop
      vertex 2.5 -30.7046 7.19675
      vertex 2.5 -30.4106 6.38217
      vertex 2.5 -25.8501 8.10578
    endloop
  endfacet
  facet normal 1 0 0
    outer loop
      vertex 2.5 -25.8501 8.10578
      vertex 2.5 -30.4106 6.38217
      vertex 2.5 -25.5221 7.08308
    endloop
  endfacet
  facet normal 1 0 0
    outer loop
      vertex 2.5 -30.4106 6.38217
      vertex 2.5 -30.152 5.55562
      vertex 2.5 -25.5221 7.08308
    endloop
  endfacet
  facet normal 1 0 0
    outer loop
      vertex 2.5 -25.5221 7.08308
      vertex 2.5 -30.152 5.55562
      vertex 2.5 -25.2386 6.04718
    endloop
  endfacet
  facet normal 1 0 0
    outer loop
      vertex 2.5 -30.152 5.55562
      vertex 2.5 -29.9295 4.71866
      vertex 2.5 -25.2386 6.04718
    endloop
  endfacet
  facet normal 1 0 0
    outer loop
      vertex 2.5 -25.2386 6.04718
      vertex 2.5 -29.9295 4.71866
      vertex 2.5 -25 5
    endloop
  endfacet
  facet normal 1 0 0
    outer loop
      vertex 2.5 -29.9295 4.71866
      vertex 2.5 -29.7435 3.87284
      vertex 2.5 -25 5
    endloop
  endfacet
  facet normal 1 0 0
    outer loop
      vertex 2.5 -25 5
      vertex 2.5 -29.7435 3.87284
      vertex 2.5 -29.5942 3.01977
    endloop
  endfacet
  facet normal 1 0 0
    outer loop
      vertex 2.5 -68.6834 -5.17638
      vertex 2.5 -73.3901 -6.43752
      vertex 2.5 -68.4412 -6.00786
    endloop
  endfacet
  facet normal 1 0 0
    outer loop
      vertex 2.5 -73.3901 -6.43752
      vertex 2.5 -73.0898 -7.46869
      vertex 2.5 -68.4412 -6.00786
    endloop
  endfacet
  facet normal 1 0 0
    outer loop
      vertex 2.5 -68.4412 -6.00786
      vertex 2.5 -73.0898 -7.46869
      vertex 2.5 -68.1633 -6.82807
    endloop
  endfacet
  facet normal 1 0 0
    outer loop
      vertex 2.5 -73.0898 -7.46869
      vertex 2.5 -72.7452 -8.48593
      vertex 2.5 -68.1633 -6.82807
    endloop
  endfacet
  facet normal 1 0 0
    outer loop
      vertex 2.5 -68.1633 -6.82807
      vertex 2.5 -72.7452 -8.48593
      vertex 2.5 -67.85 -7.63548
    endloop
  endfacet
  facet normal 1 0 0
    outer loop
      vertex 2.5 -72.7452 -8.48593
      vertex 2.5 -72.3571 -9.48736
      vertex 2.5 -67.85 -7.63548
    endloop
  endfacet
  facet normal 1 0 0
    outer loop
      vertex 2.5 -67.85 -7.63548
      vertex 2.5 -72.3571 -9.48736
      vertex 2.5 -67.5021 -8.42857
    endloop
  endfacet
  facet normal 1 0 0
    outer loop
      vertex 2.5 -72.3571 -9.48736
      vertex 2.5 -71.9261 -10.4711
      vertex 2.5 -67.5021 -8.42857
    endloop
  endfacet
  facet normal 1 0 0
    outer loop
      vertex 2.5 -67.5021 -8.42857
      vertex 2.5 -71.9261 -10.4711
      vertex 2.5 -67.1203 -9.20586
    endloop
  endfacet
  facet normal 1 0 0
    outer loop
      vertex 2.5 -71.9261 -10.4711
      vertex 2.5 -71.453 -11.4353
      vertex 2.5 -67.1203 -9.20586
    endloop
  endfacet
  facet normal 1 0 0
    outer loop
      vertex 2.5 -67.1203 -9.20586
      vertex 2.5 -71.453 -11.4353
      vertex 2.5 -66.7051 -9.96589
    endloop
  endfacet
  facet normal 1 0 0
    outer loop
      vertex 2.5 -71.453 -11.4353
      vertex 2.5 -70.9387 -12.3782
      vertex 2.5 -66.7051 -9.96589
    endloop
  endfacet
  facet normal 1 0 0
    outer loop
      vertex 2.5 -66.7051 -9.96589
      vertex 2.5 -70.9387 -12.3782
      vertex 2.5 -66.2574 -10.7072
    endloop
  endfacet
  facet normal 1 0 0
    outer loop
      vertex 2.5 -70.9387 -12.3782
      vertex 2.5 -70.3842 -13.298
      vertex 2.5 -66.2574 -10.7072
    endloop
  endfacet
  facet normal 1 0 0
    outer loop
      vertex 2.5 -66.2574 -10.7072
      vertex 2.5 -70.3842 -13.298
      vertex 2.5 -65.778 -11.4285
    endloop
  endfacet
  facet normal 1 0 0
    outer loop
      vertex 2.5 -70.3842 -13.298
      vertex 2.5 -69.7906 -14.193
      vertex 2.5 -65.778 -11.4285
    endloop
  endfacet
  facet normal 1 0 0
    outer loop
      vertex 2.5 -65.778 -11.4285
      vertex 2.5 -69.7906 -14.193
      vertex 2.5 -65.2679 -12.1283
    endloop
  endfacet
  facet normal 1 0 0
    outer loop
      vertex 2.5 -69.7906 -14.193
      vertex 2.5 -69.1588 -15.0616
      vertex 2.5 -65.2679 -12.1283
    endloop
  endfacet
  facet normal 1 0 0
    outer loop
      vertex 2.5 -65.2679 -12.1283
      vertex 2.5 -69.1588 -15.0616
      vertex 2.5 -64.7279 -12.8054
    endloop
  endfacet
  facet normal 1 0 0
    outer loop
      vertex 2.5 -69.1588 -15.0616
      vertex 2.5 -68.4902 -15.902
      vertex 2.5 -64.7279 -12.8054
    endloop
  endfacet
  facet normal 1 0 0
    outer loop
      vertex 2.5 -64.7279 -12.8054
      vertex 2.5 -68.4902 -15.902
      vertex 2.5 -64.1591 -13.4585
    endloop
  endfacet
  facet normal 1 0 0
    outer loop
      vertex 2.5 -68.4902 -15.902
      vertex 2.5 -67.7858 -16.7128
      vertex 2.5 -64.1591 -13.4585
    endloop
  endfacet
  facet normal 1 0 0
    outer loop
      vertex 2.5 -64.1591 -13.4585
      vertex 2.5 -67.7858 -16.7128
      vertex 2.5 -63.5626 -14.0864
    endloop
  endfacet
  facet normal 1 0 0
    outer loop
      vertex 2.5 -67.7858 -16.7128
      vertex 2.5 -67.0472 -17.4925
      vertex 2.5 -63.5626 -14.0864
    endloop
  endfacet
  facet normal 1 0 0
    outer loop
      vertex 2.5 -63.5626 -14.0864
      vertex 2.5 -67.0472 -17.4925
      vertex 2.5 -62.9395 -14.6878
    endloop
  endfacet
  facet normal 1 0 0
    outer loop
      vertex 2.5 -67.0472 -17.4925
      vertex 2.5 -66.2755 -18.2395
      vertex 2.5 -62.9395 -14.6878
    endloop
  endfacet
  facet normal 1 0 0
    outer loop
      vertex 2.5 -62.9395 -14.6878
      vertex 2.5 -66.2755 -18.2395
      vertex 2.5 -62.2909 -15.2617
    endloop
  endfacet
  facet normal 1 0 0
    outer loop
      vertex 2.5 -66.2755 -18.2395
      vertex 2.5 -65.4723 -18.9526
      vertex 2.5 -62.2909 -15.2617
    endloop
  endfacet
  facet normal 1 0 0
    outer loop
      vertex 2.5 -62.2909 -15.2617
      vertex 2.5 -65.4723 -18.9526
      vertex 2.5 -61.6181 -15.807
    endloop
  endfacet
  facet normal 1 0 0
    outer loop
      vertex 2.5 -65.4723 -18.9526
      vertex 2.5 -64.6391 -19.6303
      vertex 2.5 -61.6181 -15.807
    endloop
  endfacet
  facet normal 1 0 0
    outer loop
      vertex 2.5 -61.6181 -15.807
      vertex 2.5 -64.6391 -19.6303
      vertex 2.5 -60.9223 -16.3226
    endloop
  endfacet
  facet normal 1 0 0
    outer loop
      vertex 2.5 -64.6391 -19.6303
      vertex 2.5 -63.7775 -20.2714
      vertex 2.5 -60.9223 -16.3226
    endloop
  endfacet
  facet normal 1 0 0
    outer loop
      vertex 2.5 -60.9223 -16.3226
      vertex 2.5 -63.7775 -20.2714
      vertex 2.5 -60.2048 -16.8076
    endloop
  endfacet
  facet normal 1 0 0
    outer loop
      vertex 2.5 -63.7775 -20.2714
      vertex 2.5 -62.8889 -20.8747
      vertex 2.5 -60.2048 -16.8076
    endloop
  endfacet
  facet normal 1 0 0
    outer loop
      vertex 2.5 -60.2048 -16.8076
      vertex 2.5 -62.8889 -20.8747
      vertex 2.5 -59.467 -17.2612
    endloop
  endfacet
  facet normal 1 0 0
    outer loop
      vertex 2.5 -62.8889 -20.8747
      vertex 2.5 -61.9751 -21.439
      vertex 2.5 -59.467 -17.2612
    endloop
  endfacet
  facet normal 1 0 0
    outer loop
      vertex 2.5 -59.467 -17.2612
      vertex 2.5 -61.9751 -21.439
      vertex 2.5 -58.7103 -17.6823
    endloop
  endfacet
  facet normal 1 0 0
    outer loop
      vertex 2.5 -61.9751 -21.439
      vertex 2.5 -61.0378 -21.9634
      vertex 2.5 -58.7103 -17.6823
    endloop
  endfacet
  facet normal 1 0 0
    outer loop
      vertex 2.5 -58.7103 -17.6823
      vertex 2.5 -61.0378 -21.9634
      vertex 2.5 -57.936 -18.0703
    endloop
  endfacet
  facet normal 1 0 0
    outer loop
      vertex 2.5 -61.0378 -21.9634
      vertex 2.5 -60.0788 -22.4469
      vertex 2.5 -57.936 -18.0703
    endloop
  endfacet
  facet normal 1 0 0
    outer loop
      vertex 2.5 -57.936 -18.0703
      vertex 2.5 -60.0788 -22.4469
      vertex 2.5 -57.1457 -18.4244
    endloop
  endfacet
  facet normal 1 0 0
    outer loop
      vertex 2.5 -60.0788 -22.4469
      vertex 2.5 -59.0998 -22.8885
      vertex 2.5 -57.1457 -18.4244
    endloop
  endfacet
  facet normal 1 0 0
    outer loop
      vertex 2.5 -57.1457 -18.4244
      vertex 2.5 -59.0998 -22.8885
      vertex 2.5 -56.3408 -18.744
    endloop
  endfacet
  facet normal 1 0 0
    outer loop
      vertex 2.5 -59.0998 -22.8885
      vertex 2.5 -58.1026 -23.2874
      vertex 2.5 -56.3408 -18.744
    endloop
  endfacet
  facet normal 1 0 0
    outer loop
      vertex 2.5 -56.3408 -18.744
      vertex 2.5 -58.1026 -23.2874
      vertex 2.5 -55.5228 -19.0284
    endloop
  endfacet
  facet normal 1 0 0
    outer loop
      vertex 2.5 -58.1026 -23.2874
      vertex 2.5 -57.0891 -23.6429
      vertex 2.5 -55.5228 -19.0284
    endloop
  endfacet
  facet normal 1 0 0
    outer loop
      vertex 2.5 -55.5228 -19.0284
      vertex 2.5 -57.0891 -23.6429
      vertex 2.5 -54.6932 -19.2772
    endloop
  endfacet
  facet normal 1 0 0
    outer loop
      vertex 2.5 -57.0891 -23.6429
      vertex 2.5 -56.0612 -23.9543
      vertex 2.5 -54.6932 -19.2772
    endloop
  endfacet
  facet normal 1 0 0
    outer loop
      vertex 2.5 -54.6932 -19.2772
      vertex 2.5 -56.0612 -23.9543
      vertex 2.5 -53.8537 -19.4898
    endloop
  endfacet
  facet normal 1 0 0
    outer loop
      vertex 2.5 -56.0612 -23.9543
      vertex 2.5 -55.0209 -24.221
      vertex 2.5 -53.8537 -19.4898
    endloop
  endfacet
  facet normal 1 0 0
    outer loop
      vertex 2.5 -53.8537 -19.4898
      vertex 2.5 -55.0209 -24.221
      vertex 2.5 -53.0058 -19.6658
    endloop
  endfacet
  facet normal 1 0 0
    outer loop
      vertex 2.5 -55.0209 -24.221
      vertex 2.5 -53.97 -24.4426
      vertex 2.5 -53.0058 -19.6658
    endloop
  endfacet
  facet normal 1 0 0
    outer loop
      vertex 2.5 -53.0058 -19.6658
      vertex 2.5 -53.97 -24.4426
      vertex 2.5 -52.151 -19.805
    endloop
  endfacet
  facet normal 1 0 0
    outer loop
      vertex 2.5 -53.97 -24.4426
      vertex 2.5 -52.9105 -24.6187
      vertex 2.5 -52.151 -19.805
    endloop
  endfacet
  facet normal 1 0 0
    outer loop
      vertex 2.5 -52.151 -19.805
      vertex 2.5 -52.9105 -24.6187
      vertex 2.5 -51.291 -19.907
    endloop
  endfacet
  facet normal 1 0 0
    outer loop
      vertex 2.5 -52.9105 -24.6187
      vertex 2.5 -51.8444 -24.7488
      vertex 2.5 -51.291 -19.907
    endloop
  endfacet
  facet normal 1 0 0
    outer loop
      vertex 2.5 -51.291 -19.907
      vertex 2.5 -51.8444 -24.7488
      vertex 2.5 -50.4274 -19.9718
    endloop
  endfacet
  facet normal 1 0 0
    outer loop
      vertex 2.5 -51.8444 -24.7488
      vertex 2.5 -50.7737 -24.8327
      vertex 2.5 -50.4274 -19.9718
    endloop
  endfacet
  facet normal 1 0 0
    outer loop
      vertex 2.5 -50.4274 -19.9718
      vertex 2.5 -50.7737 -24.8327
      vertex 2.5 -49.5618 -19.999
    endloop
  endfacet
  facet normal 1 0 0
    outer loop
      vertex 2.5 -50.7737 -24.8327
      vertex 2.5 -49.7003 -24.8704
      vertex 2.5 -49.5618 -19.999
    endloop
  endfacet
  facet normal 1 0 0
    outer loop
      vertex 2.5 -49.5618 -19.999
      vertex 2.5 -49.7003 -24.8704
      vertex 2.5 -48.6958 -19.9888
    endloop
  endfacet
  facet normal 1 0 0
    outer loop
      vertex 2.5 -49.7003 -24.8704
      vertex 2.5 -48.6264 -24.8617
      vertex 2.5 -48.6958 -19.9888
    endloop
  endfacet
  facet normal 1 0 0
    outer loop
      vertex 2.5 -48.6958 -19.9888
      vertex 2.5 -48.6264 -24.8617
      vertex 2.5 -47.8311 -19.9411
    endloop
  endfacet
  facet normal 1 0 0
    outer loop
      vertex 2.5 -48.6264 -24.8617
      vertex 2.5 -47.5538 -24.8066
      vertex 2.5 -47.8311 -19.9411
    endloop
  endfacet
  facet normal 1 0 0
    outer loop
      vertex 2.5 -47.8311 -19.9411
      vertex 2.5 -47.5538 -24.8066
      vertex 2.5 -46.9692 -19.856
    endloop
  endfacet
  facet normal 1 0 0
    outer loop
      vertex 2.5 -47.5538 -24.8066
      vertex 2.5 -46.4845 -24.7053
      vertex 2.5 -46.9692 -19.856
    endloop
  endfacet
  facet normal 1 0 0
    outer loop
      vertex 2.5 -46.9692 -19.856
      vertex 2.5 -46.4845 -24.7053
      vertex 2.5 -46.1119 -19.7337
    endloop
  endfacet
  facet normal 1 0 0
    outer loop
      vertex 2.5 -46.4845 -24.7053
      vertex 2.5 -45.4207 -24.5579
      vertex 2.5 -46.1119 -19.7337
    endloop
  endfacet
  facet normal 1 0 0
    outer loop
      vertex 2.5 -46.1119 -19.7337
      vertex 2.5 -45.4207 -24.5579
      vertex 2.5 -45.2606 -19.5743
    endloop
  endfacet
  facet normal 1 0 0
    outer loop
      vertex 2.5 -45.4207 -24.5579
      vertex 2.5 -44.3642 -24.3648
      vertex 2.5 -45.2606 -19.5743
    endloop
  endfacet
  facet normal 1 0 0
    outer loop
      vertex 2.5 -45.2606 -19.5743
      vertex 2.5 -44.3642 -24.3648
      vertex 2.5 -44.4171 -19.3783
    endloop
  endfacet
  facet normal 1 0 0
    outer loop
      vertex 2.5 -44.3642 -24.3648
      vertex 2.5 -43.317 -24.1262
      vertex 2.5 -44.4171 -19.3783
    endloop
  endfacet
  facet normal 1 0 0
    outer loop
      vertex 2.5 -44.4171 -19.3783
      vertex 2.5 -43.317 -24.1262
      vertex 2.5 -43.5828 -19.1459
    endloop
  endfacet
  facet normal 1 0 0
    outer loop
      vertex 2.5 -43.317 -24.1262
      vertex 2.5 -42.2811 -23.8426
      vertex 2.5 -43.5828 -19.1459
    endloop
  endfacet
  facet normal 1 0 0
    outer loop
      vertex 2.5 -43.5828 -19.1459
      vertex 2.5 -42.2811 -23.8426
      vertex 2.5 -42.7593 -18.8777
    endloop
  endfacet
  facet normal 1 0 0
    outer loop
      vertex 2.5 -42.2811 -23.8426
      vertex 2.5 -41.2584 -23.5146
      vertex 2.5 -42.7593 -18.8777
    endloop
  endfacet
  facet normal 1 0 0
    outer loop
      vertex 2.5 -42.7593 -18.8777
      vertex 2.5 -41.2584 -23.5146
      vertex 2.5 -41.9483 -18.574
    endloop
  endfacet
  facet normal 1 0 0
    outer loop
      vertex 2.5 -41.2584 -23.5146
      vertex 2.5 -40.2509 -23.1427
      vertex 2.5 -41.9483 -18.574
    endloop
  endfacet
  facet normal 1 0 0
    outer loop
      vertex 2.5 -41.9483 -18.574
      vertex 2.5 -40.2509 -23.1427
      vertex 2.5 -41.1511 -18.2355
    endloop
  endfacet
  facet normal 1 0 0
    outer loop
      vertex 2.5 -40.2509 -23.1427
      vertex 2.5 -39.2603 -22.7276
      vertex 2.5 -41.1511 -18.2355
    endloop
  endfacet
  facet normal 1 0 0
    outer loop
      vertex 2.5 -41.1511 -18.2355
      vertex 2.5 -39.2603 -22.7276
      vertex 2.5 -40.3694 -17.8628
    endloop
  endfacet
  facet normal 1 0 0
    outer loop
      vertex 2.5 -39.2603 -22.7276
      vertex 2.5 -38.2885 -22.2702
      vertex 2.5 -40.3694 -17.8628
    endloop
  endfacet
  facet normal 1 0 0
    outer loop
      vertex 2.5 -40.3694 -17.8628
      vertex 2.5 -38.2885 -22.2702
      vertex 2.5 -39.6045 -17.4566
    endloop
  endfacet
  facet normal 1 0 0
    outer loop
      vertex 2.5 -38.2885 -22.2702
      vertex 2.5 -37.3375 -21.7713
      vertex 2.5 -39.6045 -17.4566
    endloop
  endfacet
  facet normal 1 0 0
    outer loop
      vertex 2.5 -39.6045 -17.4566
      vertex 2.5 -37.3375 -21.7713
      vertex 2.5 -38.8579 -17.0177
    endloop
  endfacet
  facet normal 1 0 0
    outer loop
      vertex 2.5 -37.3375 -21.7713
      vertex 2.5 -36.4088 -21.2318
      vertex 2.5 -38.8579 -17.0177
    endloop
  endfacet
  facet normal 1 0 0
    outer loop
      vertex 2.5 -38.8579 -17.0177
      vertex 2.5 -36.4088 -21.2318
      vertex 2.5 -38.1311 -16.5469
    endloop
  endfacet
  facet normal 1 0 0
    outer loop
      vertex 2.5 -36.4088 -21.2318
      vertex 2.5 -35.5043 -20.6527
      vertex 2.5 -38.1311 -16.5469
    endloop
  endfacet
  facet normal 1 0 0
    outer loop
      vertex 2.5 -38.1311 -16.5469
      vertex 2.5 -35.5043 -20.6527
      vertex 2.5 -37.4253 -16.0451
    endloop
  endfacet
  facet normal 1 0 0
    outer loop
      vertex 2.5 -35.5043 -20.6527
      vertex 2.5 -34.6256 -20.035
      vertex 2.5 -37.4253 -16.0451
    endloop
  endfacet
  facet normal 1 0 0
    outer loop
      vertex 2.5 -37.4253 -16.0451
      vertex 2.5 -34.6256 -20.035
      vertex 2.5 -36.7418 -15.5131
    endloop
  endfacet
  facet normal 1 0 0
    outer loop
      vertex 2.5 -34.6256 -20.035
      vertex 2.5 -33.7745 -19.3801
      vertex 2.5 -36.7418 -15.5131
    endloop
  endfacet
  facet normal 1 0 0
    outer loop
      vertex 2.5 -36.7418 -15.5131
      vertex 2.5 -33.7745 -19.3801
      vertex 2.5 -36.0821 -14.9521
    endloop
  endfacet
  facet normal 1 0 0
    outer loop
      vertex 2.5 -33.7745 -19.3801
      vertex 2.5 -32.9523 -18.6889
      vertex 2.5 -36.0821 -14.9521
    endloop
  endfacet
  facet normal 1 0 0
    outer loop
      vertex 2.5 -36.0821 -14.9521
      vertex 2.5 -32.9523 -18.6889
      vertex 2.5 -35.4472 -14.3631
    endloop
  endfacet
  facet normal 1 0 0
    outer loop
      vertex 2.5 -32.9523 -18.6889
      vertex 2.5 -32.1608 -17.963
      vertex 2.5 -35.4472 -14.3631
    endloop
  endfacet
  facet normal 1 0 0
    outer loop
      vertex 2.5 -35.4472 -14.3631
      vertex 2.5 -32.1608 -17.963
      vertex 2.5 -34.8385 -13.7471
    endloop
  endfacet
  facet normal 1 0 0
    outer loop
      vertex 2.5 -32.1608 -17.963
      vertex 2.5 -31.4014 -17.2035
      vertex 2.5 -34.8385 -13.7471
    endloop
  endfacet
  facet normal 1 0 0
    outer loop
      vertex 2.5 -34.8385 -13.7471
      vertex 2.5 -31.4014 -17.2035
      vertex 2.5 -34.257 -13.1053
    endloop
  endfacet
  facet normal 1 0 0
    outer loop
      vertex 2.5 -31.4014 -17.2035
      vertex 2.5 -30.6755 -16.412
      vertex 2.5 -34.257 -13.1053
    endloop
  endfacet
  facet normal 1 0 0
    outer loop
      vertex 2.5 -34.257 -13.1053
      vertex 2.5 -30.6755 -16.412
      vertex 2.5 -33.7038 -12.439
    endloop
  endfacet
  facet normal 1 0 0
    outer loop
      vertex 2.5 -30.6755 -16.412
      vertex 2.5 -29.9844 -15.5899
      vertex 2.5 -33.7038 -12.439
    endloop
  endfacet
  facet normal 1 0 0
    outer loop
      vertex 2.5 -33.7038 -12.439
      vertex 2.5 -29.9844 -15.5899
      vertex 2.5 -33.1799 -11.7493
    endloop
  endfacet
  facet normal 1 0 0
    outer loop
      vertex 2.5 -29.9844 -15.5899
      vertex 2.5 -29.3294 -14.7387
      vertex 2.5 -33.1799 -11.7493
    endloop
  endfacet
  facet normal 1 0 0
    outer loop
      vertex 2.5 -33.1799 -11.7493
      vertex 2.5 -29.3294 -14.7387
      vertex 2.5 -32.6865 -11.0376
    endloop
  endfacet
  facet normal 1 0 0
    outer loop
      vertex 2.5 -29.3294 -14.7387
      vertex 2.5 -28.7118 -13.86
      vertex 2.5 -32.6865 -11.0376
    endloop
  endfacet
  facet normal 1 0 0
    outer loop
      vertex 2.5 -32.6865 -11.0376
      vertex 2.5 -28.7118 -13.86
      vertex 2.5 -32.2243 -10.3053
    endloop
  endfacet
  facet normal 1 0 0
    outer loop
      vertex 2.5 -28.7118 -13.86
      vertex 2.5 -28.1328 -12.9555
      vertex 2.5 -32.2243 -10.3053
    endloop
  endfacet
  facet normal 1 0 0
    outer loop
      vertex 2.5 -32.2243 -10.3053
      vertex 2.5 -28.1328 -12.9555
      vertex 2.5 -31.7942 -9.55355
    endloop
  endfacet
  facet normal 1 0 0
    outer loop
      vertex 2.5 -28.1328 -12.9555
      vertex 2.5 -27.5933 -12.0268
      vertex 2.5 -31.7942 -9.55355
    endloop
  endfacet
  facet normal 1 0 0
    outer loop
      vertex 2.5 -31.7942 -9.55355
      vertex 2.5 -27.5933 -12.0268
      vertex 2.5 -31.3971 -8.78393
    endloop
  endfacet
  facet normal 1 0 0
    outer loop
      vertex 2.5 -27.5933 -12.0268
      vertex 2.5 -27.0944 -11.0757
      vertex 2.5 -31.3971 -8.78393
    endloop
  endfacet
  facet normal 1 0 0
    outer loop
      vertex 2.5 -31.3971 -8.78393
      vertex 2.5 -27.0944 -11.0757
      vertex 2.5 -31.0337 -7.99784
    endloop
  endfacet
  facet normal 1 0 0
    outer loop
      vertex 2.5 -27.0944 -11.0757
      vertex 2.5 -26.637 -10.104
      vertex 2.5 -31.0337 -7.99784
    endloop
  endfacet
  facet normal 1 0 0
    outer loop
      vertex 2.5 -31.0337 -7.99784
      vertex 2.5 -26.637 -10.104
      vertex 2.5 -30.7046 -7.19675
    endloop
  endfacet
  facet normal 1 0 0
    outer loop
      vertex 2.5 -26.637 -10.104
      vertex 2.5 -26.222 -9.11336
      vertex 2.5 -30.7046 -7.19675
    endloop
  endfacet
  facet normal 1 0 0
    outer loop
      vertex 2.5 -30.7046 -7.19675
      vertex 2.5 -26.222 -9.11336
      vertex 2.5 -30.4106 -6.38217
    endloop
  endfacet
  facet normal 1 0 0
    outer loop
      vertex 2.5 -26.222 -9.11336
      vertex 2.5 -25.8501 -8.10578
      vertex 2.5 -30.4106 -6.38217
    endloop
  endfacet
  facet normal 1 0 0
    outer loop
      vertex 2.5 -30.4106 -6.38217
      vertex 2.5 -25.8501 -8.10578
      vertex 2.5 -30.152 -5.55562
    endloop
  endfacet
  facet normal 1 0 0
    outer loop
      vertex 2.5 -25.8501 -8.10578
      vertex 2.5 -25.5221 -7.08308
      vertex 2.5 -30.152 -5.55562
    endloop
  endfacet
  facet normal 1 0 0
    outer loop
      vertex 2.5 -30.152 -5.55562
      vertex 2.5 -25.5221 -7.08308
      vertex 2.5 -29.9295 -4.71866
    endloop
  endfacet
  facet normal 1 0 0
    outer loop
      vertex 2.5 -25.5221 -7.08308
      vertex 2.5 -25.2386 -6.04718
      vertex 2.5 -29.9295 -4.71866
    endloop
  endfacet
  facet normal 1 0 0
    outer loop
      vertex 2.5 -29.9295 -4.71866
      vertex 2.5 -25.2386 -6.04718
      vertex 2.5 -29.7435 -3.87284
    endloop
  endfacet
  facet normal 1 0 0
    outer loop
      vertex 2.5 -25.2386 -6.04718
      vertex 2.5 -25 -5
      vertex 2.5 -29.7435 -3.87284
    endloop
  endfacet
  facet normal 1 0 0
    outer loop
      vertex 2.5 -29.7435 -3.87284
      vertex 2.5 -25 -5
      vertex 2.5 -29.5942 -3.01977
    endloop
  endfacet
  facet normal 1 0 0
    outer loop
      vertex 2.5 -25 -5
      vertex 2.5 -29.482 -2.16103
      vertex 2.5 -29.5942 -3.01977
    endloop
  endfacet
  facet normal -1 0 0
    outer loop
      vertex -2.5 -31.0337 -7.99784
      vertex -2.5 -30.7046 -7.19675
      vertex -2.5 -25 5
    endloop
  endfacet
  facet normal -1 0 0
    outer loop
      vertex -2.5 -30.7046 -7.19675
      vertex -2.5 -30.4106 -6.38217
      vertex -2.5 -25 5
    endloop
  endfacet
  facet normal -1 0 0
    outer loop
      vertex -2.5 -25 5
      vertex -2.5 -30.4106 -6.38217
      vertex -2.5 -30.152 -5.55562
    endloop
  endfacet
  facet normal -1 0 0
    outer loop
      vertex -2.5 -5 5
      vertex -2.5 -5 -5
      vertex -2.5 -25 5
    endloop
  endfacet
  facet normal -1 0 0
    outer loop
      vertex -2.5 -5 -5
      vertex -2.5 -25 -5
      vertex -2.5 -25 5
    endloop
  endfacet
  facet normal -1 0 0
    outer loop
      vertex -2.5 -25 5
      vertex -2.5 -25 -5
      vertex -2.5 -31.0337 -7.99784
    endloop
  endfacet
  facet normal -1 0 0
    outer loop
      vertex -2.5 -30.152 -5.55562
      vertex -2.5 -29.9295 -4.71866
      vertex -2.5 -25 5
    endloop
  endfacet
  facet normal -1 0 0
    outer loop
      vertex -2.5 -29.9295 -4.71866
      vertex -2.5 -29.7435 -3.87284
      vertex -2.5 -25 5
    endloop
  endfacet
  facet normal -1 0 0
    outer loop
      vertex -2.5 -25 5
      vertex -2.5 -29.7435 -3.87284
      vertex -2.5 -29.5942 -3.01977
    endloop
  endfacet
  facet normal -1 0 0
    outer loop
      vertex -2.5 -25 -5
      vertex -2.5 -25.2386 -6.04718
      vertex -2.5 -31.0337 -7.99784
    endloop
  endfacet
  facet normal -1 0 0
    outer loop
      vertex -2.5 -25.2386 -6.04718
      vertex -2.5 -25.5221 -7.08308
      vertex -2.5 -31.0337 -7.99784
    endloop
  endfacet
  facet normal -1 0 0
    outer loop
      vertex -2.5 -31.0337 -7.99784
      vertex -2.5 -25.5221 -7.08308
      vertex -2.5 -25.8501 -8.10578
    endloop
  endfacet
  facet normal -1 0 0
    outer loop
      vertex -2.5 -29.5942 -3.01977
      vertex -2.5 -29.482 -2.16103
      vertex -2.5 -25 5
    endloop
  endfacet
  facet normal -1 0 0
    outer loop
      vertex -2.5 -29.482 -2.16103
      vertex -2.5 -29.4071 -1.29824
      vertex -2.5 -25 5
    endloop
  endfacet
  facet normal -1 0 0
    outer loop
      vertex -2.5 -25 5
      vertex -2.5 -29.4071 -1.29824
      vertex -2.5 -29.3696 -0.433018
    endloop
  endfacet
  facet normal -1 0 0
    outer loop
      vertex -2.5 -29.3696 -0.433018
      vertex -2.5 -29.3696 0.433018
      vertex -2.5 -25 5
    endloop
  endfacet
  facet normal -1 0 0
    outer loop
      vertex -2.5 -29.3696 0.433018
      vertex -2.5 -29.4071 1.29824
      vertex -2.5 -25 5
    endloop
  endfacet
  facet normal -1 0 0
    outer loop
      vertex -2.5 -25 5
      vertex -2.5 -29.4071 1.29824
      vertex -2.5 -29.482 2.16103
    endloop
  endfacet
  facet normal -1 0 0
    outer loop
      vertex -2.5 -68.6834 5.17638
      vertex -2.5 -73.3901 6.43752
      vertex -2.5 -68.4412 6.00786
    endloop
  endfacet
  facet normal -1 0 0
    outer loop
      vertex -2.5 -73.3901 6.43752
      vertex -2.5 -73.0898 7.46869
      vertex -2.5 -68.4412 6.00786
    endloop
  endfacet
  facet normal -1 0 0
    outer loop
      vertex -2.5 -68.4412 6.00786
      vertex -2.5 -73.0898 7.46869
      vertex -2.5 -68.1633 6.82807
    endloop
  endfacet
  facet normal -1 0 0
    outer loop
      vertex -2.5 -73.0898 7.46869
      vertex -2.5 -72.7452 8.48593
      vertex -2.5 -68.1633 6.82807
    endloop
  endfacet
  facet normal -1 0 0
    outer loop
      vertex -2.5 -68.1633 6.82807
      vertex -2.5 -72.7452 8.48593
      vertex -2.5 -67.85 7.63548
    endloop
  endfacet
  facet normal -1 0 0
    outer loop
      vertex -2.5 -72.7452 8.48593
      vertex -2.5 -72.3571 9.48736
      vertex -2.5 -67.85 7.63548
    endloop
  endfacet
  facet normal -1 0 0
    outer loop
      vertex -2.5 -67.85 7.63548
      vertex -2.5 -72.3571 9.48736
      vertex -2.5 -67.5021 8.42857
    endloop
  endfacet
  facet normal -1 0 0
    outer loop
      vertex -2.5 -72.3571 9.48736
      vertex -2.5 -71.9261 10.4711
      vertex -2.5 -67.5021 8.42857
    endloop
  endfacet
  facet normal -1 0 0
    outer loop
      vertex -2.5 -67.5021 8.42857
      vertex -2.5 -71.9261 10.4711
      vertex -2.5 -67.1203 9.20586
    endloop
  endfacet
  facet normal -1 0 0
    outer loop
      vertex -2.5 -71.9261 10.4711
      vertex -2.5 -71.453 11.4353
      vertex -2.5 -67.1203 9.20586
    endloop
  endfacet
  facet normal -1 0 0
    outer loop
      vertex -2.5 -67.1203 9.20586
      vertex -2.5 -71.453 11.4353
      vertex -2.5 -66.7051 9.96589
    endloop
  endfacet
  facet normal -1 0 0
    outer loop
      vertex -2.5 -71.453 11.4353
      vertex -2.5 -70.9387 12.3782
      vertex -2.5 -66.7051 9.96589
    endloop
  endfacet
  facet normal -1 0 0
    outer loop
      vertex -2.5 -66.7051 9.96589
      vertex -2.5 -70.9387 12.3782
      vertex -2.5 -66.2574 10.7072
    endloop
  endfacet
  facet normal -1 0 0
    outer loop
      vertex -2.5 -70.9387 12.3782
      vertex -2.5 -70.3842 13.298
      vertex -2.5 -66.2574 10.7072
    endloop
  endfacet
  facet normal -1 0 0
    outer loop
      vertex -2.5 -66.2574 10.7072
      vertex -2.5 -70.3842 13.298
      vertex -2.5 -65.778 11.4285
    endloop
  endfacet
  facet normal -1 0 0
    outer loop
      vertex -2.5 -70.3842 13.298
      vertex -2.5 -69.7906 14.193
      vertex -2.5 -65.778 11.4285
    endloop
  endfacet
  facet normal -1 0 0
    outer loop
      vertex -2.5 -65.778 11.4285
      vertex -2.5 -69.7906 14.193
      vertex -2.5 -65.2679 12.1283
    endloop
  endfacet
  facet normal -1 0 0
    outer loop
      vertex -2.5 -69.7906 14.193
      vertex -2.5 -69.1588 15.0616
      vertex -2.5 -65.2679 12.1283
    endloop
  endfacet
  facet normal -1 0 0
    outer loop
      vertex -2.5 -65.2679 12.1283
      vertex -2.5 -69.1588 15.0616
      vertex -2.5 -64.7279 12.8054
    endloop
  endfacet
  facet normal -1 0 0
    outer loop
      vertex -2.5 -69.1588 15.0616
      vertex -2.5 -68.4902 15.902
      vertex -2.5 -64.7279 12.8054
    endloop
  endfacet
  facet normal -1 0 0
    outer loop
      vertex -2.5 -64.7279 12.8054
      vertex -2.5 -68.4902 15.902
      vertex -2.5 -64.1591 13.4585
    endloop
  endfacet
  facet normal -1 0 0
    outer loop
      vertex -2.5 -68.4902 15.902
      vertex -2.5 -67.7858 16.7128
      vertex -2.5 -64.1591 13.4585
    endloop
  endfacet
  facet normal -1 0 0
    outer loop
      vertex -2.5 -64.1591 13.4585
      vertex -2.5 -67.7858 16.7128
      vertex -2.5 -63.5626 14.0864
    endloop
  endfacet
  facet normal -1 0 0
    outer loop
      vertex -2.5 -67.7858 16.7128
      vertex -2.5 -67.0472 17.4925
      vertex -2.5 -63.5626 14.0864
    endloop
  endfacet
  facet normal -1 0 0
    outer loop
      vertex -2.5 -63.5626 14.0864
      vertex -2.5 -67.0472 17.4925
      vertex -2.5 -62.9395 14.6878
    endloop
  endfacet
  facet normal -1 0 0
    outer loop
      vertex -2.5 -67.0472 17.4925
      vertex -2.5 -66.2755 18.2395
      vertex -2.5 -62.9395 14.6878
    endloop
  endfacet
  facet normal -1 0 0
    outer loop
      vertex -2.5 -62.9395 14.6878
      vertex -2.5 -66.2755 18.2395
      vertex -2.5 -62.2909 15.2617
    endloop
  endfacet
  facet normal -1 0 0
    outer loop
      vertex -2.5 -66.2755 18.2395
      vertex -2.5 -65.4723 18.9526
      vertex -2.5 -62.2909 15.2617
    endloop
  endfacet
  facet normal -1 0 0
    outer loop
      vertex -2.5 -62.2909 15.2617
      vertex -2.5 -65.4723 18.9526
      vertex -2.5 -61.6181 15.807
    endloop
  endfacet
  facet normal -1 0 0
    outer loop
      vertex -2.5 -65.4723 18.9526
      vertex -2.5 -64.6391 19.6303
      vertex -2.5 -61.6181 15.807
    endloop
  endfacet
  facet normal -1 0 0
    outer loop
      vertex -2.5 -61.6181 15.807
      vertex -2.5 -64.6391 19.6303
      vertex -2.5 -60.9223 16.3226
    endloop
  endfacet
  facet normal -1 0 0
    outer loop
      vertex -2.5 -64.6391 19.6303
      vertex -2.5 -63.7775 20.2714
      vertex -2.5 -60.9223 16.3226
    endloop
  endfacet
  facet normal -1 0 0
    outer loop
      vertex -2.5 -60.9223 16.3226
      vertex -2.5 -63.7775 20.2714
      vertex -2.5 -60.2048 16.8076
    endloop
  endfacet
  facet normal -1 0 0
    outer loop
      vertex -2.5 -63.7775 20.2714
      vertex -2.5 -62.8889 20.8747
      vertex -2.5 -60.2048 16.8076
    endloop
  endfacet
  facet normal -1 0 0
    outer loop
      vertex -2.5 -60.2048 16.8076
      vertex -2.5 -62.8889 20.8747
      vertex -2.5 -59.467 17.2612
    endloop
  endfacet
  facet normal -1 0 0
    outer loop
      vertex -2.5 -62.8889 20.8747
      vertex -2.5 -61.9751 21.439
      vertex -2.5 -59.467 17.2612
    endloop
  endfacet
  facet normal -1 0 0
    outer loop
      vertex -2.5 -59.467 17.2612
      vertex -2.5 -61.9751 21.439
      vertex -2.5 -58.7103 17.6823
    endloop
  endfacet
  facet normal -1 0 0
    outer loop
      vertex -2.5 -61.9751 21.439
      vertex -2.5 -61.0378 21.9634
      vertex -2.5 -58.7103 17.6823
    endloop
  endfacet
  facet normal -1 0 0
    outer loop
      vertex -2.5 -58.7103 17.6823
      vertex -2.5 -61.0378 21.9634
      vertex -2.5 -57.936 18.0703
    endloop
  endfacet
  facet normal -1 0 0
    outer loop
      vertex -2.5 -61.0378 21.9634
      vertex -2.5 -60.0788 22.4469
      vertex -2.5 -57.936 18.0703
    endloop
  endfacet
  facet normal -1 0 0
    outer loop
      vertex -2.5 -57.936 18.0703
      vertex -2.5 -60.0788 22.4469
      vertex -2.5 -57.1457 18.4244
    endloop
  endfacet
  facet normal -1 0 0
    outer loop
      vertex -2.5 -60.0788 22.4469
      vertex -2.5 -59.0998 22.8885
      vertex -2.5 -57.1457 18.4244
    endloop
  endfacet
  facet normal -1 0 0
    outer loop
      vertex -2.5 -57.1457 18.4244
      vertex -2.5 -59.0998 22.8885
      vertex -2.5 -56.3408 18.744
    endloop
  endfacet
  facet normal -1 0 0
    outer loop
      vertex -2.5 -59.0998 22.8885
      vertex -2.5 -58.1026 23.2874
      vertex -2.5 -56.3408 18.744
    endloop
  endfacet
  facet normal -1 0 0
    outer loop
      vertex -2.5 -56.3408 18.744
      vertex -2.5 -58.1026 23.2874
      vertex -2.5 -55.5228 19.0284
    endloop
  endfacet
  facet normal -1 0 0
    outer loop
      vertex -2.5 -58.1026 23.2874
      vertex -2.5 -57.0891 23.6429
      vertex -2.5 -55.5228 19.0284
    endloop
  endfacet
  facet normal -1 0 0
    outer loop
      vertex -2.5 -55.5228 19.0284
      vertex -2.5 -57.0891 23.6429
      vertex -2.5 -54.6932 19.2772
    endloop
  endfacet
  facet normal -1 0 0
    outer loop
      vertex -2.5 -57.0891 23.6429
      vertex -2.5 -56.0612 23.9543
      vertex -2.5 -54.6932 19.2772
    endloop
  endfacet
  facet normal -1 0 0
    outer loop
      vertex -2.5 -54.6932 19.2772
      vertex -2.5 -56.0612 23.9543
      vertex -2.5 -53.8537 19.4898
    endloop
  endfacet
  facet normal -1 0 0
    outer loop
      vertex -2.5 -56.0612 23.9543
      vertex -2.5 -55.0209 24.221
      vertex -2.5 -53.8537 19.4898
    endloop
  endfacet
  facet normal -1 0 0
    outer loop
      vertex -2.5 -53.8537 19.4898
      vertex -2.5 -55.0209 24.221
      vertex -2.5 -53.0058 19.6658
    endloop
  endfacet
  facet normal -1 0 0
    outer loop
      vertex -2.5 -55.0209 24.221
      vertex -2.5 -53.97 24.4426
      vertex -2.5 -53.0058 19.6658
    endloop
  endfacet
  facet normal -1 0 0
    outer loop
      vertex -2.5 -53.0058 19.6658
      vertex -2.5 -53.97 24.4426
      vertex -2.5 -52.151 19.805
    endloop
  endfacet
  facet normal -1 0 0
    outer loop
      vertex -2.5 -53.97 24.4426
      vertex -2.5 -52.9105 24.6187
      vertex -2.5 -52.151 19.805
    endloop
  endfacet
  facet normal -1 0 0
    outer loop
      vertex -2.5 -52.151 19.805
      vertex -2.5 -52.9105 24.6187
      vertex -2.5 -51.291 19.907
    endloop
  endfacet
  facet normal -1 0 0
    outer loop
      vertex -2.5 -52.9105 24.6187
      vertex -2.5 -51.8444 24.7488
      vertex -2.5 -51.291 19.907
    endloop
  endfacet
  facet normal -1 0 0
    outer loop
      vertex -2.5 -51.291 19.907
      vertex -2.5 -51.8444 24.7488
      vertex -2.5 -50.4274 19.9718
    endloop
  endfacet
  facet normal -1 0 0
    outer loop
      vertex -2.5 -51.8444 24.7488
      vertex -2.5 -50.7737 24.8327
      vertex -2.5 -50.4274 19.9718
    endloop
  endfacet
  facet normal -1 0 0
    outer loop
      vertex -2.5 -50.4274 19.9718
      vertex -2.5 -50.7737 24.8327
      vertex -2.5 -49.5618 19.999
    endloop
  endfacet
  facet normal -1 0 0
    outer loop
      vertex -2.5 -50.7737 24.8327
      vertex -2.5 -49.7003 24.8704
      vertex -2.5 -49.5618 19.999
    endloop
  endfacet
  facet normal -1 0 0
    outer loop
      vertex -2.5 -49.5618 19.999
      vertex -2.5 -49.7003 24.8704
      vertex -2.5 -48.6958 19.9888
    endloop
  endfacet
  facet normal -1 0 0
    outer loop
      vertex -2.5 -49.7003 24.8704
      vertex -2.5 -48.6264 24.8617
      vertex -2.5 -48.6958 19.9888
    endloop
  endfacet
  facet normal -1 0 0
    outer loop
      vertex -2.5 -48.6958 19.9888
      vertex -2.5 -48.6264 24.8617
      vertex -2.5 -47.8311 19.9411
    endloop
  endfacet
  facet normal -1 0 0
    outer loop
      vertex -2.5 -48.6264 24.8617
      vertex -2.5 -47.5538 24.8066
      vertex -2.5 -47.8311 19.9411
    endloop
  endfacet
  facet normal -1 0 0
    outer loop
      vertex -2.5 -47.8311 19.9411
      vertex -2.5 -47.5538 24.8066
      vertex -2.5 -46.9692 19.856
    endloop
  endfacet
  facet normal -1 0 0
    outer loop
      vertex -2.5 -47.5538 24.8066
      vertex -2.5 -46.4845 24.7053
      vertex -2.5 -46.9692 19.856
    endloop
  endfacet
  facet normal -1 0 0
    outer loop
      vertex -2.5 -46.9692 19.856
      vertex -2.5 -46.4845 24.7053
      vertex -2.5 -46.1119 19.7337
    endloop
  endfacet
  facet normal -1 0 0
    outer loop
      vertex -2.5 -46.4845 24.7053
      vertex -2.5 -45.4207 24.5579
      vertex -2.5 -46.1119 19.7337
    endloop
  endfacet
  facet normal -1 0 0
    outer loop
      vertex -2.5 -46.1119 19.7337
      vertex -2.5 -45.4207 24.5579
      vertex -2.5 -45.2606 19.5743
    endloop
  endfacet
  facet normal -1 0 0
    outer loop
      vertex -2.5 -45.4207 24.5579
      vertex -2.5 -44.3642 24.3648
      vertex -2.5 -45.2606 19.5743
    endloop
  endfacet
  facet normal -1 0 0
    outer loop
      vertex -2.5 -45.2606 19.5743
      vertex -2.5 -44.3642 24.3648
      vertex -2.5 -44.4171 19.3783
    endloop
  endfacet
  facet normal -1 0 0
    outer loop
      vertex -2.5 -44.3642 24.3648
      vertex -2.5 -43.317 24.1262
      vertex -2.5 -44.4171 19.3783
    endloop
  endfacet
  facet normal -1 0 0
    outer loop
      vertex -2.5 -44.4171 19.3783
      vertex -2.5 -43.317 24.1262
      vertex -2.5 -43.5828 19.1459
    endloop
  endfacet
  facet normal -1 0 0
    outer loop
      vertex -2.5 -43.317 24.1262
      vertex -2.5 -42.2811 23.8426
      vertex -2.5 -43.5828 19.1459
    endloop
  endfacet
  facet normal -1 0 0
    outer loop
      vertex -2.5 -43.5828 19.1459
      vertex -2.5 -42.2811 23.8426
      vertex -2.5 -42.7593 18.8777
    endloop
  endfacet
  facet normal -1 0 0
    outer loop
      vertex -2.5 -42.2811 23.8426
      vertex -2.5 -41.2584 23.5146
      vertex -2.5 -42.7593 18.8777
    endloop
  endfacet
  facet normal -1 0 0
    outer loop
      vertex -2.5 -42.7593 18.8777
      vertex -2.5 -41.2584 23.5146
      vertex -2.5 -41.9483 18.574
    endloop
  endfacet
  facet normal -1 0 0
    outer loop
      vertex -2.5 -41.2584 23.5146
      vertex -2.5 -40.2509 23.1427
      vertex -2.5 -41.9483 18.574
    endloop
  endfacet
  facet normal -1 0 0
    outer loop
      vertex -2.5 -41.9483 18.574
      vertex -2.5 -40.2509 23.1427
      vertex -2.5 -41.1511 18.2355
    endloop
  endfacet
  facet normal -1 0 0
    outer loop
      vertex -2.5 -40.2509 23.1427
      vertex -2.5 -39.2603 22.7276
      vertex -2.5 -41.1511 18.2355
    endloop
  endfacet
  facet normal -1 0 0
    outer loop
      vertex -2.5 -41.1511 18.2355
      vertex -2.5 -39.2603 22.7276
      vertex -2.5 -40.3694 17.8628
    endloop
  endfacet
  facet normal -1 0 0
    outer loop
      vertex -2.5 -39.2603 22.7276
      vertex -2.5 -38.2885 22.2702
      vertex -2.5 -40.3694 17.8628
    endloop
  endfacet
  facet normal -1 0 0
    outer loop
      vertex -2.5 -40.3694 17.8628
      vertex -2.5 -38.2885 22.2702
      vertex -2.5 -39.6045 17.4566
    endloop
  endfacet
  facet normal -1 0 0
    outer loop
      vertex -2.5 -38.2885 22.2702
      vertex -2.5 -37.3375 21.7713
      vertex -2.5 -39.6045 17.4566
    endloop
  endfacet
  facet normal -1 0 0
    outer loop
      vertex -2.5 -39.6045 17.4566
      vertex -2.5 -37.3375 21.7713
      vertex -2.5 -38.8579 17.0177
    endloop
  endfacet
  facet normal -1 0 0
    outer loop
      vertex -2.5 -37.3375 21.7713
      vertex -2.5 -36.4088 21.2318
      vertex -2.5 -38.8579 17.0177
    endloop
  endfacet
  facet normal -1 0 0
    outer loop
      vertex -2.5 -38.8579 17.0177
      vertex -2.5 -36.4088 21.2318
      vertex -2.5 -38.1311 16.5469
    endloop
  endfacet
  facet normal -1 0 0
    outer loop
      vertex -2.5 -36.4088 21.2318
      vertex -2.5 -35.5043 20.6527
      vertex -2.5 -38.1311 16.5469
    endloop
  endfacet
  facet normal -1 0 0
    outer loop
      vertex -2.5 -38.1311 16.5469
      vertex -2.5 -35.5043 20.6527
      vertex -2.5 -37.4253 16.0451
    endloop
  endfacet
  facet normal -1 0 0
    outer loop
      vertex -2.5 -35.5043 20.6527
      vertex -2.5 -34.6256 20.035
      vertex -2.5 -37.4253 16.0451
    endloop
  endfacet
  facet normal -1 0 0
    outer loop
      vertex -2.5 -37.4253 16.0451
      vertex -2.5 -34.6256 20.035
      vertex -2.5 -36.7418 15.5131
    endloop
  endfacet
  facet normal -1 0 0
    outer loop
      vertex -2.5 -34.6256 20.035
      vertex -2.5 -33.7745 19.3801
      vertex -2.5 -36.7418 15.5131
    endloop
  endfacet
  facet normal -1 0 0
    outer loop
      vertex -2.5 -36.7418 15.5131
      vertex -2.5 -33.7745 19.3801
      vertex -2.5 -36.0821 14.9521
    endloop
  endfacet
  facet normal -1 0 0
    outer loop
      vertex -2.5 -33.7745 19.3801
      vertex -2.5 -32.9523 18.6889
      vertex -2.5 -36.0821 14.9521
    endloop
  endfacet
  facet normal -1 0 0
    outer loop
      vertex -2.5 -36.0821 14.9521
      vertex -2.5 -32.9523 18.6889
      vertex -2.5 -35.4472 14.3631
    endloop
  endfacet
  facet normal -1 0 0
    outer loop
      vertex -2.5 -32.9523 18.6889
      vertex -2.5 -32.1608 17.963
      vertex -2.5 -35.4472 14.3631
    endloop
  endfacet
  facet normal -1 0 0
    outer loop
      vertex -2.5 -35.4472 14.3631
      vertex -2.5 -32.1608 17.963
      vertex -2.5 -34.8385 13.7471
    endloop
  endfacet
  facet normal -1 0 0
    outer loop
      vertex -2.5 -32.1608 17.963
      vertex -2.5 -31.4014 17.2035
      vertex -2.5 -34.8385 13.7471
    endloop
  endfacet
  facet normal -1 0 0
    outer loop
      vertex -2.5 -34.8385 13.7471
      vertex -2.5 -31.4014 17.2035
      vertex -2.5 -34.257 13.1053
    endloop
  endfacet
  facet normal -1 0 0
    outer loop
      vertex -2.5 -31.4014 17.2035
      vertex -2.5 -30.6755 16.412
      vertex -2.5 -34.257 13.1053
    endloop
  endfacet
  facet normal -1 0 0
    outer loop
      vertex -2.5 -34.257 13.1053
      vertex -2.5 -30.6755 16.412
      vertex -2.5 -33.7038 12.439
    endloop
  endfacet
  facet normal -1 0 0
    outer loop
      vertex -2.5 -30.6755 16.412
      vertex -2.5 -29.9844 15.5899
      vertex -2.5 -33.7038 12.439
    endloop
  endfacet
  facet normal -1 0 0
    outer loop
      vertex -2.5 -33.7038 12.439
      vertex -2.5 -29.9844 15.5899
      vertex -2.5 -33.1799 11.7493
    endloop
  endfacet
  facet normal -1 0 0
    outer loop
      vertex -2.5 -29.9844 15.5899
      vertex -2.5 -29.3294 14.7387
      vertex -2.5 -33.1799 11.7493
    endloop
  endfacet
  facet normal -1 0 0
    outer loop
      vertex -2.5 -33.1799 11.7493
      vertex -2.5 -29.3294 14.7387
      vertex -2.5 -32.6865 11.0376
    endloop
  endfacet
  facet normal -1 0 0
    outer loop
      vertex -2.5 -29.3294 14.7387
      vertex -2.5 -28.7118 13.86
      vertex -2.5 -32.6865 11.0376
    endloop
  endfacet
  facet normal -1 0 0
    outer loop
      vertex -2.5 -32.6865 11.0376
      vertex -2.5 -28.7118 13.86
      vertex -2.5 -32.2243 10.3053
    endloop
  endfacet
  facet normal -1 0 0
    outer loop
      vertex -2.5 -28.7118 13.86
      vertex -2.5 -28.1328 12.9555
      vertex -2.5 -32.2243 10.3053
    endloop
  endfacet
  facet normal -1 0 0
    outer loop
      vertex -2.5 -32.2243 10.3053
      vertex -2.5 -28.1328 12.9555
      vertex -2.5 -31.7942 9.55355
    endloop
  endfacet
  facet normal -1 0 0
    outer loop
      vertex -2.5 -28.1328 12.9555
      vertex -2.5 -27.5933 12.0268
      vertex -2.5 -31.7942 9.55355
    endloop
  endfacet
  facet normal -1 0 0
    outer loop
      vertex -2.5 -31.7942 9.55355
      vertex -2.5 -27.5933 12.0268
      vertex -2.5 -31.3971 8.78393
    endloop
  endfacet
  facet normal -1 0 0
    outer loop
      vertex -2.5 -27.5933 12.0268
      vertex -2.5 -27.0944 11.0757
      vertex -2.5 -31.3971 8.78393
    endloop
  endfacet
  facet normal -1 0 0
    outer loop
      vertex -2.5 -31.3971 8.78393
      vertex -2.5 -27.0944 11.0757
      vertex -2.5 -31.0337 7.99784
    endloop
  endfacet
  facet normal -1 0 0
    outer loop
      vertex -2.5 -27.0944 11.0757
      vertex -2.5 -26.637 10.104
      vertex -2.5 -31.0337 7.99784
    endloop
  endfacet
  facet normal -1 0 0
    outer loop
      vertex -2.5 -31.0337 7.99784
      vertex -2.5 -26.637 10.104
      vertex -2.5 -30.7046 7.19675
    endloop
  endfacet
  facet normal -1 0 0
    outer loop
      vertex -2.5 -26.637 10.104
      vertex -2.5 -26.222 9.11336
      vertex -2.5 -30.7046 7.19675
    endloop
  endfacet
  facet normal -1 0 0
    outer loop
      vertex -2.5 -30.7046 7.19675
      vertex -2.5 -26.222 9.11336
      vertex -2.5 -30.4106 6.38217
    endloop
  endfacet
  facet normal -1 0 0
    outer loop
      vertex -2.5 -26.222 9.11336
      vertex -2.5 -25.8501 8.10578
      vertex -2.5 -30.4106 6.38217
    endloop
  endfacet
  facet normal -1 0 0
    outer loop
      vertex -2.5 -30.4106 6.38217
      vertex -2.5 -25.8501 8.10578
      vertex -2.5 -30.152 5.55562
    endloop
  endfacet
  facet normal -1 0 0
    outer loop
      vertex -2.5 -25.8501 8.10578
      vertex -2.5 -25.5221 7.08308
      vertex -2.5 -30.152 5.55562
    endloop
  endfacet
  facet normal -1 0 0
    outer loop
      vertex -2.5 -30.152 5.55562
      vertex -2.5 -25.5221 7.08308
      vertex -2.5 -29.9295 4.71866
    endloop
  endfacet
  facet normal -1 0 0
    outer loop
      vertex -2.5 -25.5221 7.08308
      vertex -2.5 -25.2386 6.04718
      vertex -2.5 -29.9295 4.71866
    endloop
  endfacet
  facet normal -1 0 0
    outer loop
      vertex -2.5 -29.9295 4.71866
      vertex -2.5 -25.2386 6.04718
      vertex -2.5 -29.7435 3.87284
    endloop
  endfacet
  facet normal -1 0 0
    outer loop
      vertex -2.5 -25.2386 6.04718
      vertex -2.5 -25 5
      vertex -2.5 -29.7435 3.87284
    endloop
  endfacet
  facet normal -1 0 0
    outer loop
      vertex -2.5 -29.7435 3.87284
      vertex -2.5 -25 5
      vertex -2.5 -29.5942 3.01977
    endloop
  endfacet
  facet normal -1 0 0
    outer loop
      vertex -2.5 -25 5
      vertex -2.5 -29.482 2.16103
      vertex -2.5 -29.5942 3.01977
    endloop
  endfacet
  facet normal -1 0 0
    outer loop
      vertex -2.5 -25.8501 -8.10578
      vertex -2.5 -26.222 -9.11336
      vertex -2.5 -31.0337 -7.99784
    endloop
  endfacet
  facet normal -1 0 0
    outer loop
      vertex -2.5 -26.222 -9.11336
      vertex -2.5 -26.637 -10.104
      vertex -2.5 -31.0337 -7.99784
    endloop
  endfacet
  facet normal -1 0 0
    outer loop
      vertex -2.5 -31.0337 -7.99784
      vertex -2.5 -26.637 -10.104
      vertex -2.5 -31.3971 -8.78393
    endloop
  endfacet
  facet normal -1 0 0
    outer loop
      vertex -2.5 -26.637 -10.104
      vertex -2.5 -27.0944 -11.0757
      vertex -2.5 -31.3971 -8.78393
    endloop
  endfacet
  facet normal -1 0 0
    outer loop
      vertex -2.5 -31.3971 -8.78393
      vertex -2.5 -27.0944 -11.0757
      vertex -2.5 -31.7942 -9.55355
    endloop
  endfacet
  facet normal -1 0 0
    outer loop
      vertex -2.5 -27.0944 -11.0757
      vertex -2.5 -27.5933 -12.0268
      vertex -2.5 -31.7942 -9.55355
    endloop
  endfacet
  facet normal -1 0 0
    outer loop
      vertex -2.5 -31.7942 -9.55355
      vertex -2.5 -27.5933 -12.0268
      vertex -2.5 -32.2243 -10.3053
    endloop
  endfacet
  facet normal -1 0 0
    outer loop
      vertex -2.5 -27.5933 -12.0268
      vertex -2.5 -28.1328 -12.9555
      vertex -2.5 -32.2243 -10.3053
    endloop
  endfacet
  facet normal -1 0 0
    outer loop
      vertex -2.5 -32.2243 -10.3053
      vertex -2.5 -28.1328 -12.9555
      vertex -2.5 -32.6865 -11.0376
    endloop
  endfacet
  facet normal -1 0 0
    outer loop
      vertex -2.5 -28.1328 -12.9555
      vertex -2.5 -28.7118 -13.86
      vertex -2.5 -32.6865 -11.0376
    endloop
  endfacet
  facet normal -1 0 0
    outer loop
      vertex -2.5 -32.6865 -11.0376
      vertex -2.5 -28.7118 -13.86
      vertex -2.5 -33.1799 -11.7493
    endloop
  endfacet
  facet normal -1 0 0
    outer loop
      vertex -2.5 -28.7118 -13.86
      vertex -2.5 -29.3294 -14.7387
      vertex -2.5 -33.1799 -11.7493
    endloop
  endfacet
  facet normal -1 0 0
    outer loop
      vertex -2.5 -33.1799 -11.7493
      vertex -2.5 -29.3294 -14.7387
      vertex -2.5 -33.7038 -12.439
    endloop
  endfacet
  facet normal -1 0 0
    outer loop
      vertex -2.5 -29.3294 -14.7387
      vertex -2.5 -29.9844 -15.5899
      vertex -2.5 -33.7038 -12.439
    endloop
  endfacet
  facet normal -1 0 0
    outer loop
      vertex -2.5 -33.7038 -12.439
      vertex -2.5 -29.9844 -15.5899
      vertex -2.5 -34.257 -13.1053
    endloop
  endfacet
  facet normal -1 0 0
    outer loop
      vertex -2.5 -29.9844 -15.5899
      vertex -2.5 -30.6755 -16.412
      vertex -2.5 -34.257 -13.1053
    endloop
  endfacet
  facet normal -1 0 0
    outer loop
      vertex -2.5 -34.257 -13.1053
      vertex -2.5 -30.6755 -16.412
      vertex -2.5 -34.8385 -13.7471
    endloop
  endfacet
  facet normal -1 0 0
    outer loop
      vertex -2.5 -30.6755 -16.412
      vertex -2.5 -31.4014 -17.2035
      vertex -2.5 -34.8385 -13.7471
    endloop
  endfacet
  facet normal -1 0 0
    outer loop
      vertex -2.5 -34.8385 -13.7471
      vertex -2.5 -31.4014 -17.2035
      vertex -2.5 -35.4472 -14.3631
    endloop
  endfacet
  facet normal -1 0 0
    outer loop
      vertex -2.5 -31.4014 -17.2035
      vertex -2.5 -32.1608 -17.963
      vertex -2.5 -35.4472 -14.3631
    endloop
  endfacet
  facet normal -1 0 0
    outer loop
      vertex -2.5 -35.4472 -14.3631
      vertex -2.5 -32.1608 -17.963
      vertex -2.5 -36.0821 -14.9521
    endloop
  endfacet
  facet normal -1 0 0
    outer loop
      vertex -2.5 -32.1608 -17.963
      vertex -2.5 -32.9523 -18.6889
      vertex -2.5 -36.0821 -14.9521
    endloop
  endfacet
  facet normal -1 0 0
    outer loop
      vertex -2.5 -36.0821 -14.9521
      vertex -2.5 -32.9523 -18.6889
      vertex -2.5 -36.7418 -15.5131
    endloop
  endfacet
  facet normal -1 0 0
    outer loop
      vertex -2.5 -32.9523 -18.6889
      vertex -2.5 -33.7745 -19.3801
      vertex -2.5 -36.7418 -15.5131
    endloop
  endfacet
  facet normal -1 0 0
    outer loop
      vertex -2.5 -36.7418 -15.5131
      vertex -2.5 -33.7745 -19.3801
      vertex -2.5 -37.4253 -16.0451
    endloop
  endfacet
  facet normal -1 0 0
    outer loop
      vertex -2.5 -33.7745 -19.3801
      vertex -2.5 -34.6256 -20.035
      vertex -2.5 -37.4253 -16.0451
    endloop
  endfacet
  facet normal -1 0 0
    outer loop
      vertex -2.5 -37.4253 -16.0451
      vertex -2.5 -34.6256 -20.035
      vertex -2.5 -38.1311 -16.5469
    endloop
  endfacet
  facet normal -1 0 0
    outer loop
      vertex -2.5 -34.6256 -20.035
      vertex -2.5 -35.5043 -20.6527
      vertex -2.5 -38.1311 -16.5469
    endloop
  endfacet
  facet normal -1 0 0
    outer loop
      vertex -2.5 -38.1311 -16.5469
      vertex -2.5 -35.5043 -20.6527
      vertex -2.5 -38.8579 -17.0177
    endloop
  endfacet
  facet normal -1 0 0
    outer loop
      vertex -2.5 -35.5043 -20.6527
      vertex -2.5 -36.4088 -21.2318
      vertex -2.5 -38.8579 -17.0177
    endloop
  endfacet
  facet normal -1 0 0
    outer loop
      vertex -2.5 -38.8579 -17.0177
      vertex -2.5 -36.4088 -21.2318
      vertex -2.5 -39.6045 -17.4566
    endloop
  endfacet
  facet normal -1 0 0
    outer loop
      vertex -2.5 -36.4088 -21.2318
      vertex -2.5 -37.3375 -21.7713
      vertex -2.5 -39.6045 -17.4566
    endloop
  endfacet
  facet normal -1 0 0
    outer loop
      vertex -2.5 -39.6045 -17.4566
      vertex -2.5 -37.3375 -21.7713
      vertex -2.5 -40.3694 -17.8628
    endloop
  endfacet
  facet normal -1 0 0
    outer loop
      vertex -2.5 -37.3375 -21.7713
      vertex -2.5 -38.2885 -22.2702
      vertex -2.5 -40.3694 -17.8628
    endloop
  endfacet
  facet normal -1 0 0
    outer loop
      vertex -2.5 -40.3694 -17.8628
      vertex -2.5 -38.2885 -22.2702
      vertex -2.5 -41.1511 -18.2355
    endloop
  endfacet
  facet normal -1 0 0
    outer loop
      vertex -2.5 -38.2885 -22.2702
      vertex -2.5 -39.2603 -22.7276
      vertex -2.5 -41.1511 -18.2355
    endloop
  endfacet
  facet normal -1 0 0
    outer loop
      vertex -2.5 -41.1511 -18.2355
      vertex -2.5 -39.2603 -22.7276
      vertex -2.5 -41.9483 -18.574
    endloop
  endfacet
  facet normal -1 0 0
    outer loop
      vertex -2.5 -39.2603 -22.7276
      vertex -2.5 -40.2509 -23.1427
      vertex -2.5 -41.9483 -18.574
    endloop
  endfacet
  facet normal -1 0 0
    outer loop
      vertex -2.5 -41.9483 -18.574
      vertex -2.5 -40.2509 -23.1427
      vertex -2.5 -42.7593 -18.8777
    endloop
  endfacet
  facet normal -1 0 0
    outer loop
      vertex -2.5 -40.2509 -23.1427
      vertex -2.5 -41.2584 -23.5146
      vertex -2.5 -42.7593 -18.8777
    endloop
  endfacet
  facet normal -1 0 0
    outer loop
      vertex -2.5 -42.7593 -18.8777
      vertex -2.5 -41.2584 -23.5146
      vertex -2.5 -43.5828 -19.1459
    endloop
  endfacet
  facet normal -1 0 0
    outer loop
      vertex -2.5 -41.2584 -23.5146
      vertex -2.5 -42.2811 -23.8426
      vertex -2.5 -43.5828 -19.1459
    endloop
  endfacet
  facet normal -1 0 0
    outer loop
      vertex -2.5 -43.5828 -19.1459
      vertex -2.5 -42.2811 -23.8426
      vertex -2.5 -44.4171 -19.3783
    endloop
  endfacet
  facet normal -1 0 0
    outer loop
      vertex -2.5 -42.2811 -23.8426
      vertex -2.5 -43.317 -24.1262
      vertex -2.5 -44.4171 -19.3783
    endloop
  endfacet
  facet normal -1 0 0
    outer loop
      vertex -2.5 -44.4171 -19.3783
      vertex -2.5 -43.317 -24.1262
      vertex -2.5 -45.2606 -19.5743
    endloop
  endfacet
  facet normal -1 0 0
    outer loop
      vertex -2.5 -43.317 -24.1262
      vertex -2.5 -44.3642 -24.3648
      vertex -2.5 -45.2606 -19.5743
    endloop
  endfacet
  facet normal -1 0 0
    outer loop
      vertex -2.5 -45.2606 -19.5743
      vertex -2.5 -44.3642 -24.3648
      vertex -2.5 -46.1119 -19.7337
    endloop
  endfacet
  facet normal -1 0 0
    outer loop
      vertex -2.5 -44.3642 -24.3648
      vertex -2.5 -45.4207 -24.5579
      vertex -2.5 -46.1119 -19.7337
    endloop
  endfacet
  facet normal -1 0 0
    outer loop
      vertex -2.5 -46.1119 -19.7337
      vertex -2.5 -45.4207 -24.5579
      vertex -2.5 -46.9692 -19.856
    endloop
  endfacet
  facet normal -1 0 0
    outer loop
      vertex -2.5 -45.4207 -24.5579
      vertex -2.5 -46.4845 -24.7053
      vertex -2.5 -46.9692 -19.856
    endloop
  endfacet
  facet normal -1 0 0
    outer loop
      vertex -2.5 -46.9692 -19.856
      vertex -2.5 -46.4845 -24.7053
      vertex -2.5 -47.8311 -19.9411
    endloop
  endfacet
  facet normal -1 0 0
    outer loop
      vertex -2.5 -46.4845 -24.7053
      vertex -2.5 -47.5538 -24.8066
      vertex -2.5 -47.8311 -19.9411
    endloop
  endfacet
  facet normal -1 0 0
    outer loop
      vertex -2.5 -47.8311 -19.9411
      vertex -2.5 -47.5538 -24.8066
      vertex -2.5 -48.6958 -19.9888
    endloop
  endfacet
  facet normal -1 0 0
    outer loop
      vertex -2.5 -47.5538 -24.8066
      vertex -2.5 -48.6264 -24.8617
      vertex -2.5 -48.6958 -19.9888
    endloop
  endfacet
  facet normal -1 0 0
    outer loop
      vertex -2.5 -48.6958 -19.9888
      vertex -2.5 -48.6264 -24.8617
      vertex -2.5 -49.5618 -19.999
    endloop
  endfacet
  facet normal -1 0 0
    outer loop
      vertex -2.5 -48.6264 -24.8617
      vertex -2.5 -49.7003 -24.8704
      vertex -2.5 -49.5618 -19.999
    endloop
  endfacet
  facet normal -1 0 0
    outer loop
      vertex -2.5 -49.5618 -19.999
      vertex -2.5 -49.7003 -24.8704
      vertex -2.5 -50.4274 -19.9718
    endloop
  endfacet
  facet normal -1 0 0
    outer loop
      vertex -2.5 -49.7003 -24.8704
      vertex -2.5 -50.7737 -24.8327
      vertex -2.5 -50.4274 -19.9718
    endloop
  endfacet
  facet normal -1 0 0
    outer loop
      vertex -2.5 -50.4274 -19.9718
      vertex -2.5 -50.7737 -24.8327
      vertex -2.5 -51.291 -19.907
    endloop
  endfacet
  facet normal -1 0 0
    outer loop
      vertex -2.5 -50.7737 -24.8327
      vertex -2.5 -51.8444 -24.7488
      vertex -2.5 -51.291 -19.907
    endloop
  endfacet
  facet normal -1 0 0
    outer loop
      vertex -2.5 -51.291 -19.907
      vertex -2.5 -51.8444 -24.7488
      vertex -2.5 -52.151 -19.805
    endloop
  endfacet
  facet normal -1 0 0
    outer loop
      vertex -2.5 -51.8444 -24.7488
      vertex -2.5 -52.9105 -24.6187
      vertex -2.5 -52.151 -19.805
    endloop
  endfacet
  facet normal -1 0 0
    outer loop
      vertex -2.5 -52.151 -19.805
      vertex -2.5 -52.9105 -24.6187
      vertex -2.5 -53.0058 -19.6658
    endloop
  endfacet
  facet normal -1 0 0
    outer loop
      vertex -2.5 -52.9105 -24.6187
      vertex -2.5 -53.97 -24.4426
      vertex -2.5 -53.0058 -19.6658
    endloop
  endfacet
  facet normal -1 0 0
    outer loop
      vertex -2.5 -53.0058 -19.6658
      vertex -2.5 -53.97 -24.4426
      vertex -2.5 -53.8537 -19.4898
    endloop
  endfacet
  facet normal -1 0 0
    outer loop
      vertex -2.5 -53.97 -24.4426
      vertex -2.5 -55.0209 -24.221
      vertex -2.5 -53.8537 -19.4898
    endloop
  endfacet
  facet normal -1 0 0
    outer loop
      vertex -2.5 -53.8537 -19.4898
      vertex -2.5 -55.0209 -24.221
      vertex -2.5 -54.6932 -19.2772
    endloop
  endfacet
  facet normal -1 0 0
    outer loop
      vertex -2.5 -55.0209 -24.221
      vertex -2.5 -56.0612 -23.9543
      vertex -2.5 -54.6932 -19.2772
    endloop
  endfacet
  facet normal -1 0 0
    outer loop
      vertex -2.5 -54.6932 -19.2772
      vertex -2.5 -56.0612 -23.9543
      vertex -2.5 -55.5228 -19.0284
    endloop
  endfacet
  facet normal -1 0 0
    outer loop
      vertex -2.5 -56.0612 -23.9543
      vertex -2.5 -57.0891 -23.6429
      vertex -2.5 -55.5228 -19.0284
    endloop
  endfacet
  facet normal -1 0 0
    outer loop
      vertex -2.5 -55.5228 -19.0284
      vertex -2.5 -57.0891 -23.6429
      vertex -2.5 -56.3408 -18.744
    endloop
  endfacet
  facet normal -1 0 0
    outer loop
      vertex -2.5 -57.0891 -23.6429
      vertex -2.5 -58.1026 -23.2874
      vertex -2.5 -56.3408 -18.744
    endloop
  endfacet
  facet normal -1 0 0
    outer loop
      vertex -2.5 -56.3408 -18.744
      vertex -2.5 -58.1026 -23.2874
      vertex -2.5 -57.1457 -18.4244
    endloop
  endfacet
  facet normal -1 0 0
    outer loop
      vertex -2.5 -58.1026 -23.2874
      vertex -2.5 -59.0998 -22.8885
      vertex -2.5 -57.1457 -18.4244
    endloop
  endfacet
  facet normal -1 0 0
    outer loop
      vertex -2.5 -57.1457 -18.4244
      vertex -2.5 -59.0998 -22.8885
      vertex -2.5 -57.936 -18.0703
    endloop
  endfacet
  facet normal -1 0 0
    outer loop
      vertex -2.5 -59.0998 -22.8885
      vertex -2.5 -60.0788 -22.4469
      vertex -2.5 -57.936 -18.0703
    endloop
  endfacet
  facet normal -1 0 0
    outer loop
      vertex -2.5 -57.936 -18.0703
      vertex -2.5 -60.0788 -22.4469
      vertex -2.5 -58.7103 -17.6823
    endloop
  endfacet
  facet normal -1 0 0
    outer loop
      vertex -2.5 -60.0788 -22.4469
      vertex -2.5 -61.0378 -21.9634
      vertex -2.5 -58.7103 -17.6823
    endloop
  endfacet
  facet normal -1 0 0
    outer loop
      vertex -2.5 -58.7103 -17.6823
      vertex -2.5 -61.0378 -21.9634
      vertex -2.5 -59.467 -17.2612
    endloop
  endfacet
  facet normal -1 0 0
    outer loop
      vertex -2.5 -61.0378 -21.9634
      vertex -2.5 -61.9751 -21.439
      vertex -2.5 -59.467 -17.2612
    endloop
  endfacet
  facet normal -1 0 0
    outer loop
      vertex -2.5 -59.467 -17.2612
      vertex -2.5 -61.9751 -21.439
      vertex -2.5 -60.2048 -16.8076
    endloop
  endfacet
  facet normal -1 0 0
    outer loop
      vertex -2.5 -61.9751 -21.439
      vertex -2.5 -62.8889 -20.8747
      vertex -2.5 -60.2048 -16.8076
    endloop
  endfacet
  facet normal -1 0 0
    outer loop
      vertex -2.5 -60.2048 -16.8076
      vertex -2.5 -62.8889 -20.8747
      vertex -2.5 -60.9223 -16.3226
    endloop
  endfacet
  facet normal -1 0 0
    outer loop
      vertex -2.5 -62.8889 -20.8747
      vertex -2.5 -63.7775 -20.2714
      vertex -2.5 -60.9223 -16.3226
    endloop
  endfacet
  facet normal -1 0 0
    outer loop
      vertex -2.5 -60.9223 -16.3226
      vertex -2.5 -63.7775 -20.2714
      vertex -2.5 -61.6181 -15.807
    endloop
  endfacet
  facet normal -1 0 0
    outer loop
      vertex -2.5 -63.7775 -20.2714
      vertex -2.5 -64.6391 -19.6303
      vertex -2.5 -61.6181 -15.807
    endloop
  endfacet
  facet normal -1 0 0
    outer loop
      vertex -2.5 -61.6181 -15.807
      vertex -2.5 -64.6391 -19.6303
      vertex -2.5 -62.2909 -15.2617
    endloop
  endfacet
  facet normal -1 0 0
    outer loop
      vertex -2.5 -64.6391 -19.6303
      vertex -2.5 -65.4723 -18.9526
      vertex -2.5 -62.2909 -15.2617
    endloop
  endfacet
  facet normal -1 0 0
    outer loop
      vertex -2.5 -62.2909 -15.2617
      vertex -2.5 -65.4723 -18.9526
      vertex -2.5 -62.9395 -14.6878
    endloop
  endfacet
  facet normal -1 0 0
    outer loop
      vertex -2.5 -65.4723 -18.9526
      vertex -2.5 -66.2755 -18.2395
      vertex -2.5 -62.9395 -14.6878
    endloop
  endfacet
  facet normal -1 0 0
    outer loop
      vertex -2.5 -62.9395 -14.6878
      vertex -2.5 -66.2755 -18.2395
      vertex -2.5 -63.5626 -14.0864
    endloop
  endfacet
  facet normal -1 0 0
    outer loop
      vertex -2.5 -66.2755 -18.2395
      vertex -2.5 -67.0472 -17.4925
      vertex -2.5 -63.5626 -14.0864
    endloop
  endfacet
  facet normal -1 0 0
    outer loop
      vertex -2.5 -63.5626 -14.0864
      vertex -2.5 -67.0472 -17.4925
      vertex -2.5 -64.1591 -13.4585
    endloop
  endfacet
  facet normal -1 0 0
    outer loop
      vertex -2.5 -67.0472 -17.4925
      vertex -2.5 -67.7858 -16.7128
      vertex -2.5 -64.1591 -13.4585
    endloop
  endfacet
  facet normal -1 0 0
    outer loop
      vertex -2.5 -64.1591 -13.4585
      vertex -2.5 -67.7858 -16.7128
      vertex -2.5 -64.7279 -12.8054
    endloop
  endfacet
  facet normal -1 0 0
    outer loop
      vertex -2.5 -67.7858 -16.7128
      vertex -2.5 -68.4902 -15.902
      vertex -2.5 -64.7279 -12.8054
    endloop
  endfacet
  facet normal -1 0 0
    outer loop
      vertex -2.5 -64.7279 -12.8054
      vertex -2.5 -68.4902 -15.902
      vertex -2.5 -65.2679 -12.1283
    endloop
  endfacet
  facet normal -1 0 0
    outer loop
      vertex -2.5 -68.4902 -15.902
      vertex -2.5 -69.1588 -15.0616
      vertex -2.5 -65.2679 -12.1283
    endloop
  endfacet
  facet normal -1 0 0
    outer loop
      vertex -2.5 -65.2679 -12.1283
      vertex -2.5 -69.1588 -15.0616
      vertex -2.5 -65.778 -11.4285
    endloop
  endfacet
  facet normal -1 0 0
    outer loop
      vertex -2.5 -69.1588 -15.0616
      vertex -2.5 -69.7906 -14.193
      vertex -2.5 -65.778 -11.4285
    endloop
  endfacet
  facet normal -1 0 0
    outer loop
      vertex -2.5 -65.778 -11.4285
      vertex -2.5 -69.7906 -14.193
      vertex -2.5 -66.2574 -10.7072
    endloop
  endfacet
  facet normal -1 0 0
    outer loop
      vertex -2.5 -69.7906 -14.193
      vertex -2.5 -70.3842 -13.298
      vertex -2.5 -66.2574 -10.7072
    endloop
  endfacet
  facet normal -1 0 0
    outer loop
      vertex -2.5 -66.2574 -10.7072
      vertex -2.5 -70.3842 -13.298
      vertex -2.5 -66.7051 -9.96589
    endloop
  endfacet
  facet normal -1 0 0
    outer loop
      vertex -2.5 -70.3842 -13.298
      vertex -2.5 -70.9387 -12.3782
      vertex -2.5 -66.7051 -9.96589
    endloop
  endfacet
  facet normal -1 0 0
    outer loop
      vertex -2.5 -66.7051 -9.96589
      vertex -2.5 -70.9387 -12.3782
      vertex -2.5 -67.1203 -9.20586
    endloop
  endfacet
  facet normal -1 0 0
    outer loop
      vertex -2.5 -70.9387 -12.3782
      vertex -2.5 -71.453 -11.4353
      vertex -2.5 -67.1203 -9.20586
    endloop
  endfacet
  facet normal -1 0 0
    outer loop
      vertex -2.5 -67.1203 -9.20586
      vertex -2.5 -71.453 -11.4353
      vertex -2.5 -67.5021 -8.42857
    endloop
  endfacet
  facet normal -1 0 0
    outer loop
      vertex -2.5 -71.453 -11.4353
      vertex -2.5 -71.9261 -10.4711
      vertex -2.5 -67.5021 -8.42857
    endloop
  endfacet
  facet normal -1 0 0
    outer loop
      vertex -2.5 -67.5021 -8.42857
      vertex -2.5 -71.9261 -10.4711
      vertex -2.5 -67.85 -7.63548
    endloop
  endfacet
  facet normal -1 0 0
    outer loop
      vertex -2.5 -71.9261 -10.4711
      vertex -2.5 -72.3571 -9.48736
      vertex -2.5 -67.85 -7.63548
    endloop
  endfacet
  facet normal -1 0 0
    outer loop
      vertex -2.5 -67.85 -7.63548
      vertex -2.5 -72.3571 -9.48736
      vertex -2.5 -68.1633 -6.82807
    endloop
  endfacet
  facet normal -1 0 0
    outer loop
      vertex -2.5 -72.3571 -9.48736
      vertex -2.5 -72.7452 -8.48593
      vertex -2.5 -68.1633 -6.82807
    endloop
  endfacet
  facet normal -1 0 0
    outer loop
      vertex -2.5 -68.1633 -6.82807
      vertex -2.5 -72.7452 -8.48593
      vertex -2.5 -68.4412 -6.00786
    endloop
  endfacet
  facet normal -1 0 0
    outer loop
      vertex -2.5 -72.7452 -8.48593
      vertex -2.5 -73.0898 -7.46869
      vertex -2.5 -68.4412 -6.00786
    endloop
  endfacet
  facet normal -1 0 0
    outer loop
      vertex -2.5 -68.4412 -6.00786
      vertex -2.5 -73.0898 -7.46869
      vertex -2.5 -68.6834 -5.17638
    endloop
  endfacet
  facet normal -1 0 0
    outer loop
      vertex -2.5 -73.0898 -7.46869
      vertex -2.5 -73.3901 -6.43752
      vertex -2.5 -68.6834 -5.17638
    endloop
  endfacet
  facet normal 0 0 -1
    outer loop
      vertex -2.5 -25 -5
      vertex -2.5 -5 -5
      vertex 2.5 -25 -5
    endloop
  endfacet
  facet normal 0 0 -1
    outer loop
      vertex -2.5 -5 -5
      vertex 2.5 -5 -5
      vertex 2.5 -25 -5
    endloop
  endfacet
  facet normal 0 0.975018 -0.222126
    outer loop
      vertex -2.5 -25 -5
      vertex 2.5 -25 -5
      vertex 2.5 -25.2386 -6.04718
    endloop
  endfacet
  facet normal 0 0.975018 -0.222126
    outer loop
      vertex -2.5 -25 -5
      vertex 2.5 -25.2386 -6.04718
      vertex -2.5 -25.2386 -6.04718
    endloop
  endfacet
  facet normal 0 0.96452 -0.264011
    outer loop
      vertex 2.5 -25.2386 -6.04718
      vertex 2.5 -25.5221 -7.08308
      vertex -2.5 -25.2386 -6.04718
    endloop
  endfacet
  facet normal 0 0.96452 -0.264011
    outer loop
      vertex -2.5 -25.2386 -6.04718
      vertex 2.5 -25.5221 -7.08308
      vertex -2.5 -25.5221 -7.08308
    endloop
  endfacet
  facet normal 0 0.952223 -0.305403
    outer loop
      vertex 2.5 -25.5221 -7.08308
      vertex 2.5 -25.8501 -8.10578
      vertex -2.5 -25.5221 -7.08308
    endloop
  endfacet
  facet normal 0 0.952223 -0.305403
    outer loop
      vertex -2.5 -25.5221 -7.08308
      vertex 2.5 -25.8501 -8.10578
      vertex -2.5 -25.8501 -8.10578
    endloop
  endfacet
  facet normal 0 0.93815 -0.346228
    outer loop
      vertex 2.5 -25.8501 -8.10578
      vertex 2.5 -26.222 -9.11336
      vertex -2.5 -25.8501 -8.10578
    endloop
  endfacet
  facet normal 0 0.93815 -0.346228
    outer loop
      vertex -2.5 -25.8501 -8.10578
      vertex 2.5 -26.222 -9.11336
      vertex -2.5 -26.222 -9.11336
    endloop
  endfacet
  facet normal 0 0.92233 -0.386403
    outer loop
      vertex 2.5 -26.222 -9.11336
      vertex 2.5 -26.637 -10.104
      vertex -2.5 -26.222 -9.11336
    endloop
  endfacet
  facet normal 0 0.92233 -0.386403
    outer loop
      vertex -2.5 -26.222 -9.11336
      vertex 2.5 -26.637 -10.104
      vertex -2.5 -26.637 -10.104
    endloop
  endfacet
  facet normal 0 0.904788 -0.425862
    outer loop
      vertex 2.5 -26.637 -10.104
      vertex 2.5 -27.0944 -11.0757
      vertex -2.5 -26.637 -10.104
    endloop
  endfacet
  facet normal 0 0.904788 -0.425862
    outer loop
      vertex -2.5 -26.637 -10.104
      vertex 2.5 -27.0944 -11.0757
      vertex -2.5 -27.0944 -11.0757
    endloop
  endfacet
  facet normal 0 0.88556 -0.464524
    outer loop
      vertex 2.5 -27.0944 -11.0757
      vertex 2.5 -27.5933 -12.0268
      vertex -2.5 -27.0944 -11.0757
    endloop
  endfacet
  facet normal 0 0.88556 -0.464524
    outer loop
      vertex -2.5 -27.0944 -11.0757
      vertex 2.5 -27.5933 -12.0268
      vertex -2.5 -27.5933 -12.0268
    endloop
  endfacet
  facet normal 0 0.864682 -0.50232
    outer loop
      vertex 2.5 -27.5933 -12.0268
      vertex 2.5 -28.1328 -12.9555
      vertex -2.5 -27.5933 -12.0268
    endloop
  endfacet
  facet normal 0 0.864682 -0.50232
    outer loop
      vertex -2.5 -27.5933 -12.0268
      vertex 2.5 -28.1328 -12.9555
      vertex -2.5 -28.1328 -12.9555
    endloop
  endfacet
  facet normal 0 0.84219 -0.539182
    outer loop
      vertex 2.5 -28.1328 -12.9555
      vertex 2.5 -28.7118 -13.86
      vertex -2.5 -28.1328 -12.9555
    endloop
  endfacet
  facet normal 0 0.84219 -0.539182
    outer loop
      vertex -2.5 -28.1328 -12.9555
      vertex 2.5 -28.7118 -13.86
      vertex -2.5 -28.7118 -13.86
    endloop
  endfacet
  facet normal 0 0.818128 -0.575037
    outer loop
      vertex 2.5 -28.7118 -13.86
      vertex 2.5 -29.3294 -14.7387
      vertex -2.5 -28.7118 -13.86
    endloop
  endfacet
  facet normal 0 0.818128 -0.575037
    outer loop
      vertex -2.5 -28.7118 -13.86
      vertex 2.5 -29.3294 -14.7387
      vertex -2.5 -29.3294 -14.7387
    endloop
  endfacet
  facet normal 0 0.792541 -0.609818
    outer loop
      vertex 2.5 -29.3294 -14.7387
      vertex 2.5 -29.9844 -15.5899
      vertex -2.5 -29.3294 -14.7387
    endloop
  endfacet
  facet normal 0 0.792541 -0.609818
    outer loop
      vertex -2.5 -29.3294 -14.7387
      vertex 2.5 -29.9844 -15.5899
      vertex -2.5 -29.9844 -15.5899
    endloop
  endfacet
  facet normal 0 0.765476 -0.643464
    outer loop
      vertex 2.5 -29.9844 -15.5899
      vertex 2.5 -30.6755 -16.412
      vertex -2.5 -29.9844 -15.5899
    endloop
  endfacet
  facet normal 0 0.765476 -0.643464
    outer loop
      vertex -2.5 -29.9844 -15.5899
      vertex 2.5 -30.6755 -16.412
      vertex -2.5 -30.6755 -16.412
    endloop
  endfacet
  facet normal 0 0.736983 -0.675912
    outer loop
      vertex 2.5 -30.6755 -16.412
      vertex 2.5 -31.4014 -17.2035
      vertex -2.5 -30.6755 -16.412
    endloop
  endfacet
  facet normal 0 0.736983 -0.675912
    outer loop
      vertex -2.5 -30.6755 -16.412
      vertex 2.5 -31.4014 -17.2035
      vertex -2.5 -31.4014 -17.2035
    endloop
  endfacet
  facet normal 0 0.707118 -0.707096
    outer loop
      vertex 2.5 -31.4014 -17.2035
      vertex 2.5 -32.1608 -17.963
      vertex -2.5 -31.4014 -17.2035
    endloop
  endfacet
  facet normal 0 0.707118 -0.707096
    outer loop
      vertex -2.5 -31.4014 -17.2035
      vertex 2.5 -32.1608 -17.963
      vertex -2.5 -32.1608 -17.963
    endloop
  endfacet
  facet normal 0 0.675931 -0.736964
    outer loop
      vertex 2.5 -32.1608 -17.963
      vertex 2.5 -32.9523 -18.6889
      vertex -2.5 -32.1608 -17.963
    endloop
  endfacet
  facet normal 0 0.675931 -0.736964
    outer loop
      vertex -2.5 -32.1608 -17.963
      vertex 2.5 -32.9523 -18.6889
      vertex -2.5 -32.9523 -18.6889
    endloop
  endfacet
  facet normal 0 0.643487 -0.765457
    outer loop
      vertex 2.5 -32.9523 -18.6889
      vertex 2.5 -33.7745 -19.3801
      vertex -2.5 -32.9523 -18.6889
    endloop
  endfacet
  facet normal 0 0.643487 -0.765457
    outer loop
      vertex -2.5 -32.9523 -18.6889
      vertex 2.5 -33.7745 -19.3801
      vertex -2.5 -33.7745 -19.3801
    endloop
  endfacet
  facet normal 0 0.609844 -0.792522
    outer loop
      vertex 2.5 -33.7745 -19.3801
      vertex 2.5 -34.6256 -20.035
      vertex -2.5 -33.7745 -19.3801
    endloop
  endfacet
  facet normal 0 0.609844 -0.792522
    outer loop
      vertex -2.5 -33.7745 -19.3801
      vertex 2.5 -34.6256 -20.035
      vertex -2.5 -34.6256 -20.035
    endloop
  endfacet
  facet normal 0 0.57506 -0.818111
    outer loop
      vertex 2.5 -34.6256 -20.035
      vertex 2.5 -35.5043 -20.6527
      vertex -2.5 -34.6256 -20.035
    endloop
  endfacet
  facet normal 0 0.57506 -0.818111
    outer loop
      vertex -2.5 -34.6256 -20.035
      vertex 2.5 -35.5043 -20.6527
      vertex -2.5 -35.5043 -20.6527
    endloop
  endfacet
  facet normal 0 0.539206 -0.842174
    outer loop
      vertex 2.5 -35.5043 -20.6527
      vertex 2.5 -36.4088 -21.2318
      vertex -2.5 -35.5043 -20.6527
    endloop
  endfacet
  facet normal 0 0.539206 -0.842174
    outer loop
      vertex -2.5 -35.5043 -20.6527
      vertex 2.5 -36.4088 -21.2318
      vertex -2.5 -36.4088 -21.2318
    endloop
  endfacet
  facet normal 0 0.502348 -0.864666
    outer loop
      vertex 2.5 -36.4088 -21.2318
      vertex 2.5 -37.3375 -21.7713
      vertex -2.5 -36.4088 -21.2318
    endloop
  endfacet
  facet normal 0 0.502348 -0.864666
    outer loop
      vertex -2.5 -36.4088 -21.2318
      vertex 2.5 -37.3375 -21.7713
      vertex -2.5 -37.3375 -21.7713
    endloop
  endfacet
  facet normal 0 0.464551 -0.885547
    outer loop
      vertex 2.5 -37.3375 -21.7713
      vertex 2.5 -38.2885 -22.2702
      vertex -2.5 -37.3375 -21.7713
    endloop
  endfacet
  facet normal 0 0.464551 -0.885547
    outer loop
      vertex -2.5 -37.3375 -21.7713
      vertex 2.5 -38.2885 -22.2702
      vertex -2.5 -38.2885 -22.2702
    endloop
  endfacet
  facet normal 0 0.425888 -0.904776
    outer loop
      vertex 2.5 -38.2885 -22.2702
      vertex 2.5 -39.2603 -22.7276
      vertex -2.5 -38.2885 -22.2702
    endloop
  endfacet
  facet normal 0 0.425888 -0.904776
    outer loop
      vertex -2.5 -38.2885 -22.2702
      vertex 2.5 -39.2603 -22.7276
      vertex -2.5 -39.2603 -22.7276
    endloop
  endfacet
  facet normal 0 0.386432 -0.922318
    outer loop
      vertex 2.5 -39.2603 -22.7276
      vertex 2.5 -40.2509 -23.1427
      vertex -2.5 -39.2603 -22.7276
    endloop
  endfacet
  facet normal 0 0.386432 -0.922318
    outer loop
      vertex -2.5 -39.2603 -22.7276
      vertex 2.5 -40.2509 -23.1427
      vertex -2.5 -40.2509 -23.1427
    endloop
  endfacet
  facet normal 0 0.346255 -0.938141
    outer loop
      vertex 2.5 -40.2509 -23.1427
      vertex 2.5 -41.2584 -23.5146
      vertex -2.5 -40.2509 -23.1427
    endloop
  endfacet
  facet normal 0 0.346255 -0.938141
    outer loop
      vertex -2.5 -40.2509 -23.1427
      vertex 2.5 -41.2584 -23.5146
      vertex -2.5 -41.2584 -23.5146
    endloop
  endfacet
  facet normal 0 0.305432 -0.952214
    outer loop
      vertex 2.5 -41.2584 -23.5146
      vertex 2.5 -42.2811 -23.8426
      vertex -2.5 -41.2584 -23.5146
    endloop
  endfacet
  facet normal 0 0.305432 -0.952214
    outer loop
      vertex -2.5 -41.2584 -23.5146
      vertex 2.5 -42.2811 -23.8426
      vertex -2.5 -42.2811 -23.8426
    endloop
  endfacet
  facet normal 0 0.26404 -0.964512
    outer loop
      vertex 2.5 -42.2811 -23.8426
      vertex 2.5 -43.317 -24.1262
      vertex -2.5 -42.2811 -23.8426
    endloop
  endfacet
  facet normal 0 0.26404 -0.964512
    outer loop
      vertex -2.5 -42.2811 -23.8426
      vertex 2.5 -43.317 -24.1262
      vertex -2.5 -43.317 -24.1262
    endloop
  endfacet
  facet normal 0 0.222156 -0.975011
    outer loop
      vertex 2.5 -43.317 -24.1262
      vertex 2.5 -44.3642 -24.3648
      vertex -2.5 -43.317 -24.1262
    endloop
  endfacet
  facet normal 0 0.222156 -0.975011
    outer loop
      vertex -2.5 -43.317 -24.1262
      vertex 2.5 -44.3642 -24.3648
      vertex -2.5 -44.3642 -24.3648
    endloop
  endfacet
  facet normal 0 0.179856 -0.983693
    outer loop
      vertex 2.5 -44.3642 -24.3648
      vertex 2.5 -45.4207 -24.5579
      vertex -2.5 -44.3642 -24.3648
    endloop
  endfacet
  facet normal 0 0.179856 -0.983693
    outer loop
      vertex -2.5 -44.3642 -24.3648
      vertex 2.5 -45.4207 -24.5579
      vertex -2.5 -45.4207 -24.5579
    endloop
  endfacet
  facet normal 0 0.137224 -0.99054
    outer loop
      vertex 2.5 -45.4207 -24.5579
      vertex 2.5 -46.4845 -24.7053
      vertex -2.5 -45.4207 -24.5579
    endloop
  endfacet
  facet normal 0 0.137224 -0.99054
    outer loop
      vertex -2.5 -45.4207 -24.5579
      vertex 2.5 -46.4845 -24.7053
      vertex -2.5 -46.4845 -24.7053
    endloop
  endfacet
  facet normal 0 0.0943332 -0.995541
    outer loop
      vertex 2.5 -46.4845 -24.7053
      vertex 2.5 -47.5538 -24.8066
      vertex -2.5 -46.4845 -24.7053
    endloop
  endfacet
  facet normal 0 0.0943332 -0.995541
    outer loop
      vertex -2.5 -46.4845 -24.7053
      vertex 2.5 -47.5538 -24.8066
      vertex -2.5 -47.5538 -24.8066
    endloop
  endfacet
  facet normal 0 0.0512674 -0.998685
    outer loop
      vertex 2.5 -47.5538 -24.8066
      vertex 2.5 -48.6264 -24.8617
      vertex -2.5 -47.5538 -24.8066
    endloop
  endfacet
  facet normal 0 0.0512674 -0.998685
    outer loop
      vertex -2.5 -47.5538 -24.8066
      vertex 2.5 -48.6264 -24.8617
      vertex -2.5 -48.6264 -24.8617
    endloop
  endfacet
  facet normal 0 0.00810607 -0.999967
    outer loop
      vertex 2.5 -48.6264 -24.8617
      vertex 2.5 -49.7003 -24.8704
      vertex -2.5 -48.6264 -24.8617
    endloop
  endfacet
  facet normal 0 0.00810607 -0.999967
    outer loop
      vertex -2.5 -48.6264 -24.8617
      vertex 2.5 -49.7003 -24.8704
      vertex -2.5 -49.7003 -24.8704
    endloop
  endfacet
  facet normal 0 -0.0350708 -0.999385
    outer loop
      vertex 2.5 -49.7003 -24.8704
      vertex 2.5 -50.7737 -24.8327
      vertex -2.5 -49.7003 -24.8704
    endloop
  endfacet
  facet normal 0 -0.0350708 -0.999385
    outer loop
      vertex -2.5 -49.7003 -24.8704
      vertex 2.5 -50.7737 -24.8327
      vertex -2.5 -50.7737 -24.8327
    endloop
  endfacet
  facet normal 0 -0.0781801 -0.996939
    outer loop
      vertex 2.5 -50.7737 -24.8327
      vertex 2.5 -51.8444 -24.7488
      vertex -2.5 -50.7737 -24.8327
    endloop
  endfacet
  facet normal 0 -0.0781801 -0.996939
    outer loop
      vertex -2.5 -50.7737 -24.8327
      vertex 2.5 -51.8444 -24.7488
      vertex -2.5 -51.8444 -24.7488
    endloop
  endfacet
  facet normal 0 -0.121147 -0.992635
    outer loop
      vertex 2.5 -51.8444 -24.7488
      vertex 2.5 -52.9105 -24.6187
      vertex -2.5 -51.8444 -24.7488
    endloop
  endfacet
  facet normal 0 -0.121147 -0.992635
    outer loop
      vertex -2.5 -51.8444 -24.7488
      vertex 2.5 -52.9105 -24.6187
      vertex -2.5 -52.9105 -24.6187
    endloop
  endfacet
  facet normal 0 -0.163887 -0.986479
    outer loop
      vertex 2.5 -52.9105 -24.6187
      vertex 2.5 -53.97 -24.4426
      vertex -2.5 -52.9105 -24.6187
    endloop
  endfacet
  facet normal 0 -0.163887 -0.986479
    outer loop
      vertex -2.5 -52.9105 -24.6187
      vertex 2.5 -53.97 -24.4426
      vertex -2.5 -53.97 -24.4426
    endloop
  endfacet
  facet normal 0 -0.20632 -0.978485
    outer loop
      vertex 2.5 -53.97 -24.4426
      vertex 2.5 -55.0209 -24.221
      vertex -2.5 -53.97 -24.4426
    endloop
  endfacet
  facet normal 0 -0.20632 -0.978485
    outer loop
      vertex -2.5 -53.97 -24.4426
      vertex 2.5 -55.0209 -24.221
      vertex -2.5 -55.0209 -24.221
    endloop
  endfacet
  facet normal 0 -0.248367 -0.968666
    outer loop
      vertex 2.5 -55.0209 -24.221
      vertex 2.5 -56.0612 -23.9543
      vertex -2.5 -55.0209 -24.221
    endloop
  endfacet
  facet normal 0 -0.248367 -0.968666
    outer loop
      vertex -2.5 -55.0209 -24.221
      vertex 2.5 -56.0612 -23.9543
      vertex -2.5 -56.0612 -23.9543
    endloop
  endfacet
  facet normal 0 -0.289956 -0.95704
    outer loop
      vertex 2.5 -56.0612 -23.9543
      vertex 2.5 -57.0891 -23.6429
      vertex -2.5 -56.0612 -23.9543
    endloop
  endfacet
  facet normal 0 -0.289956 -0.95704
    outer loop
      vertex -2.5 -56.0612 -23.9543
      vertex 2.5 -57.0891 -23.6429
      vertex -2.5 -57.0891 -23.6429
    endloop
  endfacet
  facet normal 0 -0.331 -0.943631
    outer loop
      vertex 2.5 -57.0891 -23.6429
      vertex 2.5 -58.1026 -23.2874
      vertex -2.5 -57.0891 -23.6429
    endloop
  endfacet
  facet normal 0 -0.331 -0.943631
    outer loop
      vertex -2.5 -57.0891 -23.6429
      vertex 2.5 -58.1026 -23.2874
      vertex -2.5 -58.1026 -23.2874
    endloop
  endfacet
  facet normal 0 -0.371427 -0.928462
    outer loop
      vertex 2.5 -58.1026 -23.2874
      vertex 2.5 -59.0998 -22.8885
      vertex -2.5 -58.1026 -23.2874
    endloop
  endfacet
  facet normal 0 -0.371427 -0.928462
    outer loop
      vertex -2.5 -58.1026 -23.2874
      vertex 2.5 -59.0998 -22.8885
      vertex -2.5 -59.0998 -22.8885
    endloop
  endfacet
  facet normal 0 -0.411166 -0.911561
    outer loop
      vertex 2.5 -59.0998 -22.8885
      vertex 2.5 -60.0788 -22.4469
      vertex -2.5 -59.0998 -22.8885
    endloop
  endfacet
  facet normal 0 -0.411166 -0.911561
    outer loop
      vertex -2.5 -59.0998 -22.8885
      vertex 2.5 -60.0788 -22.4469
      vertex -2.5 -60.0788 -22.4469
    endloop
  endfacet
  facet normal 0 -0.450133 -0.892961
    outer loop
      vertex 2.5 -60.0788 -22.4469
      vertex 2.5 -61.0378 -21.9634
      vertex -2.5 -60.0788 -22.4469
    endloop
  endfacet
  facet normal 0 -0.450133 -0.892961
    outer loop
      vertex -2.5 -60.0788 -22.4469
      vertex 2.5 -61.0378 -21.9634
      vertex -2.5 -61.0378 -21.9634
    endloop
  endfacet
  facet normal 0 -0.488263 -0.872697
    outer loop
      vertex 2.5 -61.0378 -21.9634
      vertex 2.5 -61.9751 -21.439
      vertex -2.5 -61.0378 -21.9634
    endloop
  endfacet
  facet normal 0 -0.488263 -0.872697
    outer loop
      vertex -2.5 -61.0378 -21.9634
      vertex 2.5 -61.9751 -21.439
      vertex -2.5 -61.9751 -21.439
    endloop
  endfacet
  facet normal 0 -0.525483 -0.850804
    outer loop
      vertex 2.5 -61.9751 -21.439
      vertex 2.5 -62.8889 -20.8747
      vertex -2.5 -61.9751 -21.439
    endloop
  endfacet
  facet normal 0 -0.525483 -0.850804
    outer loop
      vertex -2.5 -61.9751 -21.439
      vertex 2.5 -62.8889 -20.8747
      vertex -2.5 -62.8889 -20.8747
    endloop
  endfacet
  facet normal 0 -0.561723 -0.827326
    outer loop
      vertex 2.5 -62.8889 -20.8747
      vertex 2.5 -63.7775 -20.2714
      vertex -2.5 -62.8889 -20.8747
    endloop
  endfacet
  facet normal 0 -0.561723 -0.827326
    outer loop
      vertex -2.5 -62.8889 -20.8747
      vertex 2.5 -63.7775 -20.2714
      vertex -2.5 -63.7775 -20.2714
    endloop
  endfacet
  facet normal 0 -0.596912 -0.802307
    outer loop
      vertex 2.5 -63.7775 -20.2714
      vertex 2.5 -64.6391 -19.6303
      vertex -2.5 -63.7775 -20.2714
    endloop
  endfacet
  facet normal 0 -0.596912 -0.802307
    outer loop
      vertex -2.5 -63.7775 -20.2714
      vertex 2.5 -64.6391 -19.6303
      vertex -2.5 -64.6391 -19.6303
    endloop
  endfacet
  facet normal 0 -0.630995 -0.775787
    outer loop
      vertex 2.5 -64.6391 -19.6303
      vertex 2.5 -65.4723 -18.9526
      vertex -2.5 -64.6391 -19.6303
    endloop
  endfacet
  facet normal 0 -0.630995 -0.775787
    outer loop
      vertex -2.5 -64.6391 -19.6303
      vertex 2.5 -65.4723 -18.9526
      vertex -2.5 -65.4723 -18.9526
    endloop
  endfacet
  facet normal 0 -0.663896 -0.747825
    outer loop
      vertex 2.5 -65.4723 -18.9526
      vertex 2.5 -66.2755 -18.2395
      vertex -2.5 -65.4723 -18.9526
    endloop
  endfacet
  facet normal 0 -0.663896 -0.747825
    outer loop
      vertex -2.5 -65.4723 -18.9526
      vertex 2.5 -66.2755 -18.2395
      vertex -2.5 -66.2755 -18.2395
    endloop
  endfacet
  facet normal 0 -0.695561 -0.718467
    outer loop
      vertex 2.5 -66.2755 -18.2395
      vertex 2.5 -67.0472 -17.4925
      vertex -2.5 -66.2755 -18.2395
    endloop
  endfacet
  facet normal 0 -0.695561 -0.718467
    outer loop
      vertex -2.5 -66.2755 -18.2395
      vertex 2.5 -67.0472 -17.4925
      vertex -2.5 -67.0472 -17.4925
    endloop
  endfacet
  facet normal 0 -0.725928 -0.68777
    outer loop
      vertex 2.5 -67.0472 -17.4925
      vertex 2.5 -67.7858 -16.7128
      vertex -2.5 -67.0472 -17.4925
    endloop
  endfacet
  facet normal 0 -0.725928 -0.68777
    outer loop
      vertex -2.5 -67.0472 -17.4925
      vertex 2.5 -67.7858 -16.7128
      vertex -2.5 -67.7858 -16.7128
    endloop
  endfacet
  facet normal 0 -0.754944 -0.655789
    outer loop
      vertex 2.5 -67.7858 -16.7128
      vertex 2.5 -68.4902 -15.902
      vertex -2.5 -67.7858 -16.7128
    endloop
  endfacet
  facet normal 0 -0.754944 -0.655789
    outer loop
      vertex -2.5 -67.7858 -16.7128
      vertex 2.5 -68.4902 -15.902
      vertex -2.5 -68.4902 -15.902
    endloop
  endfacet
  facet normal 0 -0.782549 -0.622589
    outer loop
      vertex 2.5 -68.4902 -15.902
      vertex 2.5 -69.1588 -15.0616
      vertex -2.5 -68.4902 -15.902
    endloop
  endfacet
  facet normal 0 -0.782549 -0.622589
    outer loop
      vertex -2.5 -68.4902 -15.902
      vertex 2.5 -69.1588 -15.0616
      vertex -2.5 -69.1588 -15.0616
    endloop
  endfacet
  facet normal 0 -0.808699 -0.588223
    outer loop
      vertex 2.5 -69.1588 -15.0616
      vertex 2.5 -69.7906 -14.193
      vertex -2.5 -69.1588 -15.0616
    endloop
  endfacet
  facet normal 0 -0.808699 -0.588223
    outer loop
      vertex -2.5 -69.1588 -15.0616
      vertex 2.5 -69.7906 -14.193
      vertex -2.5 -69.7906 -14.193
    endloop
  endfacet
  facet normal 0 -0.83334 -0.552761
    outer loop
      vertex 2.5 -69.7906 -14.193
      vertex 2.5 -70.3842 -13.298
      vertex -2.5 -69.7906 -14.193
    endloop
  endfacet
  facet normal 0 -0.83334 -0.552761
    outer loop
      vertex -2.5 -69.7906 -14.193
      vertex 2.5 -70.3842 -13.298
      vertex -2.5 -70.3842 -13.298
    endloop
  endfacet
  facet normal 0 -0.856422 -0.516276
    outer loop
      vertex 2.5 -70.3842 -13.298
      vertex 2.5 -70.9387 -12.3782
      vertex -2.5 -70.3842 -13.298
    endloop
  endfacet
  facet normal 0 -0.856422 -0.516276
    outer loop
      vertex -2.5 -70.3842 -13.298
      vertex 2.5 -70.9387 -12.3782
      vertex -2.5 -70.9387 -12.3782
    endloop
  endfacet
  facet normal 0 -0.877915 -0.478817
    outer loop
      vertex 2.5 -70.9387 -12.3782
      vertex 2.5 -71.453 -11.4353
      vertex -2.5 -70.9387 -12.3782
    endloop
  endfacet
  facet normal 0 -0.877915 -0.478817
    outer loop
      vertex -2.5 -70.9387 -12.3782
      vertex 2.5 -71.453 -11.4353
      vertex -2.5 -71.453 -11.4353
    endloop
  endfacet
  facet normal 0 -0.897765 -0.440475
    outer loop
      vertex 2.5 -71.453 -11.4353
      vertex 2.5 -71.9261 -10.4711
      vertex -2.5 -71.453 -11.4353
    endloop
  endfacet
  facet normal 0 -0.897765 -0.440475
    outer loop
      vertex -2.5 -71.453 -11.4353
      vertex 2.5 -71.9261 -10.4711
      vertex -2.5 -71.9261 -10.4711
    endloop
  endfacet
  facet normal 0 -0.915943 -0.401307
    outer loop
      vertex 2.5 -71.9261 -10.4711
      vertex 2.5 -72.3571 -9.48736
      vertex -2.5 -71.9261 -10.4711
    endloop
  endfacet
  facet normal 0 -0.915943 -0.401307
    outer loop
      vertex -2.5 -71.9261 -10.4711
      vertex 2.5 -72.3571 -9.48736
      vertex -2.5 -72.3571 -9.48736
    endloop
  endfacet
  facet normal 0 -0.932414 -0.361391
    outer loop
      vertex 2.5 -72.3571 -9.48736
      vertex 2.5 -72.7452 -8.48593
      vertex -2.5 -72.3571 -9.48736
    endloop
  endfacet
  facet normal 0 -0.932414 -0.361391
    outer loop
      vertex -2.5 -72.3571 -9.48736
      vertex 2.5 -72.7452 -8.48593
      vertex -2.5 -72.7452 -8.48593
    endloop
  endfacet
  facet normal 0 -0.947146 -0.320802
    outer loop
      vertex 2.5 -72.7452 -8.48593
      vertex 2.5 -73.0898 -7.46869
      vertex -2.5 -72.7452 -8.48593
    endloop
  endfacet
  facet normal 0 -0.947146 -0.320802
    outer loop
      vertex -2.5 -72.7452 -8.48593
      vertex 2.5 -73.0898 -7.46869
      vertex -2.5 -73.0898 -7.46869
    endloop
  endfacet
  facet normal 0 -0.960114 -0.279609
    outer loop
      vertex 2.5 -73.0898 -7.46869
      vertex 2.5 -73.3901 -6.43752
      vertex -2.5 -73.0898 -7.46869
    endloop
  endfacet
  facet normal 0 -0.960114 -0.279609
    outer loop
      vertex -2.5 -73.0898 -7.46869
      vertex 2.5 -73.3901 -6.43752
      vertex -2.5 -73.3901 -6.43752
    endloop
  endfacet
endsolid Mesh
